Time_submitted,text,rating,Total_thumbsup,Reply,sentiment,text_length,word_count,text_clean
2022-06-28 00:12:53,I can't open the app. It's stuck on the start-up screen(or logo screen). I've installed and uninstalled the app a few times already and it still won't budge.,1,1,,0,157,28,not open app stuck startup screenor logo screen ve instal uninstalle app time will not budge
2022-06-26 14:30:36,The play list created is fantastic. I really enjoy using Spotify,5,0,,1,64,11,play list create fantastic enjoy spotify
2022-06-13 16:43:32,Music + podcast = good combo. Downside is sometimes I want music videos too,4,0,,1,75,14,music podcast good combo downside want music video
2022-06-09 01:01:31,Widget is back! Thank you,4,2,,1,25,5,widget thank
2022-06-09 15:22:57,"You may still get ads with a premium account. My downloaded songs cut in and out. The pause play button doesn't always pop up when a song is selected, even after restarting the app.",1,0,,0,181,34,ad premium account download song cut pause play button not pop song select restart app
2022-06-24 17:13:38,Brilliant. All my music in 1 place all the time with me... what more do you want....,5,0,,1,84,17,brilliant music place time want
2022-07-03 19:52:22,"Music, music and more music. Access possibly the most complete library of recordings known to mankind, with Spotify.",4,0,,1,116,18,music music music access possibly complete library recording know mankind spotify
2022-06-27 00:20:17,"The best current music experience, across all platforms. I have only had a positive experience with the app, and it seems to always be improving.",5,0,,1,145,25,good current music experience platform positive experience app improve
2022-06-07 11:07:13,Can't play music can't download,1,1,,0,31,5,not play music not download
2022-07-01 21:07:27,"Spotify rocks. I use premium and it's elite, love it more than Pandora for sure. Spotify makes it easy to listen to what you love and helps you explore! My music has expanded a lot thanks to Spotify. 10/10 would recommend.",5,0,,1,222,41,spotify rock use premium elite love pandora sure spotify make easy listen love help explore music expand lot thank spotify 1010 recommend
2022-06-08 05:50:49,"Love this app, gives me a wide variety of music genres and artists that I enjoy listening to.",5,0,,1,93,18,love app give wide variety music genre artist enjoy listen
2022-06-16 19:05:40,Great! So easy to navigate and select the music you want,5,0,,1,56,11,great easy navigate select music want
2022-06-05 17:20:27,Premium option is the best. Especially if you're like me from the older generation.,5,0,,1,83,14,premium option good especially like old generation
2022-06-11 20:30:45,Great way to listen to podcasts,5,0,,1,31,6,great way listen podcast
2022-07-01 10:47:47,"Just buy premium and deal with it. I use spotify on my pc, xbox, and phone. Smooth app overall and the playlist creation is straight forward and much appreciated.",5,3,,1,162,29,buy premium deal use spotify pc xbox phone smooth app overall playlist creation straight forward appreciate
2022-06-01 08:35:40,Best app yet. But there are too many ads :'),5,2,,1,44,10,good app ad
2022-06-23 10:39:43,Always has what I am looking for.,5,0,,1,33,7,look
2022-07-03 03:50:37,Hey there . I am daily listener of Spotify.And I also want a primium subscribtion. So I request you to add a reedeem gift code payment method to primium plan. Thanku.,1,0,,0,166,31,hey daily listener spotifyand want primium subscribtion request add reedeem gift code payment method primium plan thanku
2022-06-27 18:27:30,Good music and podcasts. Easy to access and use.,5,0,,1,48,9,good music podcast easy access use
2022-06-22 16:26:13,"It's a brilliant app for streaming musics, listening to songs, podcasts and audiobooks, stories etc..",5,0,,1,101,15,brilliant app stream music listen song podcast audiobook story etc
2022-05-30 15:48:43,I cant play music without spotify crashing withon 1 minute of use,1,0,,0,65,12,not play music spotify crash withon minute use
2022-06-21 02:20:37,It's almost perfect! I wish the play next button has crossfade mixing effect too. I'd love that feature.,5,0,,1,104,18,perfect wish play button crossfade mix effect love feature
2022-07-01 05:08:55,best music app hands down!,5,0,,1,26,5,good music app hand
2022-06-20 14:50:04,Superb app very less ads i am happy 👍✌️,5,0,,1,39,9,superb app ad happy
2022-06-17 11:10:54,"The bloody autoplay feature just won't stop! It keeps playing random songs I don't like and didn't even added to the Playlist despite disabling it in the settings. After playing those annoying songs, ads roll in that lasts for like a minute or so. Instead of putting me in a good mood, it did the exact opposite. Don't use this app unless you have the budget for premium subscription. LISTENING MUSIC ON YOUTUBE IS WAY BETTER THAN AN APP LITERALLY CREATED FOR LISTENING MUSIC.",2,0,,0,476,84,bloody autoplay feature will not stop keep play random song not like not add playlist despite disable setting play annoying song ad roll last like minute instead put good mood exact opposite not use app budget premium subscription listening music youtube way well app literally create listen music
2022-07-07 11:16:22,"I don't see the control screen for podcasts anymore. It keeps playing in the background and there's absolutely no way to even pause or stop it other than force closing the app. This wasn't the case until today (July 07, 2022).",1,2,,0,226,41,not control screen podcast anymore keep play background absolutely way pause stop force close app not case today july 07 2022
2022-06-27 12:27:40,"Hi. Just wanted to say I love the app. But, today I got a new device and tried to transfer everything. When it came to my spotify I can't get my paid membership. Wha can I do about this? Thanks",4,0,,1,193,40,hi want love app today get new device try transfer come spotify not pay membership wha thank
2022-06-14 03:27:27,Awesome music and playlist Variety of artists and genres,5,0,,1,56,9,awesome music playlist variety artist genre
2022-06-16 01:41:34,Biggest issue is I cannot reorder playlists manually or make folders in app. Other than that the app is fine. Something I'd love to have in app is though is the ability to set alarms and have them point to a specific song or playlist. There are alarm apps that sync to Spotify but none match the want/need that I have.,4,21,,1,318,61,big issue reorder playlist manually folder app app fine love app ability set alarm point specific song playlist alarm app sync spotify match wantneed
2022-06-21 02:21:57,I'm a dj and like the music updates and jamming to my Playlist in the car,5,0,,1,73,16,dj like music update jam playlist car
2022-06-08 06:52:18,Update - Spotify is back working fine! Old news - Been Subscribed to Spotify for a long time now but the latest update doesn't allow the app to work. Continuous to crash upon opening. Hoping for a solution soon. Thank you.,5,0,,1,222,41,update spotify work fine old news subscribe spotify long time late update not allow app work continuous crash opening hop solution soon thank
2022-06-27 17:41:56,"Great app, you can find eny song and good quality 👌",5,0,,1,51,11,great app find eny song good quality
2022-06-30 15:24:44,Best songs quality and very easy to use . 😊😊,5,0,,1,44,10,good song quality easy use
2022-06-17 17:49:20,"I honestly don't care what people say about Spotify, I mean a lot of people now hate Spotify and rather listen to songs on YouTube instead. It's most likely because you have to skip songs just to listen to the song that you want, but like if you hate or don't like Spotify than you're just something else (impatient is what you are) any have a good day and don't go on TIKTOK. I'll leave a 5 star review on TIKTOK check bit out.",5,0,,1,428,84,honestly not care people spotify mean lot people hate spotify listen song youtube instead likely skip song listen song want like hate not like spotify impatient good day not tiktok ill leave star review tiktok check bit
2022-05-30 16:22:28,Used to be better. Now I'm getting 2 ads per song back to back alot... Like alot. Also the intuitive selections seems not that intuitive.,2,0,,0,137,25,well get ad song alot like alot intuitive selection intuitive
2022-07-07 17:37:35,Best music app so far,5,0,,1,21,5,good music app far
2022-06-01 15:55:03,Stop adding songs to my playlist,1,0,,0,32,6,stop add song playlist
2022-06-09 00:07:34,It runs will just skip podcast while in the middle of listening and no 30 second preview when adding to Playlist. The app is getting worse with each update. I will be back in a month or 2 to change it to 1 star shortly.,2,0,,0,219,45,run skip podcast middle listening 30 second preview add playlist app get bad update month change star shortly
2022-06-14 22:21:21,"Choice spot on. Ads are a bind but the nature of things, do not overload!!",4,0,,1,74,15,choice spot ad bind nature thing overload
2022-06-13 22:39:17,Plays Radom songs that aren't on your playlist and waitt wait it dose that after making you wait thro 10 ads it's so annoying,1,1,,0,125,24,play radom song not playlist waitt wait dose make wait thro 10 ad annoying
2022-07-06 09:13:07,"Spotify is literally the worst platform you could use to listen to podcasts. They insert ads that aren't associated with the podcast makers and it makes podcasts sound disjointed. Premium doesn't even help in that regard. Some podcast episodes are also missing random 20 second snippets of audio, which aren't missing on other platforms so this is on Spotify's end. Most likely some kind of bug related to the aforementioned ads inserted into episodes by Spotify themselves.",1,1,,0,474,77,spotify literally bad platform use listen podcast insert ad not associate podcast maker make podcast sound disjointed premium not help regard podcast episode miss random 20 second snippet audio not miss platform spotifys end likely kind bug relate aforementioned ad insert episode spotify
2022-06-02 14:30:44,I Have my own Spotify play listo but it doesn't play those songs,2,0,,0,64,13,spotify play listo not play song
2022-05-31 05:36:45,5 stars until you removed the android widget!!! It was the only way I interacted with Spotify now I have to go in through menus etc to use it. Why? What harm was it doing?,1,0,,0,171,35,star remove android widget way interact spotify menus etc use harm
2022-07-03 21:27:12,Wont let me skip or turn off shuffle spotify isnt bad but spotify mobile is horrible.,1,1,,0,85,16,will not let skip turn shuffle spotify not bad spotify mobile horrible
2022-06-01 20:48:01,08/03/2022: Bug occurred. This has now been fixed. 23/09/2019: The only music app I use! Spotify is bae ❤️,5,0,,1,106,19,08032022 bug occur fix 23092019 music app use spotify bae
2022-06-21 03:45:53,A big tease. I don't recommend. Way too frustrating to listen to a specific song after 'liking' it.,1,0,,0,99,18,big tease not recommend way frustrating listen specific song like
2022-06-09 15:15:13,"Why is everything so zoomed in now? It makes it much harder to use. Also, Spotify is recognizing audio files on my phone despite it not having permission to look at my files.",1,0,,0,174,33,zoom make hard use spotify recognize audio file phone despite have permission look file
2022-06-01 03:14:19,"The new version (8.7.34.1317) fix my problem, now i can enjoy play music again, spotify is my fav music player right now Good job dev, thanks.",5,3,,1,142,26,new version 87341317 fix problem enjoy play music spotify fav music player right good job dev thank
2022-06-08 19:20:46,Constantly crashes. Can't listen to more than 5 minutes without having to reopen and load again.,1,0,,0,96,16,constantly crash not listen minute have reopen load
2022-06-20 06:05:16,Good app but glitchy sometimes but generally good.,5,0,,1,50,8,good app glitchy generally good
2022-06-06 13:24:27,"Yeah, its a good app i usually love it but there are some features u should add on and don't keep to much adds as a free version user its a very good experience with this app love it :)",4,0,,1,185,40,yeah good app usually love feature add not add free version user good experience app love
2022-06-29 14:20:59,World best music player 👍👍👌👌👌👍👍👍👍👍👌👌👌❤❤❤❤❤❤❤❤lovely app for music,5,0,,1,65,8,world good music player lovely app music
2022-07-08 03:20:11,"Overall, a great application for listening to music 10/10 for that. However the app has some bugs sooo uhhh yeah, I can't even open the app anymore without being stuck on the logo sooo you guys lose points there. 8/10 would recommend.",4,0,,1,234,42,overall great application listen music 1010 app bug sooo uhhh yeah not open app anymore stick logo sooo guy lose point 810 recommend
2022-06-14 15:33:00,Difficult to access on a second device,5,0,,1,38,7,difficult access second device
2022-06-18 15:33:18,It's the best music platform I have ever seen even you can listen the song in your playlist even tho when your one day data plan is over and that also kpop pop and many more that you keep in your playlist I love this but the thing is that I am facing some problem to set ringtone with it but it's ok,5,0,,1,299,63,good music platform see listen song playlist tho day datum plan kpop pop playlist love thing face problem set ringtone ok
2022-06-28 03:21:37,"This app is 100% one that I cannot live without on my phone. If you have premium, your experience is highly enhanced and refined to your tastes. This is my favorite music app.",5,0,,1,175,33,app 100 live phone premium experience highly enhanced refine taste favorite music app
2022-06-02 20:17:36,"For whatever the reason, my layout is completely messed up. You know when you listen to a song and the pause button is in the middle surrounded by previous and next? Well not for me. And I have no idea why it is like that. I tried logging out and in and it goes back to normal but the moment I exit the app it messes up again.",4,5,,1,326,68,reason layout completely mess know listen song pause button middle surround previous idea like try log go normal moment exit app mess
2022-07-08 21:29:03,Great app.too many commercials,5,0,,1,30,4,great apptoo commercial
2022-07-08 13:50:13,Still garbage. If I wasn't so deep into creating my library using Spotify I would use a different app. Constantly have to redownload everything for absolutely no discernable reason. App closed and reopened? Guess you're downloading your entire library for the third time this week.,1,7,,0,281,45,garbage not deep create library spotify use different app constantly redownload absolutely discernable reason app close reopen guess download entire library time week
2022-06-13 11:07:56,Downloaded song not play without internet. Very disappointed by this app. This is my first experience in spotify which is very bad.,1,0,,0,131,22,download song play internet disappointed app experience spotify bad
2022-06-16 12:29:47,"The phone app continues to crash when loading the feed and when starting a podcast. ""Turning it off and on again,"" is not a solution for a company that has the resources to secure exclusivity contracts of the largest names in the podcast space. Fix the software. The smart TV app is even more disappointing, still no video for podcasts uploaded with video.",2,14,,0,356,63,phone app continue crash load feed start podcast turn solution company resource secure exclusivity contract large name podcast space fix software smart tv app disappointing video podcast upload video
2022-06-03 23:07:09,"The app keeps on crashing. It closes automatically. I can't play any music/song even though I'm in a premium plan. I performed all the troubleshooting but it still didn't resolve my issue. My phone is Vivo V2025 that runs on android version 12. This is the only app that is crashing on my phone, the rest are working perfectly fine. I checked the Spotify support and it seems all customers that are under Vivo phones are having the same issue. Please fix this. I don't want to waste my premium plan.",1,2,,0,499,91,app keep crash close automatically not play musicsong premium plan perform troubleshooting not resolve issue phone vivo v2025 run android version 12 app crash phone rest work perfectly fine check spotify support customer vivo phone have issue fix not want waste premium plan
2022-06-17 10:58:01,"So many bugs. Doesn't work smoothly in airplane mode, when you should still be able to listen to downloaded episodes. Also crashes occasionally.",1,0,,0,144,23,bug not work smoothly airplane mode able listen download episode crash occasionally
2022-06-13 21:43:17,I like Spotify it's great 👍 music app,5,0,,1,37,8,like spotify great music app
2022-06-11 07:10:02,This is the shittest app i have ever used i make my own playlist can't even listen to any of my songs and all i get is recommended and i have internet fix your damn app!,1,0,,0,169,36,shitt app playlist not listen song recommend internet fix damn app
2022-06-26 08:01:11,Hands down best music app,5,0,,1,25,5,hand good music app
2022-06-04 03:43:00,"Bad app, theres better options available, hard to navigate menus you have to pay money if you want to skip songs in playlists theres no option to just listen to a song you have to listen to through a entire playlist its just bad not worth the download.",1,0,,0,252,48,bad app well option available hard navigate menu pay money want skip song playlist option listen song listen entire playlist bad worth download
2022-06-27 18:27:24,Not able to login in any way,1,0,,0,28,7,able login way
2022-06-18 17:39:27,Too many adds,1,0,,0,13,3,add
2022-06-30 13:43:31,It is a very good music app to use,5,0,,1,34,9,good music app use
2022-06-05 21:32:27,"i find it stupid that im using spotify premium, yet i have to be connected to the internet in order TO PLAY my DOWNLOADED playlist. it should've been played since the essence of having spotify on premium is to listen to music wherever u are even in the most deserted land. this is just plain disappointment",1,0,,0,306,56,find stupid spotify premium connect internet order play downloaded playlist ve play essence have spotify premium listen music deserted land plain disappointment
2022-06-30 16:24:29,Does not let me play my entire library. There are too many albums to like individually,1,0,,0,86,16,let play entire library album like individually
2022-06-04 12:11:33,"Last I checked I was in the upper 10% of Spotify listeners, so. Clearly I use this app a lot. I'd call it the best music streaming service on the market currently.",5,0,,1,163,32,check upper 10 spotify listener clearly use app lot good music streaming service market currently
2022-06-03 18:54:57,"Not bad, I can't find all the songs I want to listen to on it though",4,0,,1,68,16,bad not find song want listen
2022-07-03 21:43:26,It's the greatest thing since jelly with peanut butter.,5,0,,1,55,9,great thing jelly peanut butter
2022-07-03 16:57:41,So easy so navigate.,5,0,,1,20,4,easy navigate
2022-06-15 03:45:34,"Really good app you can find almost any song you want on here. One thing I don't like about this app is that it gives you like five ads and then asks if you want to get 30 minutes of ad free music, it should give you like three ads and then like a few songs before it does that that's my one change that I would like. But other than that I love this app I would definitely recommend it 💅🏼✨",5,18,,1,389,82,good app find song want thing not like app give like ad ask want 30 minute ad free music like ad like song change like love app definitely recommend
2022-06-23 21:12:47,Maybe I will rate it 5star after I have maybe enjoyed the spotify,1,0,,0,65,13,maybe rate 5star maybe enjoy spotify
2022-06-06 21:14:57,"I just pulled Spotify back up and am blown away by the amount of commercials and the poor music choices. You really have no value offer, just more commercials will push me to not use it like I stopped using the radio.",1,0,,0,217,42,pull spotify blow away commercial poor music choice value offer commercial push use like stop radio
2022-06-05 11:32:16,After the new update the Mobile app isn't working... PLEASE FIX THE BUG,1,1,,0,71,13,new update mobile app not work fix bug
2022-07-07 02:19:53,Way better than Apple music or Amazon music,5,0,,1,43,8,way well apple music amazon music
2022-06-23 13:10:21,I think it's the best app for listening music 🎼 I really like it so much 😃💜,5,0,,1,75,17,think good app listen music like
2022-06-20 15:39:08,"5 stars if you have premium. By far best music and podcast service. Totally worth paying for premium, especially if you can do a Family, duo, or student plan. Without premium ads are very annoying, and you can't select songs, only shuffle playlists.",5,2,,1,249,43,star premium far good music podcast service totally worth pay premium especially family duo student plan premium ad annoying not select song shuffle playlist
2022-06-24 14:20:16,"Simple to use, happy I added this happy!",4,0,,1,40,8,simple use happy add happy
2022-06-01 19:17:52,"The now playing widget in the bottom left doesn't work. So, I cannot pause/play, skip, ff, nothing. I've reinstalled, I've updated. I have to close the app to stop whatever is playing.",1,0,,0,184,32,play widget left not work pauseplay skip ff ve reinstall ve update close app stop play
2022-06-18 18:13:02,So many problems. Songs don't play keep pausing or stopping want a refund for the last month,1,0,,0,92,17,problem song not play pause stop want refund month
2022-06-29 14:49:53,Always have music on so use Spotify and stream it through house.,5,0,,1,64,12,music use spotify stream house
2022-06-24 07:35:38,Can find all the music I want and works offline anywhere so it's great for my job,5,0,,1,81,17,find music want work offline great job
2022-06-19 23:24:06,Thanks for bringing back the playlist button. Now it's perfect.,5,0,,1,63,10,thank bring playlist button perfect
2022-06-25 04:15:46,"Great music, can send stream to Echos, computer, TV, phone, etc",4,0,,1,63,11,great music send stream echos computer tv phone etc
2022-07-03 19:17:55,"can you please fix this app. Every time I go on the search bar to search some songs, my screen goes black and the song is not playing. Too many glitch.",1,0,,0,151,31,fix app time search bar search song screen go black song play glitch
2022-07-08 18:02:54,If offline mode was available for the normal version of Spotify like you could save some artists who you like and play their songs,4,0,,1,130,24,offline mode available normal version spotify like save artist like play song
2022-06-28 15:50:54,"AUGH THAT WAS CRAZY, I'VE NEVER ACTUALLY EXPERIENCED THAT SORT OF ATMOSPHERE IN AN APP BEFORE, ITS ABSOLUTE ELECTRIC, THE PASSION, EVERYTHING I'VE HEARD.",5,0,,1,153,24,augh crazy ve actually experience sort atmosphere app absolute electric passion ve hear
2022-06-21 02:11:25,It was good first until YOU guys updated it. At first I was able to pick any song I wanted but NOW I have to use all my skips to get the song that I want (if the song is far then... You're not getting there) also there are too many ads I can't listen to a song/podcast without an ad popping up. I will be updating it back to 5 stars if you fix your stuff and make this app useful again.,1,0,,0,386,83,good guy update able pick song want use skip song want song far get ad not listen songpodcast ad popping update star fix stuff app useful
2022-07-04 15:47:32,Really great had a good time having a good timereally enjoyed it,5,0,,1,64,12,great good time have good timereally enjoy
2022-06-21 17:37:18,Sometimes the system can't handle me playing to much music and if I swipe app and come back on to try play the same song it just simply won't play! Else I do prefer it over apple music !,4,0,,1,186,39,system not handle play music swipe app come try play song simply will not play prefer apple music
2022-06-02 22:37:42,"Been using the app for years, best part was the car mode especially As a professional driver! Why is it gone??? Now glitches out and stops working on download music? What's going on Spotify? Premium customer here. Would really rather not go back to Amazon music!!! ****06/02/22****** still no car mode!!!! Bring it back!!!!",2,4,,0,323,54,app year good car mode especially professional driver go glitche stop work download music go spotify premium customer amazon music 060222 car mode bring
2022-07-03 14:33:06,"I have been using this app for over a year but, recently the app has gone down hill. The ability to preview songs before adding them to playlists was removed making it 10 times harder to form a good playlist. Then there is the issue with the ""30 minutes of uninterrupted listening."" It has never and probably will never be 30 minutes which just makes it unbearable to listen to. nvm its back now ads still suck though",4,91,,1,417,78,app year recently app go hill ability preview song add playlist remove make 10 time hard form good playlist issue 30 minute uninterrupted listening probably 30 minute make unbearable listen nvm ad suck
2022-05-31 03:09:46,"I searched for a song, then I tapped on it. It wasn't the song that I typed in. It was some guys play list that he created. When you look for a song, you expect the actual song & not another man's playlist. There are better apps. Audiolmack is better.",1,0,,0,251,50,search song tap not song type guy play list create look song expect actual song mans playlist well app audiolmack well
2022-06-20 11:53:23,"The largest selection of music, podcasts and easy to use",5,0,,1,56,10,large selection music podcast easy use
2022-06-04 15:45:01,"Everything is great and I love this app but the only problem is that something when I open soptify my search list is delete which for me is so so so annoying because it's not like everytime they decide to delete it I will search back all the songs again,I do that because I can't remember a pesefic song at that time. It has been happening to me for quite some time.I know this will not change a thing but I just wanted to know if it happens to any of you",1,0,,0,455,92,great love app problem open soptify search list delete annoying like everytime decide delete search song againi not remember pesefic song time happen timei know change thing want know happen
2022-06-29 13:50:29,Glitchiest POS app i have on my phone but great music selection.,1,1,,0,64,12,glitchi pos app phone great music selection
2022-07-08 07:42:04,too much advertising during listning songs 😬,1,0,,0,44,7,advertising listne song
2022-06-18 22:48:27,I dont want half an hour of ads for 1 song you are a joke and this is why people will continue to find ways around your joke of an app,1,0,,0,134,31,not want half hour ad song joke people continue find way joke app
2022-07-01 13:27:11,"Fix the glitch where if you like a song without actually clicking it to make it play, it doesn't actually add to your liked songs. The heart will fill green and appear so but if you go into album and play song, it's not filled green or 'liked'",4,0,,1,243,48,fix glitch like song actually click play not actually add liked song heart fill green appear album play song fill green like
2022-06-11 02:51:30,"Great music, good app",4,0,,1,21,4,great music good app
2022-06-29 15:18:32,"New updates brought a ""Allow Bluetooth"" screen to popup everytime I open the app. Not sure why it keeps asking permissions for things it already has and might actively be using",2,0,,0,176,31,new update bring allow bluetooth screen popup everytime open app sure keep ask permission thing actively
2022-06-22 16:31:25,Upload Connection Error Log,1,0,,0,27,4,upload connection error log
2022-07-05 18:39:58,"Great desktop version, free version on app is obviously worse. You get what you (don't) pay for I guess. Appreciate that ads are needed but there seem to be significantly more. That's a minor whinge. The fact the app throws random songs into your playlists is extremely annoying.",2,1,,0,279,48,great desktop version free version app obviously bad not pay guess appreciate ad need significantly minor whinge fact app throw random song playlist extremely annoying
2022-06-10 02:33:09,As a premium theres no ads and free to skip or when we offline. If we are not premium theres many ads and cannot skip- 😀👌,5,0,,1,121,26,premium ad free skip offline premium ad skip
2022-07-05 06:44:55,"Since the new update, the ""now playing"" tab keeps disappearing and I can't even pause or click next track. After a while, the track stops. I have tried uninstall and install it again, but it keeps happening. Pls fix the bug, it's annoying.",2,1,,0,239,43,new update play tab keep disappear not pause click track track stop try uninstall install keep happen pls fix bug annoying
2022-07-02 09:11:09,This app is great as it makes play lists depending on what you've listened to before and generally puts together a good list for you to listen to.,5,0,,1,146,28,app great make play list depend ve listen generally put good list listen
2022-06-14 17:28:20,I absolutely love this app but I have no clue why the song I search doesn't play and instead some random song plays. Kindly fix the issue.,5,0,,1,138,27,absolutely love app clue song search not play instead random song play kindly fix issue
2022-07-03 08:50:00,It is the better but a am chose one Star because this app ads so iriteded,1,0,,0,73,16,well choose star app ad iritede
2022-06-13 23:19:36,Put shuffle play on ya right it the shame sequence over and over. Waste of money. Over 1500 song downloaded yet the same bloody 100 songs on repeat you can even guess what's next like a cd. If it gets sorted I'd be surprised. There should be a €3.99 version where you can skip songs and download but listen to a 30 sec ad every hour instead of wasting €9.99 not worth it when you can't burn songs keep them or even have a proper shuffle play,2,0,,0,441,87,shuffle play ya right shame sequence waste money 1500 song download bloody 100 song repeat guess like cd get sorted surprised 399 version skip song download listen 30 sec ad hour instead waste 999 worth not burn song proper shuffle play
2022-07-06 12:45:03,Best music app i have ever used,5,0,,1,31,7,good music app
2022-06-19 09:29:04,Why did you guys remove the song preview when making a playlist?,4,1,,1,64,12,guy remove song preview make playlist
2022-06-14 16:33:34,Your app is constantly stopping!!! I love spotify but it's enough to make me stop using it!!,1,0,,0,92,17,app constantly stop love spotify stop
2022-06-19 16:44:48,It automatically stops the songs without any problem I have go again to app to play songs that frustrates to use this app it's easy to use Jio savanna instead of it,1,0,,0,164,32,automatically stop song problem app play song frustrate use app easy use jio savanna instead
2022-06-12 11:31:43,I enjoyed it when I first try it but after the last update I can't play the songs that I want it's always in a shuffle instead of playing the song that I want it plays a different song,2,0,,0,184,39,enjoy try update not play song want shuffle instead play song want play different song
2022-06-19 15:40:10,Great service I always enjoy it can pick out exactly what I want to listen to you should get it,5,0,,1,95,20,great service enjoy pick exactly want listen
2022-06-11 08:25:38,"Nice app, getting all songs even while getting offline but the one problem is the adds otherwise 5star music app ❤️💯💯",4,0,,1,117,21,nice app get song get offline problem add 5star music app
2022-06-02 14:17:32,"I can't afford premium, so i expect there to be ads. But 10 in a row during a mental breakdown when i need comfort music is infuriating. And there used to be a thing with ""watch this ad and there will be 30 mins of uninterrupted listening"" which used to pop up at least once a day. I haven't gotten one of those in months. It feels like I'm listening to more ads than music, which is not what I want from a music app.",1,301,,0,417,85,not afford premium expect ad 10 row mental breakdown need comfort music infuriate thing watch ad 30 min uninterrupted listening pop day not get month feel like listen ad music want music app
2022-06-05 14:46:17,Easy to use. Great selection of music. Reasonably priced.,5,0,,1,57,9,easy use great selection music reasonably price
2022-06-20 17:39:36,Closes randomly during podcasts. No clue why S22 galaxy,2,0,,0,55,9,close randomly podcast clue s22 galaxy
2022-06-11 19:50:44,Every time I open the app there is adds more common. And it's not short adds like YouTube. You'll spend over a minute watching three adds often afters only 2 or 3 songs. Not to mention how misleading the half hour of free listening is. Told me I have 30 minutes of add free listening at 20:42 and gave me an ad at 20:45.,1,0,,0,320,64,time open app add common short add like youtube ll spend minute watch add after song mention misleading half hour free listening tell 30 minute add free listening 2042 give ad 2045
2022-07-07 19:35:17,Just awesome and easy,5,1,,1,21,4,awesome easy
2022-06-23 12:15:04,Overall Spotify has been a great way to listen to music. I love making playlists and listening to other stations and playlists too. Thank you!,5,0,,1,142,25,overall spotify great way listen music love make playlist listen station playlist thank
2022-06-04 13:14:16,I don't know what the problem is. but suddenly the pause/play button slides to the left.,1,0,,0,88,16,not know problem suddenly pauseplay button slide left
2022-07-01 04:41:07,Personalization is their Forte love having Playlists designed just for me!!! DAILY,5,0,,1,82,12,personalization forte love have playlist design daily
2022-06-04 15:27:53,It is an amazing and absolutely satisfying app. It saves data as it don't need much and because of this reason I can listen songs after my data is over. It is also easy to use but there is one thing which disturbs the most and that is ads.The app shows too many ads. The ads are coming after every time. Please do something of ads. I hope you can do something with ads. Otherwise everything thing is perfect.,4,80,,1,408,79,amazing absolutely satisfying app save datum not need reason listen song data easy use thing disturb adsthe app show ad ad come time ad hope ad thing perfect
2022-06-25 15:36:00,I love Spotify!,5,0,,1,15,3,love spotify
2022-06-30 19:36:31,App has all songs I search and is very efficient and gives best music sound too. I love it.,5,0,,1,91,19,app song search efficient give good music sound love
2022-05-31 10:34:46,Spotify is a very convenient service. I use it for podcasts and playing music on Sonos speakers. I just wish Neil Young and CSN were still in there. Unfortunately they were 2 of my favorites.,4,0,,1,191,35,spotify convenient service use podcast play music sonos speaker wish neil young csn unfortunately favorite
2022-06-01 14:31:31,This is the Best App 👍 Premium Version is Recommended!,5,0,,1,54,10,good app premium version recommend
2022-07-01 19:06:47,When I got to play a song it brings me to a playlist and I can't just enjoy song that I want to listen to it's annoying that they add random songs to my playlist and I can't skip them,2,0,,0,183,40,get play song bring playlist not enjoy song want listen annoying add random song playlist not skip
2022-06-29 18:28:04,"Spotify is nice and all but when ever I try to play a song I want to play it plays another song that is similar to the one I want to hear, I never get to listen to the actual songs I want to listen to and it's kind of annoying",2,0,,0,226,51,spotify nice try play song want play play song similar want hear listen actual song want listen kind annoying
2022-07-02 04:10:32,I can listen to all music using I play games I love that facility,4,0,,1,65,14,listen music play game love facility
2022-06-09 09:42:57,Keeps my playlist for free thanks Spotify clash on man,4,0,,1,54,10,keep playlist free thank spotify clash man
2022-06-20 13:49:39,"I don't know why I can download songs, because the app doesn't work without internet and sometimes not even with it.",2,0,,0,116,21,not know download song app not work internet
2022-05-30 15:20:49,It's best music app In India,5,0,,1,28,6,good music app india
2022-06-28 18:52:06,I hate this app. You are too selfish to even listen to the fact that this app is not continuing to play music like it's supposed to when you update this music listening app. It loves stopping in the middle of a song and not keep playing like it's meant to do. This is pitiful for everyone and not enjoyable. I looked for a solution to this problem. But all have failed.,1,3,,0,369,72,hate app selfish listen fact app continue play music like suppose update music listen app love stop middle song play like mean pitiful enjoyable look solution problem fail
2022-06-25 18:29:38,This app is my fav but there are many issues to fix in means like in YouTube there is dawload video so when no network but fun.But there is no options for this or else this app is nice.,4,0,,1,185,39,app fav issue fix mean like youtube dawload video network funbut option app nice
2022-06-06 10:54:23,Best music app ever :),5,1,,1,22,5,good music app
2022-06-03 17:36:10,"Excellent range of music but is very slow at times and the interface can be pretty annoying. Updates seem to be released every week or so. For the money being paid, it's not reliable enough. For some reason Spotify make it very difficult to pick and select songs to play. Where is the control panel? Why does it randomly start playing when not in use?",1,258,,0,351,65,excellent range music slow time interface pretty annoying update release week money pay reliable reason spotify difficult pick select song play control panel randomly start play use
2022-06-23 15:38:47,Very good🤛 Excellent👌 in sound quality And so impressive in song shuffling What a brilliant platform like Spotify ✅,5,1,,1,115,19,good excellent sound quality impressive song shuffle brilliant platform like spotify
2022-06-05 02:14:52,"Without premium, Spotify is A Pain to Use. Honestly really Bad I'm better of using YouTube Music and get ads every 4-5 songs than not be able to skip a song 6x a day 😂",2,0,,0,167,35,premium spotify pain use honestly bad well youtube music ad 45 song able skip song 6x day
2022-06-05 01:10:13,"the new update is making the app worst, fix it develop.",1,0,,0,55,11,new update make app bad fix develop
2022-06-23 13:01:42,Fix the App it gets worse with every Update randomly pauses etc.,1,0,,0,64,12,fix app get bad update randomly pause etc
2022-06-07 18:40:27,Well I would like to say so far so good so much better than Amazon music unlimited and cheaper. At least you're an honest app that gives full new CDs of music that you promise. Much more music and information so far I'm very happy with this will keep you updated thank you much 🏆🏆🏆🏆🏆😎,5,1,,1,284,55,like far good well amazon music unlimited cheap honest app give new cd music promise music information far happy update thank
2022-06-05 18:35:45,Ahhhh this app randomly crashes and then it will not be useful to play any type of songs ...........it's very irritating,1,0,,0,120,21,ahhhh app randomly crash useful play type song irritating
2022-07-05 02:33:47,I like the feature that has lyrics but it'd be nice to have the option available to cast the lyrics to the same device I'm listening on.,5,0,,1,136,27,like feature lyric nice option available cast lyric device listen
2022-06-20 12:58:49,"I cant even play the songs i want to listen, it has to be on the random playlist",1,0,,0,80,18,not play song want listen random playlist
2022-06-19 19:43:15,"When you pay for premium service and spend months curating playlists just for them to randomly disappear. Much great, such wow..",1,0,,0,128,21,pay premium service spend month curate playlist randomly disappear great wow
2022-07-05 16:43:49,Very easy to use. Updated gebra of music.,5,0,,1,41,8,easy use update gebra music
2022-06-05 07:15:10,Best Music App!,5,0,,1,15,3,good music app
2022-06-23 15:58:09,My only problem random song shuffled.i want to listen to unstoppable sound and it randomly shuffle the song to happier.other tan that it's op,5,0,,1,141,24,problem random song shuffledi want listen unstoppable sound randomly shuffle song happierother tan op
2022-06-14 09:52:02,I like this app because of bts songs is there...,4,0,,1,48,10,like app bts song
2022-06-28 06:09:20,When I play my playlist random songs play that I don't even know,1,0,,0,64,13,play playlist random song play not know
2022-06-21 00:06:35,Premium is well worth it. I plan to use my premium account for my upcoming wedding reception and on the drive down to Florida for my honeymoon. Overall the app is pretty good. No crashing so far,5,0,,1,194,37,premium worth plan use premium account upcoming wedding reception drive florida honeymoon overall app pretty good crashing far
2022-06-18 17:38:53,Great music app professional 👌,5,0,,1,30,5,great music app professional
2022-07-08 21:40:25,Amazing App.. we have left music streaming for you guys.,5,0,,1,56,10,amazing app leave music stream guy
2022-07-05 15:32:54,Great selection of classic period music from the sixties ...,4,0,,1,60,10,great selection classic period music sixty
2022-06-12 22:04:52,Great experience so far lots of music. Im also able to make a play list or queu music over all would recommend.,5,0,,1,111,22,great experience far lot music able play list queu music recommend
2022-06-18 20:45:31,"It's a great app!but can you please add,, 03 by SHMEKERA"" please it's my favorite song.",5,0,,1,87,16,great appbut add 03 shmekera favorite song
2022-06-12 23:49:56,Great music platform!,5,0,,1,21,3,great music platform
2022-07-08 06:19:32,Once again Spotify isn't working properly. Sort it!,1,0,,0,51,8,spotify not work properly sort
2022-07-04 07:46:01,Please removes the add 🙏 🙏 😔 Except this i am fully satisfy with spotify,4,0,,1,72,15,remove add     fully satisfy spotify
2022-06-13 10:49:25,i would have given five stars but its four cause of the adds there are allot of adds,4,0,,1,84,18,give star cause add allot add
2022-07-07 12:56:14,"Poor, music stops randomly , bar dissapears, what's going on??? Think it's time to look at rivals",1,2,,0,97,17,poor music stop randomly bar dissapear go think time look rival
2022-07-07 17:35:44,"Hi, I changed my account to 2 accounts, the monthly fee went up but the changes didn't happen, when you don't do your job properly, how do you expect to receive the fee?",1,0,,0,169,33,hi change account account monthly fee go change not happen not job properly expect receive fee
2022-07-04 17:36:08,"The first few days it was a great app where I could listen to music freely, but now I have six skips an hour! And when I go on my playlist it says THEY ADDED STUFF ON MY PLAYLIST! That's my playlist! How are you gonna add songs that I don't even like! The songs that you add are not why I made the playlist! You're just ruining it, I'm going to a diffrent app. This one is just a waste of time, and money for people who use Spotify premium",1,4,,0,439,91,day great app listen music freely skip hour playlist say add stuff playlist playlist go to add song not like song add playlist ruin go diffrent app waste time money people use spotify premium
2022-06-14 17:04:06,Great and easy to use,5,0,,1,21,5,great easy use
2022-06-10 00:17:00,Love that I can set up my own music playlists. And the playlist they create for me based of what I like are great.,5,0,,1,114,24,love set music playlist playlist create base like great
2022-06-08 13:46:15,Made for money and is super inconvenient. Very controlling and feels like a violation of my rights.,1,0,,0,99,17,money super inconvenient control feel like violation right
2022-06-29 16:05:51,Just love all the great music choices!!!,5,0,,1,40,7,love great music choice
2022-06-15 02:34:07,It's really wonderful app 😊 and very useful too ☺️,5,0,,1,50,10,wonderful app useful
2022-06-17 16:38:51,Irritating App with Ads in between at irrelevent timings. Wont recommend..,1,0,,0,74,11,irritate app ad irrelevent timing will not recommend
2022-06-19 04:27:30,The best music streaming services,5,1,,1,33,5,good music streaming service
2022-07-01 16:29:04,"This app is great. The only problem that I have with it is that it is really laggy. Some of my songs won't play will use my skips. Also, I'll use one skip and the app won't let me use any more of my skips. This was all a while ago but I thought I should let you guys know. I have premuin now and it works great.",5,0,,1,311,68,app great problem laggy song will not play use skip ill use skip app will not let use skip ago think let guy know premuin work great
2022-06-14 15:37:12,"Overall it's a great service, I tend to use it on my phone at work or the Playstation at home. I use premium so no ads, my biggest issue is the songs keep getting removed when I go back to listen to them. Granted I'm looking for songs that they had a few years ago but it's disappointing I'm unable to find or play them.",4,82,,1,320,65,overall great service tend use phone work playstation home use premium ad big issue song get remove listen grant look song year ago disappointing unable find play
2022-06-27 20:14:36,It contains too much ads... Sometimes it causes headache... That's why I ranked it 1/5...,1,0,,0,89,15,contain ad cause headache rank 15
2022-06-04 17:04:26,"It was awesome at first until it suddenly changed, when I try to play a song it'll just play a different one that I don't even know. I can't even see the songs properly, only if its preview. Also, the app add or recommend music that I don't ask. Geez, the app become really greedy for money.",2,0,,0,291,57,awesome suddenly change try play song ll play different not know not song properly preview app add recommend music not ask geez app greedy money
2022-06-29 08:54:02,Very bad do not download why paying for something which is free forever!,1,0,,0,72,13,bad download pay free forever
2022-06-26 03:46:16,60 second ad every 3 minute song.,1,0,,0,33,7,60 second ad minute song
2022-07-04 17:08:49,Very interesting. Easily connect me with my old time music,5,0,,1,58,10,interesting easily connect old time music
2022-07-08 03:50:27,"I really enjoy using this app, but I do have one suggestion. I'd love it if we were able to create playlist folders on mobile. It'd make it much easier to look through my library. Still though, wonderful to use! <3",4,0,,1,214,41,enjoy app suggestion love able create playlist folder mobile easy look library wonderful use
2022-06-17 14:49:18,Please where did the shuttle button go??? Or is it just my phone or what?? As in what the hell is going on?? How would one always play the same songs all the time#borinnnnnnnnggggggggg,2,0,,0,184,34,shuttle button phone hell go play song timeborinnnnnnnnggggggggg
2022-07-03 13:48:47,Good range of music,5,0,,1,19,4,good range music
2022-06-27 19:32:04,I just want to be able to delete some of the songs that use to listen to because the person who made that song did something absolutely terrible and I don't wanna be able to look at their songs and remember what they did 🧍🏾‍♀️,4,0,,1,226,45,want able delete song use listen person song absolutely terrible not wanna able look song remember
2022-06-01 20:12:46,at least its not slow like the desktop version,4,0,,1,46,9,slow like desktop version
2022-06-04 10:57:03,Listen carefully songs 😊 happyness life hey there nice app spotify music 🎵🎶,5,0,,1,75,13,listen carefully song happyness life hey nice app spotify music
2022-06-24 11:03:37,Its autoplay is off yet playing as autoplay.,1,0,,0,44,8,autoplay play autoplay
2022-07-05 07:39:13,Welcome to the ad app,1,0,,0,21,5,welcome ad app
2022-06-28 03:59:37,i cant play any song that i want you better fix it to have 5 stars from me,1,1,,0,74,18,not play song want well fix star
2022-06-20 18:15:59,I want translate lyrics feature in English 🤧 I want to listen BTS music wid English subtitles on Spotify ❤️,4,0,,1,107,20,want translate lyric feature english want listen bts music wid english subtitle spotify
2022-06-21 06:35:01,"I'm a premium user and would really like to rate it higher because it used to be really good, but recently I've been able to get onto my home screen but what I've donloaded doesn't play, I can't even get to the screen to see the songs in the playlist. Really upsetting when I've payed for a feature and I don't get it.",2,3,,0,318,63,premium user like rate high good recently ve able home screen ve donloade not play not screen song playlist upsetting ve pay feature not
2022-07-02 11:36:42,The app is good but at times it stops playing all of a sudden,5,0,,1,61,14,app good time stop play sudden
2022-06-30 23:17:52,"I like your 30 mins uninterrupted, but its hard to enjoy when you software runs with the processing power of a 2 year old with down syndrome! Take a lesson from YouTube and actually play what people search for!",2,0,,0,210,39,like 30 min uninterrupted hard enjoy software run processing power year old syndrome lesson youtube actually play people search
2022-06-19 22:02:46,Love that I can listen to music with no advert,5,0,,1,46,10,love listen music advert
2022-06-23 16:35:50,Love listening music to this apps,5,0,,1,33,6,love listen music app
2022-06-01 19:37:22,"It's is extremely very nice,,i was so much excited when it even played my local music,,,hmmm what can I say apart from saying that thank you so much for developing such a a very nice application Spotify,,, bravo 👏",5,0,,1,213,39,extremely nicei excited play local musichmmm apart say thank develop nice application spotify bravo
2022-07-07 02:48:07,"It's not bad.. Wish they'd move the ""hide this song"" from in between ""liked"" and ""add to playlist"".. Because it just makes sense! Often hit it by accident.",4,0,,1,155,28,bad wish hide song like add playlist make sense hit accident
2022-07-04 06:17:26,Fantastic Quality.. Amazing music collection!!,5,0,,1,46,5,fantastic quality amazing music collection
2022-06-16 06:41:40,"Awesome. Way better than I tunes, Deezer, youtube and has remained on point with each update.",5,0,,1,93,16,awesome way well tune deezer youtube remain point update
2022-06-11 12:53:25,I love the app but it has like a million glitches like Not showing the name of a song or randomly pausing the music and much more but it wouldent fit in 500 characters so i think i will stop here,4,0,,1,195,41,love app like million glitch like show song randomly pause music wouldent fit 500 character think stop
2022-06-09 17:19:32,Only app where the algorithm actually f**king works.,5,0,,1,52,8,app algorithm actually fke work
2022-06-04 19:49:28,Everytime I click a song it goes to a random song🤬🤬,1,0,,0,51,11,everytime click song go random song
2022-07-01 04:37:03,"Updating my review to say it's still great. Only issue is large playlists seem to have issues shuffling, sometimes just play the same 60 or so songs.",5,0,,1,149,27,update review great issue large playlist issue shuffle play 60 song
2022-06-25 08:47:10,"Absolutely horrible, cant even choose a song to play. Works worse than ever before and honestly literally anything else is better, even audio jungle and you hear it screaming at you half the time but it's still better than back to back ads and to fix all of the horribly stupid problems that are only on mobile mind you, you have to buy premium. Genuinely scummy and has likely resulted to lots of people abandoning a once semi-decent app. Absolutely deplorable and saddening.",1,0,,0,476,83,absolutely horrible not choose song play work bad honestly literally well audio jungle hear scream half time well ad fix horribly stupid problem mobile mind buy premium genuinely scummy likely result lot people abandon semidecent app absolutely deplorable sadden
2022-07-06 16:26:49,I would say it was great 1yr ago but now it is the equivalent to apple music,1,1,,0,76,17,great 1yr ago equivalent apple music
2022-06-22 20:46:57,It takes minutes to start any podcast,1,0,,0,37,7,take minute start podcast
2022-05-30 14:45:20,"Two stars because of the ""shuffle"" function. If I start a playlist on a certain song, i can pretty much predict what's coming next, and it's ALWAYS the same narrow band of songs, and it NEVER plays all of the songs in a playlist, especially if it's a large playlist. I work 9 hour shifts, and within an hour, I'll hear the song i started with, on a 4 hours playlist. Rubbish",2,31,,0,374,72,star shuffle function start playlist certain song pretty predict come narrow band song play song playlist especially large playlist work hour shift hour ill hear song start hour playlist rubbish
2022-06-11 18:20:24,Favorable app but ads more in this app,5,0,,1,38,8,favorable app ad app
2022-07-05 13:06:08,"Great music, good choice.",5,0,,1,25,4,great music good choice
2022-07-06 13:13:03,Still learning to navigate the programming. Guess I have to go to Premium because the commercials are annoying,4,0,,1,110,18,learn navigate programming guess premium commercial annoying
2022-06-22 06:50:01,This app used to play music for me from my playlists or just by simple searching now it plays either adverts or a small sample of my song not the entire thing safe to say unless they update that to change it back I won't be using Spotify again,1,0,,0,243,49,app play music playlist simple searching play advert small sample song entire thing safe update change will not spotify
2022-06-02 17:34:10,Good but heavy amount of adds comes without subscribtion and specially that add of a song 'Chand balliya' it is so much frustrating that I am listening a romantic song and thinking about my crush ❣️ then the song ends I am in a good romantic mood then this add cames and truns off my mood 😡.Butttt... no worries 😂 this app is nice ☺️😊,5,0,,1,334,65,good heavy add come subscribtion specially add song chand balliya frustrating listen romantic song think crush song end good romantic mood add came trun mood butttt worry app nice
2022-06-10 17:14:48,Im not gonna use the app if I click on songs and it's just a preview especially if I liked the song already and not being able to rewind a song or play a song next without premium is pretty outrageous too don't recommend,1,1,,0,220,44,go to use app click song preview especially like song able rewind song play song premium pretty outrageous not recommend
2022-07-08 03:13:05,Best music streaming service ever!!,5,0,,1,35,5,good music streaming service
2022-06-12 00:37:17,Good selection of music,5,0,,1,23,4,good selection music
2022-06-17 09:58:44,Spotify is the only music platform that's goes the extra mile for both artist and listener,5,0,,1,90,16,spotify music platform go extra mile artist listener
2022-06-13 03:12:03,"Really great app, even if you don't want to pay for premium the only really annoying thing is that you can't look up individual songs, but even that is manageable overall great app.",5,0,,1,181,33,great app not want pay premium annoying thing not look individual song manageable overall great app
2022-06-20 00:24:35,Easy to filter and set favorites,5,0,,1,32,6,easy filter set favorite
2022-06-17 18:59:19,Pretty much has turned into the same handful of overplayed songs and ads.,2,0,,0,73,13,pretty turn handful overplay song ad
2022-07-07 10:51:38,"I can't see the control to skip, pause, stop music, etc. Please fix this!",1,2,,0,73,14,not control skip pause stop music etc fix
2022-06-30 03:22:40,too bad cant play songs bad update,2,0,,0,34,7,bad not play song bad update
2022-06-16 00:29:36,"Love just about everything about this app. The music selection, Ability to share and discover new music. It's absolutely wonderful!!!",5,0,,1,133,20,love app music selection ability share discover new music absolutely wonderful
2022-06-18 23:59:45,Trash always cuts out every couple of minutes been with them for years but will be cancelled shortly unless it's fixed asap.,1,0,,0,124,22,trash cut couple minute year cancel shortly fix asap
2022-06-07 22:44:10,It's been difficult to make payment on your platform from Nigeria. Kindly may available other mode of payment. Thank you!!!,1,0,,0,123,20,difficult payment platform nigeria kindly available mode payment thank
2022-07-04 14:26:34,ITS AMAZING I love how i can do whatever I want with my music!! I am speechless! ❤️❤️❤️,5,0,,1,87,18,amazing love want music speechless
2022-06-16 20:45:32,It crashes everyday i use spotify alot and it keeps crashing,1,1,,0,60,11,crash everyday use spotify alot keep crash
2022-06-30 12:58:00,Pretty good app.I love it shuffle mode and I recommend it 👌,4,0,,1,59,12,pretty good appi love shuffle mode recommend
2022-06-13 22:14:30,Best free music and better when you pay for the full package.,5,0,,1,61,12,well free music well pay package
2022-06-21 01:51:30,Very user friendly and has all good collection of music.,5,0,,1,56,10,user friendly good collection music
2022-07-05 21:05:22,I love spotify so much.,5,0,,1,23,5,love spotify
2022-06-22 05:22:38,"I absolutely love it, it has everything you can really need when it comes to music. And it 100% deserves a five stars.",5,0,,1,118,23,absolutely love need come music 100 deserve star
2022-07-08 17:33:59,I used to love this app but it's become unusable as of late on Android.,1,2,,0,71,15,love app unusable late android
2022-07-01 00:14:46,Love it's to listen the music I Want,5,0,,1,36,8,love listen music want
2022-06-18 04:16:07,"Auto recommended music , sounds quality sharp , bass just perfect to go along with all song.",5,0,,1,92,17,auto recommend music sound quality sharp bass perfect song
2022-06-16 03:05:49,"constant crashing, NOT WORTH IT",1,0,,0,31,5,constant crash worth
2022-07-03 07:30:52,Please make us play any song without using Premium,2,0,,0,50,9,play song premium
2022-06-29 17:49:17,I love how I can turn off the screen and still listen. My only complaint is how it will play the next newer podcast file rather than go down the list.. it would be nice if there was an option to autoplay in either direction on the list,5,0,,1,235,48,love turn screen listen complaint play new podcast file list nice option autoplay direction list
2022-06-17 10:02:34,We want a stunning looking widget for Android 12,5,0,,1,48,9,want stunning look widget android 12
2022-07-03 05:45:57,Best dang app for music ever,5,0,,1,28,6,good dang app music
2022-06-07 21:19:28,"Spotify is a really great application, but sometimes it just can't compare to using an adblocker while watching Youtube. Definitely consider trying to minimize ads, and what you do advertise, think twice how useful your advertisements are to the listener.",4,0,,1,255,40,spotify great application not compare adblocker watch youtube definitely consider try minimize ad advertise think twice useful advertisement listener
2022-06-19 15:04:53,It is so much better than SoundCloud. I just wish the 3rd party DJ controller functions were back.,5,0,,1,98,18,well soundcloud wish 3rd party dj controller function
2022-06-06 12:46:32,"I hate free,it sucks-premium is the only choice, and it is worth so much more than the small price...I wouldn't dare listen to anything else...the visuals or videos are not what I truly seek-the songs and the insight of the bios and the entire albums or singles from the artists' entire career or their musical debut is a cool feature to explore. With premium,there's so much to find and queue is the bomb to set up all my choices of songs! You had me at hello,dearest Spotify...you had me at hello!",5,20,,1,499,91,hate freeit suckspremium choice worth small pricei not dare listen elsethe visual video truly seekthe song insight bio entire album single artist entire career musical debut cool feature explore premiumthere find queue bomb set choice song hellodear spotifyyou hello
2022-05-31 03:20:45,"I am using this app since very long time, but recently whenever I'm playing a song the app suddenly getting closed. Not able to play. Not sure why is this happening and other music apps are working fine. Am I the only one who's facing like that I hope this gets resolved soon .",1,0,,0,277,54,app long time recently play song app suddenly get close able play sure happen music app work fine face like hope get resolve soon
2022-07-02 09:32:22,"It's amazing to be able to find and listen to songs you haven't heard in ages and the recommendations lead you to bands you forgot about ! Thanks 😊. Update 7-21-22 it's still worth the payment. I've favored many songs from their suggestions, you asked me to rate again and I see why. You're awesome Spotify !",5,0,,1,308,57,amazing able find listen song not hear age recommendation lead band forgot thank update 72122 worth payment ve favor song suggestion ask rate awesome spotify
2022-06-13 21:25:53,"Ok Spotify is a good app it's a good app to hear music but there was me thing that I hate so much why when you are making a playlist at the end of the playlist it says ""songs WE added"" so if there's a chance can you guys add a button that will not do that? still it's a good app to listen to music",4,0,,1,297,66,ok spotify good app good app hear music thing hate make playlist end playlist say song add chance guy add button good app listen music
2022-07-09 03:16:43,Worst Everytime I open it I can't play any song It says no internet connection even when I am connected to internet. It only works when my phone is connected to WiFi. That's not good at all,1,0,,0,189,37,worst everytime open not play song say internet connection connect internet work phone connect wifi good
2022-05-31 23:05:26,Download songs don't play offline when app needs to be updated,1,0,,0,62,11,download song not play offline app need update
2022-07-01 02:33:41,The best music application there is.,5,0,,1,36,6,good music application
2022-06-16 19:15:11,Sometimes its stopped playing after the ad,5,0,,1,42,7,stop play ad
2022-06-13 07:58:07,"I live somalia,this app is not available your country says so Spotify i can't use in somalia spotify is boring",5,0,,1,110,20,live somaliathis app available country say spotify not use somalia spotify boring
2022-06-16 05:22:29,i cant play my favorite song because its playing different song fix this!!!!😡😡😡😡,1,0,,0,80,13,not play favorite song play different song fix
2022-06-28 02:44:53,"It's good and all, but now ads are over a minute long, and no matter what Spotify adds songs into your playlists and it's annoying. This app is never going to be worth $10/month. Back to Youtube Music it is. Spotify has disappointed me AGAIN.",2,0,,0,242,45,good ad minute long matter spotify add song playlist annoying app go worth 10month youtube music spotify disappoint
2022-06-07 22:42:23,My play button and previous/next buttons are all messed up after One of the recent updates. The pause/play button is all the way to the right with the back/next buttons pushed all the way to the left. Ugly and a little unsettling.,2,0,,0,230,42,play button previousnext button mess recent update pauseplay button way right backnext button push way left ugly little unsettling
2022-07-01 06:28:07,"It's gotten so bad recently. The ads are so much louder than the music. After hearing a mellow song and being blasted at double the volume an ad really sucks. Now the app also strated to just stop playing and needs to be force shut down, most of the time it seems to get stuck at playing an ad, even though my internet connection is good.",1,30,,0,338,66,get bad recently ad loud music hear mellow song blast double volume ad suck app strate stop play need force shut time stick play ad internet connection good
2022-06-25 09:29:34,Very annoying ads.. Ads are ok in between 2-3 songs.. But they put in between each song,1,0,,0,87,17,annoying ad ad ok 23 song song
2022-06-12 04:56:53,Music experience is outstanding but ads disturbance coming up so early.,4,0,,1,71,11,music experience outstanding ad disturbance come early
2022-06-10 17:39:13,"Hate it... Hate the suggested songs Whats the use of a playlist when you,they add they're own music. I dont wanna hear your random azz song mid workout.. uninstalles",1,0,,0,165,29,hate hate suggest song use playlist youthey add music not wanna hear random azz song mid workout uninstalle
2022-06-21 06:52:23,It's a good app but the prblm is there is too many advertisment,5,0,,1,63,13,good app prblm advertisment
2022-07-03 14:08:33,"I used to love this app. But after the update I'm hating this. The song which i want to listen, which i play it gives u another song. It's really annoying. I can't listen the songs which i want to listen. If you can't listen to your favourite songs, then what's the point to use spotify? It says you can only skip the song if you buy the premium one. Dude i don’t want to buy the premium one. Before updating this app it was too good but what happend after the update. It’s really annoying",1,0,,0,489,96,love app update hat song want listen play give song annoying not listen song want listen not listen favourite song point use spotify say skip song buy premium dude not want buy premium update app good happend update annoying
2022-06-14 19:00:55,"The only reason I don't give Spotify a 5 star review is the fact that Spotify is not the largest music library right now. Besides it's already large music library, but falling short now these days compare to other stream services, Spotify is great",4,0,,1,247,44,reason not spotify star review fact spotify large music library right large music library fall short day compare stream service spotify great
2022-06-11 23:35:37,my favorite way to listen to music,5,0,,1,34,7,favorite way listen music
2022-06-01 20:58:49,I Love the app but on the phone it never let's play I song if says it is a song it makes it a Playlist and When I make my own Playlist It add songs that are recommended and that I didn't even want and I remove ever single one of them and when I play it plays some random song in the world and onesly I think it is just better to just go to the Spotify website on the computer and if keeps happening I might switch to YouTube music.,4,0,,1,431,92,love app phone let play song say song make playlist playlist add song recommend not want remove single play play random song world onesly think well spotify website computer keep happen switch youtube music
2022-06-14 11:36:43,This is my favourite app for songs All songs are here But only one dought Spodify premium wasn`t free Only one time plzz free the premium member ship,5,0,,1,149,28,favourite app song song dought spodify premium not free time plzz free premium member ship
2022-06-18 11:46:56,"I've had a reoccurring issue where whenever I play some episodes from REAL AF with Andy Frisella the app would crash, and I'd have to try to play it 3 times over before the crashing stops. Please fix this.",2,0,,0,205,39,ve reoccurring issue play episode real af andy frisella app crash try play time crash stop fix
2022-06-14 16:26:50,"I can believe I thought apple music was it ,this is 10000000000 times better",5,0,,1,76,14,believe think apple music 10000000000 time well
2022-07-07 13:03:28,Haven't been using long enough for 5 stars. Am happy so far. Still figuring stuff out.,4,0,,1,86,16,not long star happy far figure stuff
2022-06-15 17:57:09,So far so good. Lots of music to choose from and even the good old stuff from the goth days back in the 80s,5,0,,1,107,24,far good lot music choose good old stuff goth day 80
2022-06-18 12:35:01,Not working with wifi networks,1,0,,0,30,5,work wifi network
2022-07-02 05:37:38,Downloading a playlist only means you'll have the first 10 seconds of each song. Embarrassing. I switched to this after Google got rid of Google music. I guess nothing good exists anymore.,1,0,,0,188,32,download playlist mean ll 10 second song embarrass switch google get rid google music guess good exist anymore
2022-06-10 13:34:58,App plays any song EXCEPT the one selected to play. This is useless; the PC and web versions are much better.,2,0,,0,109,21,app play song select play useless pc web version well
2022-06-30 19:02:39,"I want to know what happend the collaborative button because now i cant add songs on others people's playlist. I updated it many times but the collabrative button wont pop up, and also can you guys put a spotify chat system on there its gettin really boring trying to talk by putting songs on other people's playlist Overall its great.",5,0,,1,335,60,want know happend collaborative button not add song people playlist update time collabrative button will not pop guy spotify chat system gettin boring try talk put song people playlist overall great
2022-06-29 18:22:25,showing break after a every song because u want that users take your premium account by getting frustrated of seeing ads. Worst app!! They interupt after every song by showing ads and say after every ad enjoy the next 30 minutes without interuption 🤯,1,1,,0,250,44,show break song want user premium account get frustrated see ad bad app interupt song show ad ad enjoy 30 minute interuption
2022-06-14 22:45:02,I love spotify its easy has every genre of music for one low price!!!!!,5,0,,1,71,14,love spotify easy genre music low price
2022-07-09 01:47:18,"I have a love/hate relationship with this app. I dont mind the ads, its the fact that i cant choose what songs i want to listen to anymore. I only get previews of the songs. I can only get 6 skips per hour. I cant do anything i want. Almosr all the songs i like to listen to are only for premium users. You put so many restrictions on us. Id rather pay for tidal. 2022 UPDATE: switched to youtube music my life is so much better 😻😻",2,50,,0,431,88,lovehate relationship app not mind ad fact not choose song want listen anymore preview song skip hour not want almosr song like listen premium user restriction pay tidal 2022 update switch youtube music life well
2022-05-30 23:51:12,"This app is getting more and more broken. No playlist, or even song for that matter, will play properly without this weird switch thing. It won't listen to the songs (won't show up). I don't know how to fix it, and I can't listen to my playlists with it doing this. If I can't listen, what's the point of having it?",2,5,,0,315,61,app get broken playlist song matter play properly weird switch thing will not listen song will not not know fix not listen playlist not listen point have
2022-06-29 18:49:00,"App has suddenly become horribly unstable. Frequently, a new song will start, but the notification won't update. When this happens, the app will only open as a black screen and the only way to stop music is to force stop the app. Have tried all the usual troubleshooting, cleared data, reinstalled, etc. but this still happens almost every time i listen to music with the app.",5,2,"Hey, sorry to hear that. We'd like to take a closer look at what's happening. If you have the time, give our Customer Service a shout. You can find them by heading to support.spotify.com and searching ""Contact us"".",1,376,66,app suddenly horribly unstable frequently new song start notification will not update happen app open black screen way stop music force stop app try usual troubleshooting clear datum reinstall etc happen time listen music app
2022-05-30 17:25:17,Good song collection n best application for listening music 🎧,5,0,,1,61,10,good song collection good application listen music
2022-06-04 02:05:30,"What is wrong with spotify these days. Not easily open, take too much time to open, add to queue option never work, shut down by its own, and so many glinchs between songs. please fix these problems otherwise I'm going to uninstall it very soon.",1,2,,0,245,45,wrong spotify day easily open time open add queue option work shut glinch song fix problem go uninstall soon
2022-06-14 14:17:13,Its a good app because if you are sad mood this app changed your mood in happiness and it is so amazing app and I am so happy because I have this app,5,0,,1,149,33,good app sad mood app change mood happiness amazing app happy app
2022-06-28 15:27:38,"Doesn't work without data. Pretty much useless if you are not willing to use data while out and about. If you have downloaded playlists, and try to switch between them, the songs just never load, and so you cannot access any of your downloaded music",1,0,,0,249,45,not work datum pretty useless willing use datum download playlist try switch song load access download music
2022-06-12 08:56:50,"The new update is so annoying I can't even change the song when I put it on ""Shuffle"" and the layout is so annoying when I try to play a song I want it gives me a ""part"" of the song like no I want the whole song. Please fix this",1,0,,0,228,51,new update annoying not change song shuffle layout annoying try play song want give song like want song fix
2022-06-02 15:45:46,It says no inernet connection but i have full internet connection,1,0,,0,65,11,say inernet connection internet connection
2022-06-11 21:18:48,"Spotify app and web player both randomly play 5, 10 or 30 seconds of song then move to next song. This continues through every song. App and web player automatically keep turning volume up on Android phone. Cache cleared, app Uninstaller and reinstalled, plone restarted.",1,0,"Hi there! Hey! It sounds like you're seeing one of a few changes we've made recently. We always test improvements and new features, so you might see something your friends don't. Let us know what you think over at https://community.spotify.com/.",0,271,45,spotify app web player randomly play 10 30 second song song continue song app web player automatically turn volume android phone cache clear app uninstaller reinstall plone restart
2022-06-08 06:55:01,Sometimes when I'm ooffline it won't load my liked songs that I've downloaded at all :/,2,0,,0,87,16,ooffline will not load liked song ve download
2022-07-06 15:13:32,Got some bugs going on. Had to Uninstall cuz the app went into possessed mode.... I was watching a movie when out of no where music started interrupting...,2,0,,0,155,28,get bug go uninstall cuz app go possess mode watch movie music start interrupt
2022-06-01 09:22:46,Very good app. Good visuals and good performance. I hardly face any bugs. Please keep on improving the app. Thank you. —Adithya K,5,0,,1,129,23,good app good visual good performance hardly face bug improve app thank adithya
2022-06-26 09:02:27,"Have had pathetic experience of using the app recently. Even when I was logged in and all the songs from any of presaved playlist were played, app showed no internet connection issue while I used to search. For the very same reason I uninstalled and reinstalled the app as well. But it didn't help. I hope the developers look into this as a serious concern. If not solved ASAP, users might end up with other music streaming platforms. Which I already have been shifted to and have uninstalled the app",1,0,,0,500,90,pathetic experience app recently log song presaved playlist play app show internet connection issue search reason uninstalle reinstall app not help hope developer look concern solve asap user end music streaming platform shift uninstalle app
2022-06-14 17:50:33,So i really liked this app so much but idk what happened Spotify started to lag very much and it took so long to play a song or open a playlist all of my playlists and liked songs are in Spotify i really wanna change my song app but I can't only those playlists and liked songs are holding me back please Spotify resolve this issue I'm frustrated..,1,0,,0,348,68,like app idk happen spotify start lag take long play song open playlist playlist like song spotify wanna change song app not playlist like song hold spotify resolve issue frustrate
2022-06-06 21:01:47,"Love Spotify , wonderful app. Wouldn't trade it.❤️❤️❤️❤️❤️👍👍💯🌹",4,0,,1,62,8,love spotify wonderful app not trade
2022-07-08 06:04:57,Blank screen with Spotify logo is appearing and nothing is happening. Uninstalled and reinstalled it but it's the same nothing changed.,1,1,,0,135,21,blank screen spotify logo appear happen uninstalled reinstall change
2022-07-03 02:57:41,Some bugs and repeatative ads are annoying but the auto-play is world's best system,5,0,,1,83,14,bug repeatative ad annoying autoplay world good system
2022-06-19 14:07:47,Love it my nephew set up songs that my brother loved. Many memories,5,0,,1,67,13,love nephew set song brother love memory
2022-06-29 13:47:15,Spotify is more difficult to work than other similar platform but one's you get the hang of it it's all good from there Scotty boy 💯 Spotify playlist check me out 🎧💯 plus if I make a playlist up I want to play it in the order that I set it up on its on shuffle and it's a pain when I'm trying to show my skills to the public what goes with what track after another in a selective way like it should be done by Scotty boy 💯 Spotify playlist 🎧,4,0,,1,441,93,spotify difficult work similar platform one hang good scotty boy spotify playlist check plus playlist want play order set shuffle pain try skill public go track selective way like scotty boy spotify playlist
2022-06-24 14:56:24,"The only thing I don't like is there is no way to replay as song you like, you can skip songs but you cannot go back to one of you want to share it or get three title and artist. Everything else here is work it, even on the free aspect.",5,0,,1,236,51,thing not like way replay song like skip song want share title artist work free aspect
2022-06-07 21:21:04,"Can podcasts ""My Episodes"" be sorted by released, newest to oldest?",2,0,,0,67,11,podcast episode sort release new old
2022-06-15 13:58:21,Great for music love it,5,0,,1,23,5,great music love
2022-07-09 00:51:38,"Music and podcasts when I exercise, shower, cook, eat, whenever I want to feel upbeat, focused, or just want to listen to a great interview. Great app.",5,0,,1,151,27,music podcast exercise shower cook eat want feel upbeat focus want listen great interview great app
2022-06-19 16:39:00,I'm very happy with the app nd appreciate it ❤️,5,0,,1,47,10,happy app nd appreciate
2022-06-13 14:18:40,Wonderful. Premium is wotlrth it. They will barage you with ads if not.,5,0,,1,71,13,wonderful premium wotlrth barage ad
2022-06-02 14:08:30,Since New update my Spotify premium doesn't work,1,0,,0,48,8,new update spotify premium not work
2022-07-06 04:15:37,I don't know I if it's just me but every time I play my LIKE songs it will play but later I will play song that I never liked or is interested in 😬😬,2,0,,0,148,34,not know time play like song play later play song like interested
2022-07-05 18:51:54,Any other Android users having issues with the app? I've read alot of us are experiencing the same issue after updating the app..once it's updated and you try to reopen it stays stuck on the logo....its trying to load up but never does! Extremely frustrating when you can't speak to a human. All Bots when trying to resolve the issue! Back to Pandora I go!😭😭😭💔💔💔,1,5,,0,362,65,android user have issue app ve read alot experience issue update apponce update try reopen stay stuck logoit try load extremely frustrating not speak human bot try resolve issue pandora
2022-06-13 11:08:38,"Please include the ""Add to Queue"" function to the ""What's New"" section.",4,1,,1,71,12,include add queue function new section
2022-06-23 23:44:20,"The app always plays songs that aren't on my playlist, I tried removing the songs from my playlist but I can't find them. They're not in the recommendation either, please fix this.",1,0,,0,180,32,app play song not playlist try remove song playlist not find recommendation fix
2022-06-24 16:57:22,"I have recharged for 7 days premium, but I can't able to connect and listen with other premium members,Repeatedly showing only eligible for premium members.",1,0,,0,156,25,recharge day premium not able connect listen premium membersrepeatedly show eligible premium member
2022-07-03 06:13:12,The app is so useful. You can listen to the songs while doing anything n everything. Songs makes emotions more valuable. But I think they should decrease the rate of ads a little bit that's why I am giving it 4 for now but It will be set to 5 when the ad rate is deacresed. The song quality is so good that's why I will recommend to use this app for sure.,4,12,,1,355,73,app useful listen song song make emotion valuable think decrease rate ad little bit give set ad rate deacrese song quality good recommend use app sure
2022-06-05 05:19:21,"I seriously do not go anywhere without Spotify, have found a songs which it was impossible to find.",5,0,,1,99,18,seriously spotify find song impossible find
2022-06-12 00:11:48,"As of late, Spotify has been really buggy for me. My tab S8 has issues going landscape in song where everything bunches up, it's almost impossible to swipe through songs because it thinks I'm trying to swipe down to lyrics and I just cancelled the membership and they are spamming me in the app to keep premium (I still have premium and I'm being interrupted by their ads? What the heck is up with that?!). SOO GREEDY! Not a good experience for people w/o premium (at least be a general music player)",2,27,,0,500,92,late spotify buggy tab s8 issue go landscape song bunch impossible swipe song think try swipe lyric cancel membership spamme app premium premium interrupt ad heck soo greedy good experience people will premium general music player
2022-06-22 16:59:09,Songs all are better. But they dont give importance to kannada songs like other language songs. So thats why i am giving 2 star,2,0,,0,127,24,song well not importance kannada song like language song give star
2022-06-11 08:58:24,latest update is way too glitchy. songs completely stop out of nowhere. also the songs skip a lot or don't even play,2,1,,0,116,22,late update way glitchy song completely stop song skip lot not play
2022-06-18 18:12:33,Best music listening app 10000000/10,5,0,,1,36,5,good music listen app 1000000010
2022-06-18 15:00:30,"After a while, my account was unable to be edited and my username appeared as random letters and numbers. Whenever I tried to play a song, it would play a 30 second ad and then do the ""You'll get 30 minutes of uninterrupted listening"" thing. But even though the ad was over, the timer was still counting up. I couldn't do anything on the app and all of my playlists had been removed, as well as my search history. 🙃",1,24,,0,415,80,account unable edit username appear random letter number try play song play 30 second ad ll 30 minute uninterrupted listening thing ad timer count not app playlist remove search history
2022-06-30 03:17:52,I WANT TO SKIP AND LISTEN BUT THE OPTION IS LIMITED OTHER THAN THAT I L9VE IT,4,0,,1,77,17,want skip listen option limit l9ve
2022-07-02 09:03:21,If I can't change the theme of my lyrics at least give me nice themes because your current themes are very boring,2,0,,0,113,22,not change theme lyric nice theme current theme boring
2022-06-21 20:40:53,This app sucks. I have no control on stopping or starting. Doesn't work with headphones,2,0,,0,87,15,app suck control stop starting not work headphone
2022-06-16 08:39:25,Best music app I've used so far. The albums especially the recommended ones are fantastic.,5,1,,1,90,15,good music app ve far album especially recommend one fantastic
2022-07-01 07:17:30,Very easy to find any song you like no matter how old it is,5,0,,1,59,14,easy find song like matter old
2022-06-21 09:46:30,Let me tell you people I know the ads suck but if it shows you a ad just take off the app and boom no ads,5,0,,1,105,26,let tell people know ad suck show ad app boom ad
2022-06-29 12:55:10,All your music needs in one place,5,0,,1,33,7,music need place
2022-07-05 21:06:20,"I've been using this app for 4 years,but the new update is getting on my nerves.If you want to listen to a song you can't listen to it first if you even wanted to, instead it puts the songs in a order where you can't choose which one you wanna listen to first. Not only that, but when I tap on a song to listen to it instead of showing the play button it shows other songs and not the one I wanted to listen to. It is also frustrating when I wanna play a song on my playlist.",1,8,,0,475,99,ve app yearsbut new update get nervesif want listen song not listen want instead put song order not choose wanna listen tap song listen instead show play button show song want listen frustrating wanna play song playlist
2022-06-20 13:22:37,I love it i can find diffrent kinds of songs without a problem,5,0,,1,62,13,love find diffrent kind song problem
2022-06-05 16:38:57,Every time I turn on on Spotify it keeps playing and won't turn off. I went into settings and it still won't stop,2,0,,0,113,23,time turn spotify keep play will not turn go setting will not stop
2022-06-02 18:28:37,Awesome music app my fave all time!!,5,0,,1,36,7,awesome music app fave time
2022-06-30 08:43:30,Best app when it comes to music choice,5,0,,1,38,8,good app come music choice
2022-06-23 07:37:37,It is really good it has a plenty of varity of songs u can find any song but ads are werid,4,0,,1,90,21,good plenty varity song find song ad werid
2022-06-08 12:06:37,Anything I wanted to hear. They got it.,5,0,,1,39,8,want hear get
2022-06-29 15:55:02,It is a very good app. It has all the music you need. So you should all try it,5,0,,1,78,19,good app music need try
2022-06-07 20:15:57,"great app, needs an update tho it completely takes off what I'm listening to, and kicks me off at times",4,0,,1,103,20,great app need update tho completely take listen kick time
2022-06-16 07:37:53,I love Spotify I will use this app for my music forever all the time 24/7 I don't care about the other apps this one is for me and I love it,5,0,,1,140,32,love spotify use app music forever time 247 not care app love
2022-07-02 22:24:30,It is a good app to play music on and I lessing to my favorite music what I like,5,0,,1,80,19,good app play music lesse favorite music like
2022-05-31 11:47:05,My worship music on SPOTIFY really inspires and lifts me daily!,4,0,,1,63,11,worship music spotify inspire lift daily
2022-06-14 04:35:40,Recently this app isn't working on Airtel network,1,0,,0,49,8,recently app not work airtel network
2022-06-28 18:57:25,"After getting the 1 month subscription Spotify app on my windows 11 is not working! It shows ""Spotify can't play this right now. if u have the file in your computer you can import it"". I have even tried reinstalling the app but it still acts the same. + All Songs aren't downloading in my mobile!",1,34,,0,296,56,get month subscription spotify app window 11 work show spotify not play right file computer import try reinstall app act song not download mobile
2022-06-22 18:14:18,user interface deteriorating after each update. deserves less than one star,1,0,,0,75,11,user interface deteriorate update deserve star
2022-07-08 14:47:28,Very good app all genres and era of music Gave 4 stars not that there is an issue just that there is always room for some unknown improvement,4,0,,1,141,28,good app genre era music give star issue room unknown improvement
2022-07-05 19:00:15,Currently the play bar is disappearing from the bottom of the app constantly. Extremely frustrating and yet marked as resolved according to their website. Will be leaving 1 star review until this is fixed properly because it's a core feature that should never be broken (for an extended period of time at that) in a music app.,1,5,,0,326,57,currently play bar disappear app constantly extremely frustrating mark resolve accord website leave star review fix properly core feature break extended period time music app
2022-07-08 19:48:32,My experience with Spotify is just great! Thank you Spotify for everyday.,5,0,,1,73,12,experience spotify great thank spotify everyday
2022-06-17 08:47:25,"app keeps pausing music, very annoying",2,0,,0,38,6,app keep pause music annoying
2022-06-07 09:40:19,This is very good app Spotify hindi song telugu tamil wow,1,1,,0,57,11,good app spotify hindi song telugu tamil wow
2022-07-01 13:13:28,"Very easy to use, and I just love it. Plenty of music to play!",5,0,,1,62,14,easy use love plenty music play
2022-06-29 12:41:27,"I disabled the automatic and timer player, but nothing works on this app ! Waking me up at 12 am !!!! With this music that I don't even like and I couldn't find a way to delete this music from play recently or from history!",1,0,,0,223,45,disable automatic timer player work app wake 12 music not like not find way delete music play recently history
2022-06-21 06:40:15,"Worst music experience it only plays the suggested one and not what i searched, it has so many bugs and so many ads, i logged out and logged in again still it doesn't play my searched song its totally dictatorship",1,0,,0,213,40,bad music experience play suggest search bug ad log log not play search song totally dictatorship
2022-06-03 22:27:52,Very inspirational and overall amazing.,5,0,,1,39,5,inspirational overall amazing
2022-07-06 02:46:35,Ok this app is good but please remove limited skips I have the subscription for it and I love it but the free version is just so bad so make it so you have unlimited skips the ads are fine but the limited skips are just bad so please remove that,4,0,,1,245,51,ok app good remove limited skip subscription love free version bad unlimited skip ad fine limited skip bad remove
2022-06-22 17:17:52,"Did the update but downloaded music had to re download again so I pay $9.99 a month just to download music each month is not worth the $9.99 anymore not a good app to use anymore you lost my subscription,.",1,0,,0,205,40,update download music download pay 999 month download music month worth 999 anymore good app use anymore lose subscription
2022-06-04 21:04:00,Great podcasts. Great music playlists,5,0,,1,37,5,great podcast great music playlist
2022-06-28 23:36:22,"Best sound, best quality of songs.",5,0,,1,34,6,good sound good quality song
2022-06-27 03:14:48,It always says I'm offline even on a super fast network & search doesn't work. It makes the app useless. This started in the recent builds from last 10 days or so Apart from that Amazing app. You have the fastest streaming service I have used really amazing. These feature requests look to be done 1.Reduce the amount of space it uses in my disk. 2.Genre playlist which plays songs in all languages in that genre Thanks for that.,1,114,,0,429,79,say offline super fast network search not work make app useless start recent build 10 day apart amazing app fast streaming service amazing feature request look 1reduce space use disk 2genre playlist play song language genre thank
2022-06-22 02:48:33,Terrible. Seems I can only shuffle songs at random and not listen to the playlists I want. I believe this change is new and it was a bad one. If there is some way to turn this off I still think my review would be low because it is not very intuitive.,1,0,,0,250,52,terrible shuffle song random listen playlist want believe change new bad way turn think review low intuitive
2022-06-14 02:35:22,Listen to all the best podcasts on Spotify. Love it.,5,0,,1,52,10,listen good podcast spotify love
2022-07-08 14:28:39,I really love to listen to my music I love,5,0,,1,42,10,love listen music love
2022-06-17 04:13:47,"Lots of good content. The software is garbage. It freezes every time I use it; it never connects to the internet without my help; does not sync with Android Auto. Glitches galore, and it pisses me off every time I use the stupid app.",1,0,,0,233,44,lot good content software garbage freeze time use connect internet help sync android auto glitch galore piss time use stupid app
2022-07-04 12:54:13,I always use this app... I mean I can't do any work without music!! I love this app..,5,0,,1,85,18,use app mean not work music love app
2022-07-07 21:09:07,"Best streaming music and podcast app. Especially if you like discovering new music, this app is for you.",4,0,,1,104,18,good streaming music podcast app especially like discover new music app
2022-06-30 03:30:00,"Every song is available, & best interface among others.",5,0,,1,55,9,song available good interface
2022-06-21 05:47:49,"What's up with crashes when viewing video podcast? Other than that, audio features and plagbacks are top notch",2,1,,0,110,18,crash view video podcast audio feature plagback notch
2022-06-08 19:19:33,This app really frustates me sometimes. I got premium but I can't download any playlists or podcats. They simply don't start.,2,0,,0,125,21,app frustate get premium not download playlist podcat simply not start
2022-06-20 10:50:27,I've recently installed the app but the songs dont play and all the playlists are empty so can't play them either because it directs me to main page.,1,0,,0,149,28,ve recently instal app song not play playlist not play direct main page
2022-06-23 10:48:11,the app always play the less popular songs..youtube is far far better... if a user asks for an artis.. then play the songs frm the artist.. dont play other songs from other singers... and play the top songs not the unknown songs.,2,0,,0,229,42,app play popular songsyoutube far far well user ask artis play song frm artist not play song singer play song unknown song
2022-06-12 22:17:02,It's so annoying like I want to plat music and the skips and the ads its just stupid how you get sic skips then I just go on YouTube instead,1,0,,0,140,30,annoying like want plat music skip ad stupid sic skip youtube instead
2022-07-09 04:58:27,I can find most songs I love but sometimes can't find older songs but love it none the less.,4,0,,1,92,19,find song love not find old song love
2022-06-05 14:00:27,"Would've given 5 stars because I've been enjoying and using it for years now. But there are things that I didn't like, like I exit the app and I stop listening, then if I go back to the app after minutes or hours. I can't seem continue what I have been listening. I have to click my playlist again just to make the music work. I don't know what to do with this kind of thing.",4,8,,1,375,76,ve give star ve enjoy year thing not like like exit app stop listen app minute hour not continue listen click playlist music work not know kind thing
2022-07-03 21:59:42,I hate this app like there is a couple times when the Wi-Fi is strong but then it's still having problems working like it has its times when it doesn't work the way it's supposed to meaning the music won't work or the music will glitch which is why I hate this app other than that it's a pretty bad app it even shows lyrics which is good if you want to learn the lyrics of the song. I really hate the ads especially after like 5 minutes it goes to having three ads and everytime please fix that.,2,25,,0,495,99,hate app like couple time wifi strong have problem work like time not work way suppose mean music will not work music glitch hate app pretty bad app show lyric good want learn lyric song hate ad especially like minute go have ad everytime fix
2022-07-08 14:05:57,Not happy with the hey Spotify thing. I don't like it taking away my control while I'm in a vehicle.....or maybe this is just a bug.,2,0,,0,132,26,happy hey spotify thing not like take away control vehicleor maybe bug
2022-07-04 18:33:28,"Has all of my favorite songs!! One thing.... it says ""no internet connection available"" when I try to play a playlist.. even when I do! Anyone else having this issue??",4,0,,1,167,30,favorite song thing say internet connection available try play playlist have issue
2022-06-16 16:22:04,I love the broad variety of the music selection. It's rare for them to not have the songs you're looking for. Definitely a worthy add.,5,0,,1,134,25,love broad variety music selection rare song look definitely worthy add
2022-06-07 13:56:25,"The free version is useless. It only made me aggressive. The app doesn't remember that it already played the ""once every 30 min"" ad. And bombards me with ads. Never bringing this trash to the gym again. I rather bring a power bank. Useless and very much overhyped.",1,0,,0,264,48,free version useless aggressive app not remember play 30 min ad bombard ad bring trash gym bring power bank useless overhype
2022-06-11 07:15:30,"Video stream not working anymore, stoped working in the midle of a podcast.",1,0,,0,75,13,video stream work anymore stop work midle podcast
2022-06-23 19:16:43,This app sucks. If you do not have premium you can not even choose what song u want.,1,0,,0,84,18,app suck premium choose song want
2022-06-24 17:10:37,"Garbage. Spotify sucks at playing music. Several years paying for this app and it still has no idea what music I enjoy. If I ask my Google home to play a specific song off of spotify, it won't do it most of the time. Unacceptable for a paid service.",1,0,,0,249,49,garbage spotify suck play music year pay app idea music enjoy ask google home play specific song spotify will not time unacceptable pay service
2022-06-27 06:27:32,Love using Spotify.,5,0,,1,19,3,love spotify
2022-07-04 02:03:16,Brings in the best music I need to hear.,5,0,,1,40,9,bring good music need hear
2022-06-17 01:07:12,"Love this app! Plays in the background easily, but alot of ads... Get one every two songs! And I have a lot of songs in my Playlist. So if you guys can put less ads would be really good!",4,0,,1,186,39,love app play background easily alot ad song lot song playlist guy ad good
2022-06-03 03:40:53,I m very new to this app. I feel it's very convenient app to listen Bhagwat Geeta in many languages. I like this app very much.,5,0,,1,127,26,new app feel convenient app listen bhagwat geeta language like app
2022-07-09 08:28:14,Works super well.... When it works... The app doesnt seem to want to load 3/4ths of the time. Ultra laggy. Locks up my phone occationally... Makes no sense. Otherwise. Features are plentiful and you can find most anything.,2,0,,0,222,38,work super work app not want load 34th time ultra laggy lock phone occationally make sense feature plentiful find
2022-07-01 16:59:06,The app is amazing no ads and can hear all the music i like,5,0,,1,59,14,app amazing ad hear music like
2022-06-15 18:57:55,I love the radio theater and the music lots of good songs,5,0,,1,57,12,love radio theater music lot good song
2022-06-12 09:27:46,So far I'm happy with the app - it gives good service..keep up the good work.,4,0,,1,77,16,far happy app give good servicekeep good work
2022-07-05 23:43:57,"WHAT HAPPEN TO THE CANVAS? I can't skip to next songs (both on phone and Bluetooth), cannot select loop, random, or direct, can't see the lyrics, and can't skip through songs. PLEASE FIX THIS",4,0,,1,191,34,happen canvas not skip song phone bluetooth select loop random direct not lyric not skip song fix
2022-07-06 11:56:17,"I can't listen to what I want, why shuffling songs in an album or playlist against my will ? Damn! Pls fix this..",1,0,,0,113,23,not listen want shuffle song album playlist damn pls fix
2022-06-27 19:28:54,Spotify is the best I couldn't live without their music,5,0,,1,55,10,spotify good not live music
2022-06-16 15:38:18,If you are a music lover then this app is best for you❤❤,5,0,,1,56,13,music lover app good
2022-06-17 21:02:57,Hard as hell to set up and when ever I use Bluetooth the sound automatically goes to quiet and there's no way to fix it,1,0,,0,119,25,hard hell set use bluetooth sound automatically go quiet way fix
2022-06-11 08:32:10,Very nice app . All songs are there . I love this app .,5,0,,1,55,14,nice app song love app
2022-07-03 02:32:47,"So easy to use! Thanks, kd",5,0,,1,26,6,easy use thank kd
2022-06-02 13:53:08,Love to listen to my favorite music,5,0,,1,35,7,love listen favorite music
2022-06-20 09:48:55,"The best app ever I love Spotify alot, the music and everything",5,0,,1,63,12,good app love spotify alot music
2022-06-17 10:46:04,Bug reporting: Cannot share a remote session with someone. When they open the link it just brings them to the Spotify homepage. The year of our lord Jesus Christ is 2022 and for some god foresaken reason I am sat on a bus and unable to listen to music with my girlfriend.. Why Why Why,2,0,,0,284,55,bug reporting share remote session open link bring spotify homepage year lord jesus christ 2022 god foresaken reason sit bus unable listen music girlfriend
2022-07-03 04:21:14,I just love it ☺️ can't explain more. I listen to any music I want and helps me to know many different artists,5,0,,1,110,23,love not explain listen music want help know different artist
2022-06-23 00:03:36,It's an easy app to use and the selection is endles,5,0,,1,51,11,easy app use selection endle
2022-05-30 19:27:39,"It's awesome, you just have to get premium 😜",4,0,,1,44,9,awesome premium
2022-06-08 18:56:41,"Awful for the last two weeks!!! Premium user App has bad glitches, please fix ASAP! Screen freezes or goes blank. Can't skip to next song. When typing in search bar no letters appear. Playlist won't load. App works when it feels like it this is super frustrating for a music lover! On the verge of canceling and switching to Tidal this has never happened in the years I've had Spotify.",5,12,"Hey, we're sorry to hear that. We suggest reinstalling the app by following the steps from our support site. Just head to support.spotify.com and search for ""Reinstall Spotify"". If this doesn’t help, we suggest contacting our Customer Service so they can look into this. You can find them by searching ‘Contact us' instead.",1,385,70,awful week premium user app bad glitch fix asap screen freeze go blank not skip song type search bar letter appear playlist will not load app work feel like super frustrating music lover verge cancel switch tidal happen year ve spotify
2022-06-17 23:26:42,What happened to the podcasts? I used to be able to select one and it would take me to the last episode I listened to. Now it just starts at the top and I have to scroll through 300 episodes to get to the one I was on. Not cool.,2,1,,0,228,50,happen podcast able select episode listen start scroll 300 episode cool
2022-06-08 18:31:37,"Phenomenal selection of music, excellent quality and a user friendly gui makes this a great app. Thank you the Developers.",5,0,,1,122,20,phenomenal selection music excellent quality user friendly gui make great app thank developer
2022-06-08 09:36:35,It's been great! Literally every song is in here. Highly recommend it for everyone who enjoys listening to music as sloften as I do.,5,0,,1,132,24,great literally song highly recommend enjoy listen music sloften
2022-05-30 14:45:55,I can't search podcasts.otherwise good app.but I very sad About i cannot search or open podcast.,1,0,,0,96,16,not search podcastsotherwise good appbut sad search open podcast
2022-07-09 12:58:54,It always crashing down; unable to play and just stop working everytime I use it,1,0,,0,80,15,crash unable play stop work everytime use
2022-06-02 16:14:05,Great variety & easy to navigate.,5,0,,1,33,6,great variety easy navigate
2022-07-07 13:00:57,In the new update i am not able to add songs to the queue.,4,0,,1,58,14,new update able add song queue
2022-06-13 12:57:38,"Very clunky and fragile. Needs rebooting a lot to get the correct ""now playing"" screen, which often disappears. For some reason, when wanting to play an album from beginning to end, after the first song, it just starts playing something random from a Playlist with no reason. Also, it doesn't take much for it to start buffering, despite having full and strong signal. Please fix these issues ASAP.",2,33,,0,398,68,clunky fragile need reboot lot correct play screen disappear reason want play album begin end song start play random playlist reason not start buffer despite have strong signal fix issue asap
2022-06-06 04:41:36,"This application USED to be good. For a while now, whenever I play podcasts on my Samsung Galaxy phone, the audio will randomly stop after a few minutes of playing. It also has weird bugs where it doesn't show ti be playing a song, but the audio is coming through. Very disappointing how this app has fallen from being benchmarking, in my opinion.",4,4,,1,347,63,application good play podcast samsung galaxy phone audio randomly stop minute play weird bug not ti play song audio come disappointing app fall benchmarke opinion
2022-07-08 18:18:20,The bar with the currently played music doesnt come up making me unable to start/stop the music.,1,0,,0,96,17,bar currently play music not come make unable startstop music
2022-06-04 07:27:29,Best i recommend downloading this...if you are reading this download.,5,0,,1,69,10,good recommend download thisif read download
2022-06-07 17:48:58,"One big reason to love this app is that you can be listening to Spotify music and send text messages, play games. It will continue to play while doing other things. Spotify has tons of music to chose from, different genres and a almost endless list of artist. This app has gotten better and better. The concerts, special sales for merchandise from your favorite musicians and the all extras that are to many to list. Love it still!!",5,31,,1,432,78,big reason love app listen spotify music send text message play game continue play thing spotify ton music chose different genre endless list artist app get well well concert special sale merchandise favorite musician extras list love
2022-07-03 20:15:08,"I understand the need for ads, but come on... I'm getting 3 30 second ads after nearly every song",2,0,,0,97,19,understand need ad come get 30 second ad nearly song
2022-06-06 15:03:24,Outsanding... Everything you want in music life is here...Highly recommend app..!!! Good Job Spotify 👍👍👍,5,0,,1,104,15,outsande want music life herehighly recommend app good job spotify
2022-06-10 20:43:38,"Good , but it will be better if i can chose music i want on a phone",5,0,,1,67,17,good well chose music want phone
2022-06-17 16:46:42,Great app. Couldn't do without it.,5,0,,1,34,6,great app not
2022-06-24 10:03:14,The update made adding songs to a playlist difficult .,1,1,,0,54,10,update add song playlist difficult
2022-06-10 14:44:28,"Best app for music that money can buy, I use it everyday!",5,0,,1,57,12,good app music money buy use everyday
2022-06-30 17:31:40,Lyrics aren't available for any of the songs (latest updated),1,0,,0,61,10,lyric not available song late update
2022-06-10 09:24:54,Thank you spotify the reason i came here is to support BTS☺ I WAS AN ARMY since 2014. Sorry just now i rate you here... in a PROOF era... but you already know your doing good in your flatform... Once again...thank you from BTS ARMY💜💜,5,0,,1,233,45,thank spotify reason come support bts army 2014 sorry rate proof era know good flatform againthank bts army
2022-06-24 19:31:20,Great place to get nice music,5,0,,1,29,6,great place nice music
2022-06-20 08:45:24,"App is good, sound quality and every music and podcast is present but too many ads...",5,0,,1,85,16,app good sound quality music podcast present ad
2022-06-17 09:17:26,Good App..Doesn't have ads between songs and has a wide variety..Let's you explore new genres....,4,0,,1,97,15,good appdoesnt ad song wide varietylet explore new genre
2022-06-01 06:24:21,"Great app. They play latest and old music to suit every client. The app plays smooth and doesn't have connection interruptions. I actually appreciate the adds on the app because the service it provides saves me a lot of money, time, and research. I just love Spotify. Great work guys",5,1,,1,283,50,great app play late old music suit client app play smooth not connection interruption actually appreciate add app service provide save lot money time research love spotify great work guy
2022-06-26 15:37:41,I love listening to Spotify,5,0,,1,27,5,love listen spotify
2022-06-29 16:56:47,"I'm glad I can listen to my favourite podcasts but this whole you have to pay all of a sudden to listen to a song you like, that is not worth it, i suggest you take a step down with the latest update",2,1,,0,199,43,glad listen favourite podcast pay sudden listen song like worth suggest step late update
2022-07-08 16:45:23,"I don't want to see ""shows to try"" or ""episodes for you"" podcasts first in the front page. I really dislike the recommendations, often grotesque and straight up unamusing, so I would never, ever use Spotify to listen to podcasts. I don't pay premium for letting you shove those horrible shows at the beginning of the front page, I'm paying to have my MUSIC ad free.",1,0,,0,365,66,not want show try episode podcast page dislike recommendation grotesque straight unamuse use spotify listen podcast not pay premium let shove horrible show beginning page pay music ad free
2022-07-05 12:09:22,Great music collection,5,0,,1,22,3,great music collection
2022-06-20 04:32:36,So far better than streaming MP3's on your phone so much better especially for all of us poor people in this covid time of time of breaking businesses so I guess everything is free now and that as well be because people are working so hard for no reason we might as well listen to something that's peaceful. But don't get me wrong we should still work. Only because we want to and we should do it just to help.,5,0,,1,410,80,far well stream mp3s phone well especially poor people covid time time break business guess free people work hard reason listen peaceful not wrong work want help
2022-07-01 23:39:44,Awesome I love the music sound,5,0,,1,30,6,awesome love music sound
2022-07-03 04:50:34,Has almost every song I have ever searched!,5,0,,1,43,8,song search
2022-06-07 04:57:16,Not working properly,1,0,,0,20,3,work properly
2022-06-24 21:43:03,"With this app, I can listen to music without interruption",5,0,,1,57,10,app listen music interruption
2022-06-13 13:38:05,"Because my music is so important to me and my well being SPOTIFY is the music app I require! ""MUSIC IS THE MELODY OF THE SOUL WITH THE LYRICS BY GOD!""",5,0,,1,150,31,music important spotify music app require music melody soul lyric god
2022-05-31 01:34:32,I love having all my fave music right there within a click.,5,0,,1,59,12,love have fave music right click
2022-06-06 21:51:53,Enjoy the ability to make any playlist I like,4,0,,1,45,9,enjoy ability playlist like
2022-06-28 17:22:31,"This is a great app for creating and sharing playlists, discovering new music/artists/podcasts, and releasing your own work. It is definitely worth buying premium.",5,0,,1,163,24,great app create share playlist discover new musicartistspodcast release work definitely worth buy premium
2022-07-04 13:44:34,I like this . Spotify is vary good app 🌝🌝🌝,5,0,,1,42,10,like spotify vary good app
2022-07-06 05:46:23,Best free streaming app,5,0,,1,23,4,well free streaming app
2022-06-27 20:52:54,"Is very organized, has lots to chose from, both podcasts and songs. Paying for Premium is definitely worth it!",5,0,,1,110,19,organized lot chose podcast song pay premium definitely worth
2022-06-29 18:18:11,"one word, Fantastic.",5,0,,1,20,3,word fantastic
2022-07-01 12:36:17,"Love the app but the Samsung/android glitch is annoying. Having to ""force stop"" the app almost daily to reset the glitch and playback issues.",4,0,,1,141,24,love app samsungandroid glitch annoying have force stop app daily reset glitch playback issue
2022-06-13 19:22:39,Have used the app for years no issues now all of a sudden all my songs have vanished and I can not play anything on the app. Very frustrating was on support Chat for 3 hours and got no where with them!!! I now can not use the app on my phone and have to go thru the internet. 😡,1,1,,0,277,60,app year issue sudden song vanish play app frustrating support chat hour get use app phone internet
2022-06-24 19:57:52,"They have go a great length at making the free version so terrible, horrible, unenjoyable experience.",1,0,,0,101,16,great length make free version terrible horrible unenjoyable experience
2022-06-07 10:06:36,One of the only apps left that can play local files well without pop up ads.,5,1,,1,76,16,app leave play local file pop ad
2022-07-02 23:12:45,Best music app there is nothing beter,5,0,,1,37,7,good music app beter
2022-06-09 23:32:11,"I'm ready to switch to Amazon music. Shuffle option is just horrendously bad. I have a playlist with 16 hours of music with shuffle mode for my bike riding (and sorted by title as suggested by a user) but I keep hearing the same songs over and over. I have tried everything including reinstalling but still just horrendous shuffle. I'm going to trial Amazon music now and if better, bye bye Spotify.",2,15,,0,399,72,ready switch amazon music shuffle option horrendously bad playlist 16 hour music shuffle mode bike riding sort title suggest user hear song try include reinstall horrendous shuffle go trial amazon music well bye bye spotify
2022-06-20 07:32:49,"For me it is perfect music app,respect🧝‍♂️",5,0,,1,42,7,perfect music apprespect
2022-05-31 03:43:07,So now all the sports-related podcasts suddenly stopped working this afternoon? Every sports-relat3d podcast i listen to suddenly stopped playing. What the heck?,1,0,,0,161,23,sportsrelated podcast suddenly stop work afternoon sportsrelat3d podcast listen suddenly stop play heck
2022-06-14 06:51:49,everything is good but my question is i have so many downloaded songs then when i open the data it's downloading again i mean it's downloaded right? so why it's downloading again? sorry I'm bad in English but i hope you understand guys💗,4,0,,1,236,43,good question download song open datum download mean download right download sorry bad english hope understand guy
2022-06-23 11:39:37,Excellent. Very useful and enjoyable!,5,0,,1,37,5,excellent useful enjoyable
2022-06-19 05:40:30,Amazing music platform,5,0,,1,22,3,amazing music platform
2022-07-01 14:18:31,"Premium listener since the start. Love that I can get pretty much anything. And believe me, I have very eclectic tastes. I now have the family plan and my family loves it.",4,0,,1,171,32,premium listener start love pretty believe eclectic taste family plan family love
2022-06-11 11:24:36,"The Spotify is not a song, it's only contains ads lol. I mean i can tolerate 1 ads at 1 time, i just got 4 ads at one time lol. The ads comes out every single t i m e.",1,0,,0,167,40,spotify song contain ad lol mean tolerate ad time get ad time lol ad come single
2022-06-21 16:19:46,"I only use this app for podcasts. Otherwise, it's useless. It never sticks to the albums I select and often plays songs that aren't my playlists. And I hate that the desktop version only plays two songs between ads. I'm better off listening to music on YouTube. At least those ad breaks are short and skippable.",2,4,,0,311,56,use app podcast useless stick album select play song not playlist hate desktop version play song ad well listen music youtube ad break short skippable
2022-06-16 23:02:30,Best app for the music anyone's looking for ⭐️⭐️⭐️⭐️⭐️,5,0,,1,54,9,good app music anyone look
2022-06-17 07:27:45,This is a nice app but the problem is that it shows you are offline even though you are online it is annoying.,2,0,,0,110,23,nice app problem show offline online annoying
2022-06-22 13:42:00,Enjoy the largest collection of music with excellent quality and inbuilt adjustments of the app,4,0,,1,95,15,enjoy large collection music excellent quality inbuilt adjustment app
2022-07-04 20:02:45,The app logged me out for no reason then deleted all of my downloads after sending me a forgot password link that never worked and when I did get in it logged me out immediately when I went out of the app. I had Wi-Fi the whole time as well,4,1,,1,240,50,app log reason delete download send forgot password link work log immediately go app wifi time
2022-07-06 23:50:31,"Edit: This changed on mine (THANKFULLY) so I'm changing my initial rating of 2 stars to 4 stars! The removal of ""pressing play in liked songs and having the songs reshuffle themselves"" in place of ""pressing play in liked songs plays the last song listened to in liked songs"" is very frustrating. I liked being able to click the button again and again to have a random order of the songs I like. I don't always know what song I'm in the mood for. I have premium and this is dissapointing.",4,1,,1,487,91,edit change thankfully change initial rating star star removal press play like song have song reshuffle place press play like song play song listen like song frustrating like able click button random order song like not know song mood premium dissapointe
2022-06-26 09:41:45,Great music lovers appreciate it.,5,0,,1,33,5,great music lover appreciate
2022-06-03 11:58:23,"What the hell is up with the latest update??? All the basic and essential stuff has vanished in favour of a ""new fancy layout"" which actually makes it much harder to navigate. If you're currently playing a song in a playlist, you can't start a new song through shuffle for some reason. Which is even more annoying when songs you've just heard show up again not even 5 songs later. Even turning shuffle on and off doesn't reset it.",1,226,,0,430,79,hell late update basic essential stuff vanish favour new fancy layout actually make hard navigate currently play song playlist not start new song shuffle reason annoying song ve hear song later turn shuffle not reset
2022-07-05 08:49:47,"So far so good, I am loving the app. It makes collecting my Playlists easy",5,0,,1,74,15,far good love app make collect playlist easy
2022-06-23 05:36:52,Thank you Spotify for filling up my free time...,5,0,,1,48,9,thank spotify fill free time
2022-06-03 08:47:33,Can't see that story kinda thing on artists profile eventho we have premium accs. It seems it's the same for the most sri lankan users! Do something about it!,1,0,,0,158,29,not story kinda thing artist profile eventho premium accs sri lankan user
2022-06-22 05:18:40,W music app if you just get premium. Just get it bro it's goated.,5,0,,1,65,14,music app premium bro goated
2022-06-15 04:30:54,"Very happy with Spotify I can listen and search with all the music I liked, good sound quality and easy to use.",5,0,,1,111,22,happy spotify listen search music like good sound quality easy use
2022-06-17 09:14:47,It's a pretty good app I just wish that I didn't have to pay after my free month,4,0,,1,80,18,pretty good app wish not pay free month
2022-06-30 06:36:49,Actually the pc version is good you can atleast select between the songs in your playlist and in this app you can't even do that and when i play my playlist it automatically selects shuffle and sometimes it just playes a songs that is not even in my playlist a rubbish app deleting it.,1,0,,0,285,54,actually pc version good atleast select song playlist app not play playlist automatically select shuffle play song playlist rubbish app delete
2022-07-08 01:45:28,So convenient and easy to use,5,0,,1,29,6,convenient easy use
2022-06-13 15:40:08,"Used to be great. Bring back the separate play and shuffle play buttons, it's such a pain realising you've hit shuffle. Having to turn off loads of features just to keep your sanity sucks. Auto mixing, playing similar music once an album or playlist has finished shouldn't be on my default. Stop changing things for the sake of it. This should be about playing music, not working out how to turn off a new dumb feature. I know companies your size won't act on a person's review or even reply,",1,14,,0,492,90,great bring separate play shuffle play button pain realise ve hit shuffle have turn load feature sanity suck auto mixing play similar music album playlist finish not default stop change thing sake play music work turn new dumb feature know company size will not act person review reply
2022-06-17 13:26:54,best music experience and no Spotify without harry styles,5,0,,1,57,9,good music experience spotify harry style
2022-06-17 00:03:47,I loved it until the recent update. Why did you take off the snippet.,1,0,,0,69,14,love recent update snippet
2022-07-06 17:32:27,"The only issue I have is the gapless feature, it works on my phone really nice but when I transfer to my google speakers or in my car it doesn't work at all.",4,7,,1,157,33,issue gapless feature work phone nice transfer google speaker car not work
2022-06-24 13:45:44,"Garbage. I just want to listen to the song that I want to listen to. Why is that so difficult? And I shouldn't have to watch a 60 second ad for it either. Then it gives me random songs from the same artist. I skip 6 times and it's locked. Screw it, I'll use YouTube.",1,1,,0,266,55,garbage want listen song want listen difficult not watch 60 second ad give random song artist skip time locked screw ill use youtube
2022-06-26 18:44:30,"Grate service, still can't get sertin songs same as apple",4,0,,1,57,10,grate service not sertin song apple
2022-07-01 09:56:24,Expensive subscription but gives me access to my old cherish African songs,4,0,,1,74,12,expensive subscription give access old cherish african song
2022-06-01 20:05:43,Love the App but slow at opening.,4,0,,1,33,7,love app slow open
2022-07-03 14:24:04,"No video when attached to Bluetooth , joe Rogan is carrying this entire platform",1,0,,0,80,14,video attach bluetooth joe rogan carry entire platform
2022-07-05 15:12:12,I like the app but i hate hattteee when i try to find songs they are shuffled with others songs i dont like and also my playlist,2,0,,0,128,27,like app hate hattteee try find song shuffle song not like playlist
2022-05-31 19:18:10,Brilliant if u buy premium which is quite expensive. If u don't by premium it's rubbish and better using YouTube but if u can afford it it's definitely worth it.,4,0,,1,161,30,brilliant buy premium expensive not premium rubbish well youtube afford definitely worth
2022-06-04 01:31:36,There's no other way to get rid of of the shuffle and it's really annoying I tried so many things and also now I can't play the song I just want to listen to music while doing something old spotiffy put on settings turn off shuffle,1,0,,0,231,46,way rid shuffle annoying try thing not play song want listen music old spotiffy setting turn shuffle
2022-06-02 19:56:05,Great helps with sleeping on the bus,5,0,,1,36,7,great help sleep bus
2022-06-11 10:21:08,Purchased one month of premium after opting for 3 months of free premium but my plan expired on the first month itself and on top of that the support staff is clueless about the situation,1,0,,0,187,35,purchase month premium opt month free premium plan expire month support staff clueless situation
2022-06-11 08:20:31,It amazes me that an app like this can have four stars why do I have to connect online after I download an episode why do I have to use data to see in episode that I've already downloaded that seems to me like a bunch of BS. So I'm like you know this sucks is somebody that only has two gigs of data per month. I'm just starting to hate the internet sooner or later you'll be gone and you'll be forgotten and nobody will remember you but I don't remember the hate for your data usage,1,0,,0,483,98,amaze app like star connect online download episode use datum episode ve download like bunch bs like know suck somebody gig datum month start hate internet soon later ll go ll forget remember not remember hate datum usage
2022-07-09 00:33:38,"Decent service... Except that the free version is getting to the point that at least as much time listening to music is spent listening to ads! 😵 I get you want people to pay for Premium but it's truly ridiculous. Used to really like Spotify. Now I just turned it on, it played ONE song, and then LITERALLY at least 8 (I lost count) ads ranging from 15-45 seconds EACH. And not even the ""Enjoy your next 30 mins of ad free listening"" message so for all I know it'll be the same after the next song.",2,1,,0,498,97,decent service free version get point time listen music spend listen ad want people pay premium truly ridiculous like spotify turn play song literally lose count ad range 1545 second enjoy 30 min ad free listening message know ll song
2022-07-01 13:43:33,"Spotify wrapped is fire and Spotify in general just works very well. I like the enhanced option they added a while back and the lyric & syncing they added is nice. A lot of songs don't have lyric data available though, and even then some don't have syncing data. Still, great app and platform to find and listen to music. Get on a family plan with your friends",5,11,,1,360,68,spotify wrap fire spotify general work like enhance option add lyric sync add nice lot song not lyric datum available not sync datum great app platform find listen music family plan friend
2022-06-26 10:02:54,Good song play!,4,0,,1,15,3,good song play
2022-06-03 21:02:47,Best music streaming app out there,5,1,,1,34,6,good music stream app
2022-07-01 16:24:10,Great for road trips and working! I enjoy making my own playlists as well as listening to the suggestions that Spotify comes up with based on my previous plays. The family membership helps cut costs as well. I can share music with my husband and vice versa!,5,0,,1,257,47,great road trip work enjoy make playlist listen suggestion spotify come base previous play family membership help cut cost share music husband vice versa
2022-06-11 02:09:55,Most of the time the app is not conneting. It says internet not available,1,0,,0,73,14,time app connete say internet available
2022-06-25 10:56:27,From creating yoga Playlist to finding ANY song from any Era to a wide selection of interesting podcast and topics... I use spotify all the time and highly recommend to family and friends!,5,0,,1,188,33,create yoga playlist find song era wide selection interesting podcast topic use spotify time highly recommend family friend
2022-06-24 07:51:47,Fantastic! Love making my own playlists and being able to access new albums immediately...,5,0,,1,90,14,fantastic love make playlist able access new album immediately
2022-06-15 23:41:39,"This app is frickin awesome. I get my old school music along w/the latest jazz, rock, & country I like. Great 👍job guys.",5,0,,1,120,23,app frickin awesome old school music wthe late jazz rock country like great job guy
2022-06-16 16:05:40,"You people are full of sht I select a song and you play your own song, making it impossible for me to play a song that I want",1,0,,0,125,28,people sht select song play song make impossible play song want
2022-06-18 11:26:33,Good sound quality,5,0,,1,18,3,good sound quality
2022-06-17 03:10:29,I love how it let's you play music with your phone off without premium,4,0,,1,70,14,love let play music phone premium
2022-07-06 10:48:32,"I accidentally delete the spotify data, yeah that's my fault. But I try to reinstall it and now I just stuck in the logo loading screen",1,2,,0,135,26,accidentally delete spotify datum yeah fault try reinstall stick logo load screen
2022-07-03 23:05:51,Impossible to use liked songs will only play in shuffle controls are unbearable and the app is stuck on one song and will not let me play any others,1,0,,0,148,29,impossible use like song play shuffle control unbearable app stick song let play
2022-06-08 06:39:21,"Good app but doesnt have some songs ,, but it does have an easy navigation throughout the app and has alot of options too! It doesnt have most youtube videos/songs on youtube ? ❗💯❤️",5,0,,1,181,34,good app not song easy navigation app alot option not youtube videossong youtube
2022-06-30 04:02:46,"It has been a corner stone in my phone, at least now I have something that can ease up the tension. Spotiy is really an amazing app which I'll recommend to every person that passes an eye through it; don't hesitate to download it and give it a shot.",5,1,,1,249,49,corner stone phone ease tension spotiy amazing app ill recommend person pass eye not hesitate download shot
2022-07-01 06:03:38,Fantastic music app and probablythe best,5,0,,1,40,6,fantastic music app probablythe good
2022-06-07 07:17:07,"Spotify has become super glitchy. I'm a paid member and I've been CONSTANTLY and CONSISTENTLY having issues. The player at the bottom of the screen disappears more often than not and when that happens I can't use my Bluetooth controls at all, which I use Spotify mostly at work and cannot stop what I am doing to close and reopen. Most of the time it freezes or won't respond! Shuffle isn't shuffle anymore it plays the same few songs instead of the whole playlist. A lot of times in the same order.",1,108,,0,499,92,spotify super glitchy pay member ve constantly consistently have issue player screen disappear happen not use bluetooth control use spotify work stop close reopen time freeze will not respond shuffle not shuffle anymore play song instead playlist lot time order
2022-06-10 09:49:30,I love Spotify. The car app is super easy and how it connects to my Waze. Thanks,5,0,,1,80,17,love spotify car app super easy connect waze thank
2022-06-17 21:58:38,It's a good app i can listen what i want hehe,5,0,,1,45,11,good app listen want hehe
2022-06-10 01:53:16,Absolutely couldn't live without Spotify 1000/10,5,0,,1,48,6,absolutely not live spotify 100010
2022-07-09 06:57:01,Best song app all over,5,0,,1,22,5,well song app
2022-06-04 16:27:44,So much ad ! After 2 song 2 minute of ad,5,0,,1,40,11,ad song minute ad
2022-06-03 22:45:51,"Love it, I've found so much new music, it's insane.",5,0,,1,51,10,love ve find new music insane
2022-06-25 05:09:02,Worst appl🤮🤮 I get ads after one song Please stop this app. It will be way better,1,0,,0,81,17,bad appl ad song stop app way well
2022-06-13 20:25:58,"I've always loved spotify. And it's even more accessible on my phone. I highly recommend it to any, and everyone who enjoys music.",5,0,,1,130,23,ve love spotify accessible phone highly recommend enjoy music
2022-06-14 11:29:10,"while im in bluetooth earphone the music has auto low and thw quality of the music is not that great,btw im a premium subscriber and this is the last month that I will pay for this kind of music, not worth it",1,0,,0,208,42,bluetooth earphone music auto low thw quality music greatbtw premium subscriber month pay kind music worth
2022-06-12 08:53:30,"Supercalifragilisticexpialidocious! You can download any music or just listen with your mobile data on the go, what else can you ask more...",5,0,,1,140,22,supercalifragilisticexpialidocious download music listen mobile datum ask
2022-07-07 01:41:21,Play/Pause bar missing. Songs will stop playing by themselves. Have uninstalled and reinstalled 3 times in 3 days. Fixes the problem for a few hours then the glitches start again,1,1,,0,178,30,playpause bar miss song stop play uninstalle reinstall time day fix problem hour glitch start
2022-06-08 14:24:11,Can not find a better music app.,5,0,,1,32,7,find well music app
2022-06-08 04:29:30,I really enjoy Spotify. Best music premium app.,5,0,,1,47,8,enjoy spotify good music premium app
2022-06-03 15:37:11,I think the app is overall good to use with the amount of playlists they have and it is very user friendly. But my main thing is I mainly listen to music but have SOOOOO many podcasts popping up instead. I listen to a few podcasts and way more music but see more podcasts. If they could separate them that would be way better. Other than that it's not to bad.,4,62,,1,359,71,think app overall good use playlist user friendly main thing mainly listen music sooooo podcast pop instead listen podcast way music podcast separate way well bad
2022-06-10 02:31:54,Pay for a subscription still getting streamed ads interrupting podcasts. Not sure what I'm paying for if not to avoid ads.,1,0,,0,122,21,pay subscription get stream ad interrupt podcast sure pay avoid ad
2022-07-09 09:25:19,Awesome but some songs I can't find,5,0,,1,35,7,awesome song not find
2022-07-05 13:58:04,One of the best music applications I've used.,5,0,,1,45,8,good music application ve
2022-06-15 12:24:22,still buggy after all these years,4,0,,1,33,6,buggy year
2022-06-24 23:18:30,No longer works on my phone!!!!,1,0,,0,31,6,long work phone
2022-06-22 14:03:32,Alot of good playlists for your needs,5,0,,1,37,7,alot good playlist need
2022-05-31 11:50:04,Since the recent update app won't load at all and is unusable,1,1,,0,61,12,recent update app will not load unusable
2022-06-08 04:42:33,"Love the quality of music, and the features are so comfortable that I always use only Spotify to listen music💜 The premium plans are easily accessible and of reasonable price. I Love Spotify ❣️",5,0,,1,193,34,love quality music feature comfortable use spotify listen music premium plan easily accessible reasonable price love spotify
2022-06-17 10:25:11,The song quality is very good,5,0,,1,29,6,song quality good
2022-06-22 23:02:43,Horrible. Can't go back in a song or Listen to a specific song without premium. unless you have the funds for a premium account it's absolutely not worth it,1,0,,0,156,29,horrible not song listen specific song premium fund premium account absolutely worth
2022-06-20 06:28:03,Great for listening to music and podcasts,5,0,,1,41,7,great listen music podcast
2022-06-02 22:04:34,Great music streaming service.I will love the user interface of the app and have other using this on other platforms such as Alexa and chrome cast,5,0,,1,146,26,great music stream servicei love user interface app platform alexa chrome cast
2022-06-30 00:48:43,Sound is very clear and no issues,5,1,,1,33,7,sound clear issue
2022-06-25 20:39:02,I personally use this app for podcasts and it's really easy to use. For music however this company doesn't seem to fairly pay artists on the platform and you can't play a specific song you want. You'd have to play a playlist and in creating a playlist spotify will sometimes mix in other songs that it decides are similar enough to other songs in your playlist. Just overall frustrating unless you're using it for podcasts exclusively like me.,2,8,,0,443,78,personally use app podcast easy use music company not fairly pay artist platform not play specific song want play playlist create playlist spotify mix song decide similar song playlist overall frustrating podcast exclusively like
2022-06-17 19:33:02,I think this company is very sneaky when you want to cancel something they make it very hard you know I guess they just want you to keep paying for a service that you don't use anymore so they make it difficult for you to find where the cancel be wary of these kind of companies cuz the only thing they care about is milking you for every penny you have and when a time to get rid of these apps they make it hard,1,0,,0,412,85,think company sneaky want cancel hard know guess want pay service not use anymore difficult find cancel wary kind company cuz thing care milk penny time rid app hard
2022-06-27 10:06:39,"Unfortunately mobile app doesn't work for me at all. Can't find music to play, all playlists are empty and even suggested songs from Home do not play. I have a Premium account and all. Works great on PC though.",1,0,,0,210,39,unfortunately mobile app not work not find music play playlist suggest song home play premium account work great pc
2022-06-07 01:01:50,I'm a premium user but the app itself fails a lot and the way buttons are suddenly changed from position on screen is a pain in the @$$ been using YouTube music and works well plus you got the videos...,2,0,,0,202,40,premium user app fail lot way button suddenly change position screen pain youtube music work plus get video
2022-06-04 17:41:19,Can't download songs without subscription,4,0,,1,41,5,not download song subscription
2022-06-26 14:15:36,Now the app is becoming worse multiple ads are being shown at an inter wal of 10-20 mins,1,0,,0,88,18,app bad multiple ad show inter wal 1020 min
2022-06-06 01:42:19,Love the way you can add different playlists. definitely a good music app.,5,0,,1,74,13,love way add different playlist definitely good music app
2022-06-17 13:13:17,Botched everything up recently. Please make it better or back to how it was.,1,0,,0,76,14,botch recently well
2022-06-11 06:26:30,AI algorithm is very biased to location and weights for play history and search history are very low.,4,0,,1,101,18,ai algorithm biased location weight play history search history low
2022-06-20 09:17:29,I really love listening to music with it,5,0,,1,40,8,love listen music
2022-06-19 21:43:39,never in all my years of living have i seen an app this bad its a waste of time it didnt let me play the 1 song i wanted i didnt have a playlist but it played random songs i didnt even know existed and then when i try removing it it doesn't let me and when its gone and i try playing it again it plays a random song this app is the worst i have ever seen,1,0,,0,354,79,year living see app bad waste time not let play song want not playlist play random song not know exist try remove not let gone try play play random song app bad see
2022-05-31 08:13:27,New update of Spotify with a bug login problem It's request to solve ... ?,1,0,,0,74,15,new update spotify bug login problem request solve
2022-06-12 07:20:08,Very very very bad app i trail 1 day premium and download 30 song but next day song gone and not shows me my download song,1,0,,0,122,26,bad app trail day premium download 30 song day song go show download song
2022-06-04 03:12:25,When I press on a song it plays a random song so I can't listen to the music I like.,2,0,,0,84,20,press song play random song not listen music like
2022-06-21 22:09:10,Spotify meets my needs beautifully. Thank you.,5,0,,1,46,7,spotify meet need beautifully thank
2022-06-25 03:57:53,Best app but.. Wish I could dowload the music and hear it offline.. But alas everyone greedy :) thee non a problem,1,0,,0,114,22,good app wish dowload music hear offline alas greedy thee non problem
2022-06-29 01:07:17,best songs app :),5,0,,1,17,4,good song app
2022-07-01 07:57:53,Super fun and enjoyable,5,0,,1,23,4,super fun enjoyable
2022-07-03 00:36:33,Spotify is not working on Android auto please fix it,2,0,,0,52,10,spotify work android auto fix
2022-06-01 13:19:30,Playlist title disappearing. Playlist taken down. People false reporting. I'm not in any violation. Not impressed. I'm done with Spotify.,1,1,,0,137,20,playlist title disappear playlist take people false reporting violation impressed spotify
2022-06-16 13:09:25,Love the sound and my smooth jazz,5,0,,1,33,7,love sound smooth jazz
2022-07-06 00:02:41,"I pay for my monthly subscription and the same day it quits working. Tried uninstalling,, clearing data, clearing cache, restarting etc. Can't get past initial logo screen. So who's refunding my money????",1,0,,0,204,32,pay monthly subscription day quit work try uninstalle clearing datum clearing cache restarting etc not past initial logo screen refund money
2022-06-21 21:05:01,if i hear one more suggested song in a playlist i made i swear i will lose my mind. Please stop i just want to listen to my favourite songs but all i hear is songs I don't know and don't like. I'm tired of using all of my skips just to skip the suggested songs,1,0,,0,260,56,hear suggest song playlist swear lose mind stop want listen favourite song hear song not know not like tired skip skip suggested song
2022-06-21 03:38:58,Very cool app. It works very well for me with many genre of music from which to choose.,5,0,,1,87,18,cool app work genre music choose
2022-07-04 11:53:12,"Used to be 5 but now 1 star since recent update. Player stops randomly, doesn't show playing, can't start or stop, no controls need to shut the app constantly. Fixed by delete and redownload but then a few days later back to the same. Utter shite. Please give me the old version back.",1,1,,0,284,53,star recent update player stop randomly not play not start stop control need shut app constantly fix delete redownload day later utter shite old version
2022-07-03 20:17:18,Consistly great. All music quality is too notch and I thoroughly enjoy most of the recommendations the app suggest. 5 stars.,5,0,,1,124,21,consistly great music quality notch thoroughly enjoy recommendation app suggest star
2022-06-20 14:00:43,The app is really very good. It is easy to use. The only drawback is the mistakes in lyrics,1,0,,0,91,19,app good easy use drawback mistake lyric
2022-06-29 20:47:26,App never works right. I pay for premium and still get ads.,1,1,,0,59,12,app work right pay premium ad
2022-07-06 10:11:31,I would have given them a 5 only if they made us able to back up or transfer the downloads,4,0,,1,90,20,give able transfer download
2022-07-06 04:35:56,I have never been happier with a music provider. i Tuned out after 10 years and literally thousands of dollars. It will take me the rest of my life of ALL available music to make up for it.,5,0,,1,189,38,happy music provider tune 10 year literally thousand dollar rest life available music
2022-06-25 15:18:06,I don't like this I can't unstall it and pls fix this and my fav song is not even here so I am so sorry if I made you sad(´⌒｀;),2,0,,0,127,30,not like not unstall pls fix fav song sorry sad
2022-06-24 13:45:21,"I love your music platform, It brings an amazing experience and excitement to life. Thank you sincerely Mr.Wilson",5,0,,1,113,18,love music platform bring amazing experience excitement life thank sincerely mrwilson
2022-06-06 20:20:39,Spotify is a staple in my life. I don't know what I would do without my music. Great app..especially the song radio feature.,5,0,,1,124,23,spotify staple life not know music great appespecially song radio feature
2022-06-19 23:30:07,"It's the made for you list, it just repeats every song I liked, and also it's recommendation kinda bad too, I can't seem to find new songs I hardly find one every week I sure am picky but SoundCloud recommendations better",4,0,,1,221,41,list repeat song like recommendation kinda bad not find new song hardly find week sure picky soundcloud recommendation well
2022-06-13 05:38:01,"Best way to find new music you like! I've just had the app for a few weeks and have already found two new artists I love! The ads and inability to skip certain songs can be bothersome, but the app usually knows your musical taste enough for you to not really want to skip songs in the first place.",4,18,,1,297,59,good way find new music like ve app week find new artist love ad inability skip certain song bothersome app usually know musical taste want skip song place
2022-06-27 11:56:06,"Don't download guys , this is not music app , it's advertisement app.",1,0,,0,69,13,not download guy music app advertisement app
2022-07-08 09:56:39,"Absolutely excellent,I love it. It's j my acception.",5,0,,1,52,8,absolutely excellenti love acception
2022-06-08 14:48:36,Love how many song choices and options! Premium family is totally worth the money!!!,5,0,,1,84,14,love song choice option premium family totally worth money
2022-06-02 14:35:43,"Very easy, great song selection.",5,0,,1,32,5,easy great song selection
2022-06-29 17:42:51,Why can't you choose your own songs? It'll make it simpler and give people more freedom.,1,0,,0,88,16,not choose song ll simple people freedom
2022-07-05 11:03:26,I really love to hear music on spotify 😘😘,5,0,,1,41,9,love hear music spotify
2022-06-29 18:14:49,One of the Splendid Musical Apps as I luv to read the lyrics along with the song.,5,0,,1,81,17,splendid musical app luv read lyric song
2022-06-02 22:09:14,Best music and all around musician app. Online Loo .,5,0,,1,52,10,good music musician app online loo
2022-06-14 04:12:51,Great music selection,5,0,,1,21,3,great music selection
2022-06-12 15:36:44,I've been using Spotify since 2018- and it's fantastical,5,0,,1,56,9,ve spotify 2018 fantastical
2022-06-03 12:14:24,"You can go screw your selfs becues there are songs playing that arent even in my playlist when i play it and i swear to god if this is another one of ""improvements"" your dead wrong becues i dont want those songs if they arent in my playlist",1,0,,0,240,48,screw selfs becue song play not playlist play swear god improvement dead wrong becue not want song not playlist
2022-06-01 15:55:08,Best music app ever and the people who say it is glitchy or crashes that's bc ppl have the worst phones in the world and need to get a better one instead of using a brick as a lame excuse for a phone,5,1,,1,199,43,good music app people glitchy crash bc ppl bad phone world need well instead brick lame excuse phone
2022-06-27 23:14:30,"I've used spotify for the last few years and loved it, but the last few weeks have been clunky-songs randomly stopping and the music and plays when it says nothing is playing. It's quite annoying you cant adjust anything because nothing is ""playing"".",1,1,,0,250,43,ve spotify year love week clunkysong randomly stop music play say play annoying not adjust play
2022-06-28 07:10:09,"My issue is that I not able to listen to the podcast episodes that I downloaded. Every day I go into "" your episodes "" section, and I see that the ' downloaded' mark is not there, even though I have re-download them yesterday. Could you kindly tell me why is it so? What's the point of downloading podcast episodes, when you have to re-download them every single day ? Other features are working just fine.",2,0,,0,406,76,issue able listen podcast episode download day episode section download mark redownload yesterday kindly tell point download podcast episode redownload single day feature work fine
2022-06-04 14:41:11,The selection of music is terrific!,5,0,,1,35,6,selection music terrific
2022-06-10 18:42:52,"Suck app . Don't Tell me what to listen . I'll listen whatever i want fk app stupid . I can't even choose the song i want to listen . When , i was emotional it totally suck . I so mad at this stupid appp!!!!!",1,0,,0,208,46,suck app not tell listen ill listen want fk app stupid not choose song want listen emotional totally suck mad stupid appp
2022-06-21 17:48:50,Spotify - outstanding app for simplicity and non-stop Gospel Song or Music.,5,0,,1,75,12,spotify outstanding app simplicity nonstop gospel song music
2022-07-05 12:34:55,"Love it been using it for a while, the liked song play list is awesome though I massively wish there'd be a 'relaxing' genre tab for sorting if it does that in the future I'll easily give it 10 stars",5,0,,1,199,40,love like song play list awesome massively wish relax genre tab sort future ill easily 10 star
2022-06-22 01:45:47,"At least, let us skip it without limit. Some people are poor and can't afford to pay.",2,0,,0,85,17,let skip limit people poor not afford pay
2022-06-21 19:51:42,Im really happy you can preview songs before you add them to a playlist again!!! like it was 3 stars without but like ahhhhhh yes. makes making playlists and discovering new music a million times easier! (i have premium btw),5,0,,1,224,40,happy preview song add playlist like star like ahhhhhh yes make make playlist discover new music million time easy premium btw
2022-07-07 07:56:36,Very poor for a paid service. -The music frequently stops for a few seconds -Play/pause and skip button disappears -The shuffle function favours like 20 songs I will be contacting spotify for atleast a partial refund.,1,2,,0,217,36,poor pay service music frequently stop second playpause skip button disappear shuffle function favour like 20 song contact spotify atleast partial refund
2022-07-06 04:19:44,"The Reason for less stars is the ads are becoming irritating. This app used to be having a non interrupting playback for 30 minutes or so if you saw an ad between. But now it have ads after almost every songs. And it used to have an option for checking the song by giving a 10 second or so sample of it before adding the song to a playlist if you add the songs by ""Add Songs"" option in the playlist. Now it doesn't work. Please bring it back. And Please Allow us to rearrange the songs in a playlist",2,698,,0,499,100,reason star ad irritate app have non interrupt playback 30 minute see ad ad song option check song give 10 second sample add song playlist add song add song option playlist not work bring allow rearrange song playlist
2022-07-04 03:50:59,"Downloaded on my phone multiple times, it's not working. It's a black screen with the spotify logo but that's it. Will not do anything else. App is up to date, just not working.",1,0,,0,177,33,download phone multiple time work black screen spotify logo app date work
2022-06-24 17:50:28,"Disappointing. I turned offline mode on as usual when I purchase a premium, at first it allows me to play my downloaded songs but now I can't even play any song and the offline button is gone. I can't turned it back off, better fix this problems or you will lose all of your users.",1,0,,0,281,55,disappointing turn offline mode usual purchase premium allow play download song not play song offline button go not turn well fix problem lose user
2022-06-08 11:39:52,Lovely music of my choosing. No hiccups enjoyable listening,4,0,,1,59,9,lovely music choose hiccup enjoyable listen
2022-06-29 21:19:43,"It's just barely not 5 stars, there are often technical issues and if you miss a payment by a few days they'll take the downloaded music off your phone with no warning. Otherwise no other music app is like it",4,0,,1,208,40,barely star technical issue miss payment day ll download music phone warning music app like
2022-07-02 08:16:14,"The best, deleted other streaming app when I found out about Spotify. So perfect",5,0,,1,80,14,well delete streaming app find spotify perfect
2022-06-07 21:57:42,"For a music streaming service, they really want to sell podcasts. Super annoying and no way to turn them off.",1,1,,0,109,20,music stream service want sell podcast super annoying way turn
2022-06-15 16:27:24,Great aap so good there r so many of songs and playlists for everything,5,0,,1,71,14,great aap good song playlist
2022-07-08 15:09:38,Great 👍 and I look forward to your new drama and the great news 😀 👍 😄 😊 🙌,5,0,,1,73,19,great look forward new drama great news     
2022-06-29 05:47:00,Best app for music and the free premium for a month is good to,5,0,,1,62,14,good app music free premium month good
2022-06-07 14:12:58,"I absolutely LOVE this app!!! I always used Youtube but, I'm SO thankful I discovered Spotify! I'll NEVER go back.",5,0,,1,114,20,absolutely love app youtube thankful discover spotify ill
2022-07-09 05:36:47,NICE ONE THANKS FOR YOUR HELP AND support,5,0,,1,41,8,nice thank help support
2022-06-14 03:58:02,Hands down best music app,5,0,,1,25,5,hand good music app
2022-06-21 11:39:38,The audio and lyrics are amazing but I just don't understand why I can't listen to a specific song and when I make a Playlist with less than 15 songs it's automatically adds songs by itself and I can't even skip properly Also my ad experience is below zero,2,0,,0,256,49,audio lyric amazing not understand not listen specific song playlist 15 song automatically add song not skip properly ad experience zero
2022-06-11 05:58:14,this app is so good i can hear all the songs free,5,0,,1,49,12,app good hear song free
2022-06-14 20:35:50,"After update on 14 June,app is behaving abnormally. Not playing any song. No volume. My account name showing weird. Please fix it soon. My life is boring without Spotify.",2,1,,0,170,29,update 14 juneapp behave abnormally play song volume account show weird fix soon life boring spotify
2022-06-29 13:38:19,It glitches when my phone screen turns off and won't play😠,2,0,,0,58,11,glitche phone screen turn will not play
2022-06-25 17:33:16,"Good selection of music, but the app is basically unusable without premium. Without premium, you can only play full albums and playlists, you can't fast forward or rewind songs, you can only skip five songs in per hour, and you can't go back songs on playlists or albums. The worst part is that all of these premium features are free when using Spotify on PC and Mac.",2,43,,0,367,67,good selection music app basically unusable premium premium play album playlist not fast forward rewind song skip song hour not song playlist album bad premium feature free spotify pc mac
2022-06-20 22:37:08,Honestly the best app for music. Just hope that you could listen to songs offline bc some people cannot afford(or any other reason) unlimited data. For that 4 stars.,4,0,,1,165,29,honestly good app music hope listen song offline bc people affordor reason unlimited datum star
2022-07-05 11:49:27,"It's been a month of waiting, I'm still looking at my screen a logo of Spotify how nice isn't.",1,0,,0,94,19,month wait look screen logo spotify nice not
2022-06-26 22:21:34,The best way to listen to music,5,0,,1,31,7,good way listen music
2022-06-25 04:59:44,Love that I can make my own personal play list!!,5,0,,1,48,10,love personal play list
2022-06-07 20:48:56,I pay for premium and yet i still receive pop ups and voting polls. I may not have ad interpretations and I may be able to skip as many songs as I like but for £10 a month this is unacceptable,1,0,,0,192,41,pay premium receive pop up voting poll ad interpretation able skip song like 10 month unacceptable
2022-06-08 12:58:32,I love this app!!! It is fantastic!💯,5,0,,1,36,7,love app fantastic
2022-06-04 20:57:08,"EDIT (FEATURE SUGGESTION): A lot of us are using spotify playlists for house parties with our friends! It would be nice to have a ""mix songs"" option, where the crossover would be more than 12 sec. Discovering new artists has never been this easy. I would never be able to leave Spotify, it's just too good. However I would like to have an option to filter podcasts by language: I live in the Netherlands but I don't speak Dutch, so my recommended podcasts in Dutch are pretty useless.",5,116,,1,484,88,edit feature suggestion lot spotify playlist house party friend nice mix song option crossover 12 sec discover new artist easy able leave spotify good like option filter podcast language live netherlands not speak dutch recommend podcast dutch pretty useless
2022-06-18 05:40:44,"this application is the best find for listening to music. however, for the last month I've been seeing the loss of features that are very important to me (like previewing songs before adding them to a playlist) for music and podcasts. plus, I can't add new podcasts to my saved ones now :c it's becoming more glitchy with each update and it's really disappointing because it's a premium version upd.: the support never helped but sent me the google form link to grade the support work...",1,0,,0,487,86,application good find listen music month ve see loss feature important like preview song add playlist music podcast plus not add new podcast save one glitchy update disappointing premium version upd support help send google form link grade support work
2022-06-11 04:47:25,Its very nice i listen daily but it needs free download its a only problem otherwise its good.,4,0,,1,94,18,nice listen daily need free download problem good
2022-06-13 17:03:57,Started freezing when I open app. Going back to piracy since y'all suck.,2,2,,0,72,13,start freeze open app go piracy suck
2022-07-04 07:27:06,"What i hated here, is that, the premium feature, and random ads, And i cant click my own song, i can't skip, i can't click a song and it said i need to shuffle Music 💀😭😡🤧🤧🤧",1,0,,0,172,36,hat premium feature random ad not click song not skip not click song say need shuffle music
2022-06-06 20:27:46,Just good music app,5,0,,1,19,4,good music app
2022-06-26 02:20:08,Can't get certain songs but overall this app is great,5,0,,1,53,10,not certain song overall app great
2022-06-27 19:46:52,"Its a good app for music and all but when you tell me ""half an hour of free music"" then make me listen to a playlist of songs you suggested me that i hate and you get 6 skips unless you pay despite you making me listen to this ear assault i dont get why i should rate this app any higher. If i search a song i want THAT song not some random song because i dont understand how i can go from listening to rap to you ""suggesting me"" binding by the lights. Fix or remove your song suggestions",2,0,,0,488,101,good app music tell half hour free music listen playlist song suggest hate skip pay despite make listen ear assault not rate app high search song want song random song not understand listen rap suggest bind light fix remove song suggestion
2022-07-08 18:55:54,"PLEASE FIX THIS BROKEN APP. Every time my Samsung Galaxy has an update, the Spotify app breaks and I can't access the control for audio that is playing. It just plays, without control, until I cost the app.",1,0,,0,206,38,fix broken app time samsung galaxy update spotify app break not access control audio play play control cost app
2022-06-07 23:37:00,"Used to enjoy this app, till the recent update. It's all bad, except the snippet feature. Can't even select an individual song and if I press shuffle again it just plays the song that's playing from the first time I shuffled. The useful features been removed so I have to play through a whole song or repeatedly skip through songs to get to the song I want to listen to. I can't even rewind a song that's currently playing, there's no que feature either. And there's more which I can't fit.",2,197,,0,490,91,enjoy app till recent update bad snippet feature not select individual song press shuffle play song play time shuffle useful feature remove play song repeatedly skip song song want listen not rewind song currently play que feature not fit
2022-07-05 06:37:06,"Spotify is really no. 1 music app because I found it everywhere like Windows, MacBook, WebOS TV, Android and many more. I really loved it ♥️ And quality is also 1st class",5,0,,1,170,32,spotify music app find like windows macbook webos tv android love quality 1st class
2022-06-11 21:28:22,"You're free. When I use, I use spotify.",5,0,,1,39,8,free use use spotify
2022-06-08 22:37:44,"Wide range of music, simple to use my 6yr old loves it able to find music I used to listen to as a teenage in the eighties,",5,0,,1,123,27,wide range music simple use 6yr old love able find music listen teenage eighty
2022-05-31 13:26:04,"I can't listen to full songs, why?",4,0,,1,34,7,not listen song
2022-07-02 18:46:33,"I love it and it's great, on the road, at home or enjoying with my friends we all love Spotify. So good job and keep at it..!",5,0,,1,125,27,love great road home enjoy friend love spotify good job
2022-06-17 08:27:38,Very bed exercise.no any song play without add useless app,1,0,,0,58,10,bed exerciseno song play add useless app
2022-07-01 12:04:13,Can't download music offline even after purchasing premium plan,1,1,,0,63,9,not download music offline purchase premium plan
2022-06-07 18:55:44,Waw this good app I found all song i want to play it,5,0,,1,52,13,waw good app find song want play
2022-07-08 18:57:32,"Hi spotify when I listen to my favorite songs, I'm getting poor play back quality. The songs are freezing right in the middle of the song. And it's not just one song, it's doing it every time I listen to the app. I tried Un installing the app, then opening it up again but no difference. I won't need to continue Spotify premium, hopefully this gets fixed so I can come back to enjoy my songs.",1,7,,0,393,76,hi spotify listen favorite song get poor play quality song freeze right middle song song time listen app try un instal app open difference will not need continue spotify premium hopefully get fix come enjoy song
2022-07-03 21:24:26,"i love spotify but on my new android (motorola 5g stylus) it randomly crashes the app during a song and when i open it back up the song is there but restarted, its really annoying and needs to be fixed",2,1,,0,201,40,love spotify new android motorola stylus randomly crash app song open song restart annoying need fix
2022-06-09 14:01:14,"Would give no star's if I could, so many recommendations of podcasts and rubbish. So hard to navigate and no new music options (eventually found it hidden) ...If you like music then try something else (I signed up to 3 month trial but couldnt even last 3 weeks on Spotify)",1,0,,0,272,50,star recommendation podcast rubbish hard navigate new music option eventually find hide like music try sign month trial not week spotify
2022-06-30 20:44:15,This is just an amazing platform that gives you variety and Platform Church (Rested Life) content everything is in it and our members love it.,5,0,,1,142,25,amazing platform give variety platform church rest life content member love
2022-06-30 15:08:08,Its a great app I could listen any song I wanted its really amazing but the only problem is the add you will have to listen adds more than songs its horrible please do something about that add,4,0,,1,192,38,great app listen song want amazing problem add listen add song horrible add
2022-06-20 13:28:42,"The control panel(where I can see which song us playing or I can pause/play a song) doesn't appear , app is not functional at all like this",1,0,,0,139,27,control panelwhere song play pauseplay song not appear app functional like
2022-07-06 21:17:08,"When trying to listen to downloaded music offline the app endlessly buffers when you select your library, very frustrating.",1,0,,0,123,19,try listen download music offline app endlessly buffer select library frustrating
2022-06-21 02:11:27,It's a really good app I found songs I forgot about,5,0,,1,51,11,good app find song forget
2022-06-22 12:16:43,"i would'av given a 5*, but since i'm relatively new to the spotify scene , i thought it disingenuous , there's always room for improvement in anything we do.., keep up the good work, and i might, this review, to edit, come back. 😉",4,0,,1,230,44,wouldav give relatively new spotify scene think disingenuous room improvement good work review edit come
2022-06-02 01:44:45,Best streaming service and I be telling all da real saints and poodles about it. Told Rabada and slick watts too. They ain't even about no oven mitt but they coming up and around. Best yall and keep a solid eye hat cause you know I won't leave until da next crow fall into the woods. Peace,5,0,,1,289,57,good streaming service tell da real saint poodle tell rabada slick watt be not oven mitt come good solid eye hat cause know will not leave da crow fall wood peace
2022-06-24 08:47:53,Excellent app to listen to music. And it is the best one out there.,5,0,,1,67,14,excellent app listen music good
2022-06-28 09:21:11,The experience has been amazing you even create your own playlist which is so nice and listen to podcasts and etc but sometime personally me it has some of it's glitches but it's amazing,4,0,,1,186,34,experience amazing create playlist nice listen podcast etc personally glitch amazing
2022-06-29 15:37:25,"Player doesn't remember the time i left off at while listening to podcasts, seems like every update breaks a major component of this app...",1,3,,0,139,24,player not remember time leave listen podcast like update break major component app
2022-06-09 13:10:49,"Portrait mode on the Samsung Galaxy S8+ doesn't show right. The play, shuffle, and other buttons are showing ontop of each other please fix!!!!",2,0,,0,143,24,portrait mode samsung galaxy s8 not right play shuffle button show ontop fix
2022-07-01 03:24:51,Excellent. I had Amazon but cancelled and switched to Spotify.,5,0,,1,62,10,excellent amazon cancel switch spotify
2022-06-06 14:56:31,"The only thing for me is with the lyrics, since I listen to kpop (korean pop) the lyrics come up in Korean unless there are English parts. So I wish there was a way you could translate to where all the lyrics are in English.",4,0,,1,224,45,thing lyric listen kpop korean pop lyric come korean english part wish way translate lyric english
2022-06-14 21:26:30,It's cool and works well but without premium you're screwed,5,0,,1,59,10,cool work premium screw
2022-07-02 14:38:57,Why the hell can't you play selective music or stop random music being added to playlists that are related to anything never thought I'd say SoundCloud is better,1,0,,0,161,28,hell not play selective music stop random music add playlist relate think soundcloud well
2022-06-17 10:44:25,"Alright Spotify, what'd you do? Did most recent update 2 days ago and now the app crashes upon opening every time. One star until fixed!",1,0,,0,136,25,alright spotify recent update day ago app crash open time star fix
2022-06-04 17:35:27,Amazing. I love creating personal playlists.,5,0,,1,44,6,amazing love create personal playlist
2022-06-23 15:54:51,Good compilation of my type of music selection,5,0,,1,46,8,good compilation type music selection
2022-06-23 01:25:45,Best app for music when you have premium!,5,0,,1,41,8,good app music premium
2022-06-22 18:37:54,I want it to enable us to skip songs with no ads,1,0,,0,48,12,want enable skip song ad
2022-07-05 16:55:30,It really good but entire it was 👎 good because it didn't have the song on everyone time,5,0,,1,88,18,good entire good not song time
2022-07-06 19:57:06,I now can't pause music or podcasts. I don't know if there has been recent update but this has been happening since yesterday. I uninstalled the app yesterday then reinstalled this morning. Iwas working fine until now. Won't use app again. This is a pain in the neck.,2,1,,0,267,48,not pause music podcast not know recent update happen yesterday uninstalle app yesterday reinstall morning iwa work fine will not use app pain neck
2022-06-21 22:23:02,"Constantly glitching on mobile and Mac, been reading about the issues with music stopping at the 9 second mark, I can't believe I'm paying for a faulty app that doesn't work properly, yet they never have issues nor glitches when taking our money.",1,1,,0,246,43,constantly glitche mobile mac read issue music stop second mark not believe pay faulty app not work properly issue glitch take money
2022-06-20 12:44:28,APP KEEPS CRASHING. Trash back-end.,1,1,,0,35,5,app keep crash trash backend
2022-06-05 07:13:54,App is getting crashed everytime opening it on Vivo t1 plz fix it?,1,0,,0,66,13,app get crash everytime open vivo t1 plz fix
2022-05-31 07:48:34,One of the best music apps,5,0,,1,26,6,good music app
2022-06-22 07:22:27,"i started using this app over pandora back in 2013? Only beause you could make playlists, thats it. I love listening to music but this app has more ads than before. I get that ads make the world go round, but why so many like 3-4 in a row and after every other song. I hear more ads than music on this app anymore. Instead of jamming out to music i am now jamming out to ads about tourism in the same state i live in!! Atleast YT lets you skip an ad.",2,4,,0,450,93,start app pandora 2013 beause playlist love listen music app ad ad world round like 34 row song hear ad music app anymore instead jam music jam ad tourism state live atleast yt let skip ad
2022-06-02 14:21:46,Spotify is the best app ever you can listen to any music and I've been using it my whole life nothing can beat it.i would give it 100/10 if I could,5,0,,1,147,31,spotify good app listen music ve life beat iti 10010
2022-07-03 21:38:05,"Was amazed with the customizing and shared info how awesome the choice of music was, as sometimes it can be humiliating, it's more relevant. I believe in this, and music helps me more then words can explain. This is one app I love and recommend.",5,0,,1,245,45,amazed customizing share info awesome choice music humiliate relevant believe music help word explain app love recommend
2022-06-11 00:49:44,Hey Spotify please make option where users can choose multiple song all at once to add to some list.. it'll be easier PLEASE,4,0,,1,124,23,hey spotify option user choose multiple song add list ll easy
2022-07-06 17:30:18,"I used to love it because I could play my favorite tracks anytime. The ads were annoying yet bearable. However, recently, I haven't been able to even open the app. Whenever I try to open Spotify, it just kicks me out. Currently I'm using an alternative. I might leave a better review next time if this is fixed.",1,4,,0,311,58,love play favorite track anytime ad annoying bearable recently not able open app try open spotify kick currently alternative leave well review time fix
2022-06-17 04:21:03,Makes life easy. And I've discovered a lot of killer tunes that I wouldn't know if I continued with the radio 🥺,5,0,,1,111,22,make life easy ve discover lot killer tune not know continue radio
2022-06-03 21:11:48,I've had Spotify since 2017 and to this day it is my favorite place to listen to music. Best selection of songs and easiest layout.,5,1,,1,131,25,ve spotify 2017 day favorite place listen music good selection song easy layout
2022-06-23 15:49:52,It's the best app of music I have ever used,5,1,,1,43,10,good app music
2022-07-01 16:29:55,Using this app since a year now but nowadays the quantity of advertisments are so maore means first I used to recommend people that they can use this app as the music quality is also great and not so much ads but now the ads are uncountable means after every 2 songs they will keep ads they are giving pressure to purchase premium.,2,0,,0,331,63,app year nowadays quantity advertisment maore mean recommend people use app music quality great ad ad uncountable mean song ad give pressure purchase premium
2022-05-31 00:27:16,My most used app. It is fantastic and I cannot get through even a single day without it. 😊,5,0,,1,90,19,app fantastic single day
2022-06-28 16:24:47,Why is the app version restricting than the desktop version? 6 skips per hour and it doesnt even play songs in the playlist that I created it plays songs randomly,1,0,,0,162,30,app version restrict desktop version skip hour not play song playlist create play song randomly
2022-07-08 07:18:32,Selections of songs & sounds crispy 👌,5,0,,1,37,7,selection song sound crispy
2022-07-07 11:39:36,this app is just awesome.if you are a music lover like me then just go for it,5,0,,1,77,17,app awesomeif music lover like
2022-06-01 02:00:40,This is just amazing music app i love it!!💗,5,0,,1,43,9,amazing music app love
2022-07-03 09:52:09,"Best music app on my phone. But could still make it easier to find most recent and trending music, especially in my region",5,0,,1,122,23,good music app phone easy find recent trend music especially region
2022-06-13 15:41:21,"I like this app for music streaming, it is easy to make playlist and it is easy to use, but the only thing is ads are oftenly coming every 10 minutes, if i turn to the next song,an ad is coming, other than that I like this app.",4,0,,1,227,48,like app music stream easy playlist easy use thing ad oftenly come 10 minute turn songan ad come like app
2022-07-08 14:28:31,I enjoy every music from Spotify,5,0,,1,32,6,enjoy music spotify
2022-06-22 05:19:02,I LOVE this app so much because I love music and I love kpop,5,0,,1,60,14,love app love music love kpop
2022-07-02 21:30:42,It just stopped working,1,2,,0,23,4,stop work
2022-06-16 13:07:56,"i hate the new update, there's a song that it's not even my type added to my playlist and it's so frustrating because it's only has 6 skips per hour.",1,0,,0,149,30,hate new update song type add playlist frustrating skip hour
2022-07-05 18:49:11,Spotify is great!,5,0,,1,17,3,spotify great
2022-06-15 01:48:54,"It's fun for a while, then suddenly my music playlist gets shuffled and i can't control what i want to listen to. I hate it, very much... It says free but it forces you to buy premium nevertheless. Nice job at ruining a good run.",1,0,,0,229,45,fun suddenly music playlist get shuffle not control want listen hate say free force buy premium nice job ruin good run
2022-06-24 22:44:23,"Great product. The algorithms are pretty spot on, I suspect because there are smart people monitoring and revising them constantly based on continuous feedback data from users.",4,0,,1,176,27,great product algorithm pretty spot suspect smart people monitor revise constantly base continuous feedback datum user
2022-06-11 06:32:03,"Too many advertisement for every single song. At the moment i really hate this app, otherwise i love the app",2,0,,0,108,20,advertisement single song moment hate app love app
2022-06-28 00:03:27,"Great way to peruse discographies of artists that I love. The (Artist) Radio versions of playlists is better than Pandora's giving more suggestions of similar artists. I love the lyrics feature. It helps to quell the need for a larger & more robust content usually only on a Vinyl LP (still my pref for total package). Love that 12"" format. ;) I'd like to see links to buy any album or single currently playing. Let's give back $$$$$ to the creators of this music & keep this great app sustainable!!",5,1,,1,499,90,great way peruse discography artist love artist radio version playlist well pandora give suggestion similar artist love lyric feature help quell need large robust content usually vinyl lp pref total package love 12 format like link buy album single currently play let creator music great app sustainable
2022-06-30 02:16:11,All Songs Are Available and Simple play,5,0,,1,39,7,song available simple play
2022-05-30 23:38:53,"I would like to listen to my music instead of you giving me these stupid song's I don't even like, Worst app ever if maybe you would let us listen to songs we want to hear maybe I wouldn't see alot of bad reviews",1,0,,0,212,44,like listen music instead give stupid song not like bad app maybe let listen song want hear maybe not alot bad review
2022-06-14 13:38:19,Good app but we can't listen it without internet,5,0,,1,48,9,good app not listen internet
2022-06-21 05:39:16,It won't let me listen to music I like I don't have to listen to trash music,1,1,,0,76,17,will not let listen music like not listen trash music
2022-07-02 09:36:05,Great music any music u like to hear,5,0,,1,36,8,great music music like hear
2022-07-08 15:02:35,Best music streaming app ever! 👌👏,5,0,,1,33,6,good music stream app
2022-06-04 00:44:35,The music is the best free music there is no more to say about it,5,0,,1,65,15,music well free music
2022-06-25 22:55:42,Internet connection often gets lost when i have full connectivity on other apps. Songs often fail to play. The home screen rarely updates. It takes ages to load albums that i have downloaded and saved locally. I pay $15 a month for all this disappointment along with a very comprehensive music library which is still rad when it chooses to work.,2,3,,0,345,61,internet connection get lose connectivity app song fail play home screen rarely update take age load album download save locally pay 15 month disappointment comprehensive music library rad choose work
2022-06-06 20:53:50,Easy finding tunes and love the recommendations!,5,0,,1,48,7,easy find tune love recommendation
2022-06-10 20:54:41,I like songs that I've listened to and songs I haven't listened to yet,5,0,,1,70,14,like song ve listen song not listen
2022-07-01 01:49:15,"It's always been a great streaming service. I've let my subscription cancel for years and come back to my same massive library, fully intact.",5,0,,1,141,24,great streaming service ve let subscription cancel year come massive library fully intact
2022-06-11 21:37:51,So many issues with the UI,1,0,,0,26,6,issue ui
2022-06-03 08:50:51,This app is best app for music I love it,5,0,,1,40,10,app good app music love
2022-06-25 05:13:18,I have no words it's the best app every but sometimes it's will opt work but is super app,5,0,,1,89,19,word good app opt work super app
2022-06-23 05:46:46,Great App Listing Music,5,0,,1,23,4,great app list music
2022-06-06 18:50:47,"It's a great app and I love it, but when I get off of it for almost a long time, I shuffle it and it only plays 5 songs or less. It does it when I'm offline and I have all of my songs downloaded.",4,0,,1,195,45,great app love long time shuffle play song offline song download
2022-07-04 21:44:39,Why doesn't it want to show the songs,5,0,,1,37,8,not want song
2022-05-31 18:39:33,It's ok but some songs what is on YouTube aren't on spotify,4,0,,1,59,12,ok song youtube not spotify
2022-06-13 21:53:17,"My wife and I are both using the free version and we love it. You can find almost any song you want from any era you want. You can make playlists which I love. Having a pumped up workout playlist really helps in the mornings and I create my own radio for work with my office tunes playlist. I'm a Big fan of this app. If you love music, you will also love this app.",5,3,,1,365,75,wife free version love find song want era want playlist love have pump workout playlist help morning create radio work office tune playlist big fan app love music love app
2022-06-04 20:12:10,Very efficient and absolutely brilliant to listen to,5,0,,1,52,8,efficient absolutely brilliant listen
2022-06-30 21:16:18,Vary awaome platform to use. Everything is so easy to learn. I have yet to not find a song I searched....,5,0,,1,105,21,vary awaome platform use easy learn find song search
2022-07-07 18:51:48,Why you added that hiding feature? Because it sucks when I want to unhide any song!,1,0,,0,83,16,add hiding feature suck want unhide song
2022-07-03 17:54:59,"I really, really like this app alot so that I can listen to music at at all.",5,0,,1,76,17,like app alot listen music
2022-07-04 20:25:30,I think it sucks we have to pay for no ads but other than that I love it :),4,0,,1,75,19,think suck pay ad love
2022-06-20 14:15:27,Song recommendations can be better. Many songs overlap in different playlists,4,0,,1,77,11,song recommendation well song overlap different playlist
2022-06-11 06:17:03,Love it. Just try to minimise the ads,5,0,,1,37,8,love try minimise ad
2022-06-19 15:06:07,Simply amazing simply amazing best app ever,5,0,,1,43,7,simply amazing simply amazing good app
2022-06-19 04:42:09,Fresh music easy to access it fantastic thanks to the developer of this platform for great work he has provided,5,0,,1,111,20,fresh music easy access fantastic thank developer platform great work provide
2022-07-08 13:53:41,Continually riddled with issues. Currently it will just quit playing on me. It does not seem like Spotify truly cares about customers through my experience I have continually felt ignored in that the issues are generally left unresolved for an excessive amount of time... Awesome to know it wasn't just my device because I just upgraded to the s22 ultra and the issues are still here with liked song filters like I've complained about for months,1,592,,0,445,76,continually riddle issue currently quit playing like spotify truly care customer experience continually feel ignore issue generally leave unresolved excessive time awesome know not device upgrade s22 ultra issue like song filter like ve complain month
2022-07-05 17:21:55,Super sound quality,5,0,,1,19,3,super sound quality
2022-06-07 19:21:52,I use Spotify on my daily basis......i really love this app....it keeps me always in a mood :),5,0,,1,94,18,use spotify daily basisi love appit keep mood
2022-07-06 06:09:40,Best choice for listening music,5,0,,1,31,5,good choice listen music
2022-06-08 00:38:44,"30 minutes it's a lie, and it doesn't work always",1,0,,0,49,10,30 minute lie not work
2022-05-30 17:36:00,"The best music app ever. The quality of the songs, the podcasts is great.",4,1,,1,73,14,good music app quality song podcast great
2022-07-05 04:09:25,"Used to be my favorite music apps but after log out, i can't open the apps in my phone",1,0,,0,86,19,favorite music app log not open app phone
2022-06-12 13:54:18,"It was always buggy, but in the last few months it is constantly crashing and just an unbearable experience on any device... Shame to have such a POS of an app which makes you feel like a sucker for paying premium, beware...",1,0,,0,224,42,buggy month constantly crash unbearable experience device shame pos app make feel like sucker pay premium beware
2022-06-08 05:53:19,Nice work Spotify,5,0,,1,17,3,nice work spotify
2022-06-20 14:11:58,I love this app so much i can listen to every single music in high quality. I just have a little bit problem with ads or nothing,4,0,,1,128,27,love app listen single music high quality little bit problem ad
2022-06-04 02:24:38,"Hello Spotify , I am using spotify Premium for like more than 4 months now. I Love the service , Application UI , Features But One area that need to be work upon is When two people are streaming together , group remote session , I just try with one of my other friend not more . She was using her Laptop and I was streaming from my Phone so whenever I switch to some other song , Her connection to remote streaming is lost she has to join again and again which sometime is really irritating.",4,0,,1,491,97,hello spotify spotify premium like month love service application ui feature area need work people stream group remote session try friend laptop stream phone switch song connection remote streaming lose join irritate
2022-06-22 13:12:58,Mobile version navigation is AWFUL,2,0,,0,34,5,mobile version navigation awful
2022-06-18 14:55:12,When you change country it's will ask you so many things..to change country .it should update like other apps,1,0,,0,109,19,change country ask thingsto change country update like app
2022-06-12 21:04:18,I am enjoying it so much so that I take my phone to shower and just listen to my Playlists,5,0,,1,90,20,enjoy phone shower listen playlist
2022-06-16 08:46:30,Plis upload some new songs. I m so excited.,5,0,,1,43,9,pli upload new song excited
2022-06-24 02:16:47,Honestly love this app gets me through my day and works well the adds aren't so consistent so it doesn't really bother but I would love to atleast have the control over changing my songs even if I'm not signed up for the premium version but still a pretty good app,5,0,,1,264,51,honestly love app get day work add not consistent not bother love atleast control change song sign premium version pretty good app
2022-07-07 07:42:43,I like the apps for Android phone and it gives me what I want,5,0,,1,61,14,like app android phone give want
2022-07-07 18:49:11,Well worth it for an infinity of songs and especially because there aren't any lame whining Canadian neil young songs...🤣,5,0,,1,121,20,worth infinity song especially not lame whine canadian neil young song
2022-06-24 20:13:11,"Love this app! I like all types of music and Spotify is the perfect solution to meet my needs. I love being able to make a playlist of my favorites, but Spotify also helps me find new artist to listen to.",5,0,,1,204,41,love app like type music spotify perfect solution meet need love able playlist favorite spotify help find new artist listen
2022-06-20 08:08:07,Takes care of all shade music and I love it. Yes it makes me happy,5,0,,1,66,15,take care shade music love yes make happy
2022-06-13 17:58:45,"I love this app! But it has had a glitch on the daily mixes when when it shows the next song it skips to another song that's ahead or backwards, I would really appreciate if you would fix that problem.",5,0,,1,201,40,love app glitch daily mix show song skip song ahead backwards appreciate fix problem
2022-06-09 00:36:51,My app plays random songs. This has been happening for at least 3 weeks now. I am trying to practice my patience but I am having problems. Can anyone help me?,4,0,,1,158,31,app play random song happen week try practice patience have problem help
2022-06-04 01:32:06,Best music app💜 love the mix and Playlist 💜 hoping for more access in new music,5,1,,1,79,16,good music app love mix playlist hop access new music
2022-06-25 08:01:13,Grate and lots of diffrent songs,5,0,,1,32,6,grate lot diffrent song
2022-06-22 14:59:58,Very bad need to listen to a song but it is only contains add add add add add add add add add,1,0,,0,93,22,bad need listen song contain add add add add add add add add add
2022-06-20 11:26:57,Great app! User friendly,5,0,,1,24,4,great app user friendly
2022-06-16 16:40:31,Great platform for music,4,0,,1,24,4,great platform music
2022-07-09 15:00:00,"Great music service, the audio is high quality and the app is easy to use. Also very quick and friendly support.",5,2,,1,112,21,great music service audio high quality app easy use quick friendly support
2022-07-06 16:16:58,This is amazing. I really like it💜💜 #spotify💜💜,5,0,,1,46,8,amazing like spotify
2022-06-29 22:19:07,Love this app. I love controlling my TV. It's just frustrating sometimes to edit Playlist from the phone.,5,0,,1,105,18,love app love control tv frustrating edit playlist phone
2022-06-13 11:50:07,Spotify offline mode no longer in settings,5,0,,1,42,7,spotify offline mode long setting
2022-06-26 18:31:25,The best music app ever,5,0,,1,23,5,good music app
2022-06-08 10:48:56,Great music selection,5,0,,1,21,3,great music selection
2022-07-09 07:38:01,The best music app till now ...,5,0,,1,31,7,good music app till
2022-06-02 00:08:20,"Honestly i love this app, but sometimes i can't payment my premium, it's uncomfotable for the trouble from this app",2,0,,0,115,20,honestly love app not payment premium uncomfotable trouble app
2022-06-17 10:57:08,I feel using spotify is much more comfortable than any other application. It's super good .😌🌼,4,0,,1,93,16,feel spotify comfortable application super good
2022-06-07 20:19:01,"Takes a while to open but once connected, music selections are great",4,0,,1,68,12,take open connect music selection great
2022-06-05 01:59:45,"The app wouldn't play the songs in MY playlist it would add songs and it's annoying, don't recommend tbh.",1,0,,0,105,19,app not play song playlist add song annoying not recommend tbh
2022-06-26 11:10:33,"Worst app I've ever used. Constantly crashes, alwayd has connection problems even when on 4g and all other apps work fine",1,1,,0,121,21,bad app ve constantly crash alwayd connection problem app work fine
2022-06-09 21:18:36,I hated having ads so I went premium a year or two ago and I love Spotify because I love the music of my life and with Spotify I no longer have to keep an album collection with me. They handle that!,5,0,,1,198,42,hat have ad go premium year ago love spotify love music life spotify long album collection handle
2022-07-06 15:13:47,App is not opening.. I have installed it several times still the issue isn't fixed..,1,1,,0,84,15,app open instal time issue not fix
2022-06-22 16:51:05,"I can't even play 3 songs without the app crashing every 10-15 minutes. It's getting really frustrating. I'm a Premium member, but it feels like I paid the subscription for Nothing🙄",1,0,,0,181,31,not play song app crash 1015 minute get frustrating premium member feel like pay subscription
2022-06-16 07:32:06,Vere cofartable and very clear sound I like very much,5,0,,1,53,10,vere cofartable clear sound like
2022-07-08 15:33:47,Me and my daughter love Spotify it's one of our most used apps,5,0,,1,62,13,daughter love spotify app
2022-07-09 08:06:55,I really enjoy My Music life Nice App Thanks for Spotify,5,0,,1,56,11,enjoy music life nice app thank spotify
2022-06-01 14:47:19,I love being able to listen to my favorites.,5,0,,1,44,9,love able listen favorite
2022-06-02 00:35:58,This is an amazing app I've been using it for my whole life this app is just like amazing Great songs totally recommend,5,0,,1,119,23,amazing app ve life app like amazing great song totally recommend
2022-06-15 10:24:38,Good music and podcast app. Just a shame that I pay for membership but still get advertisements. Seems wrong to advertise premium for ad free listening to just throw ads in anyways.,2,0,,0,181,32,good music podcast app shame pay membership advertisement wrong advertise premium ad free listen throw ad anyways
2022-07-06 12:22:24,"Very rare to not find a song I'm looking for.....it happens, but not often. Even obscure music is available, I love that the lyrics are offered with most songs.... I'll never not have Spotify",5,0,,1,191,34,rare find song look forit happen obscure music available love lyric offer song ill spotify
2022-06-12 00:03:21,The best music I love.I can't live without Spotify.,5,0,,1,51,9,good music lovei not live spotify
2022-06-23 18:38:18,"As others here have mentioned, the app is quite buggy. Constantly stopping playback for no reason, playbar freezing, and play button refusing to start songs. I'm currently looking for a different streaming service as Spotify refuses to ammend this issue and its gotten to the point where I spend more time fixing the app than listening to my favourite podcasts and music.",1,7,,0,371,62,mention app buggy constantly stop playback reason playbar freezing play button refuse start song currently look different streaming service spotify refuse ammend issue get point spend time fix app listen favourite podcast music
2022-06-26 07:35:32,Still waiting for the day Spotify introduces Direct Message feature.,5,0,,1,68,10,wait day spotify introduce direct message feature
2022-06-24 12:38:59,"Really awful experience. Keeps shuffling songs and forcing me to listen to random things. I search up one song and click on it, and it plays other songs. I tried going back in the playlist, and that's not possible for some reason. This app is surprisingly bad.",1,4,,0,260,47,awful experience keep shuffle song force listen random thing search song click play song try go playlist possible reason app surprisingly bad
2022-06-17 02:00:21,This is the best music app ever,5,0,,1,31,7,good music app
2022-06-01 07:06:14,Very bad because download song can't play after one week..,2,0,,0,58,10,bad download song not play week
2022-07-08 01:52:31,I switched to Spotify after Google discontinued play music and haven't regretted it.,5,0,,1,84,13,switch spotify google discontinue play music not regret
2022-06-01 07:21:41,The app is good actually. The only problem is the ads are too much. I hope you look into this matter. Not everyone can or wants to get the premium pack. Thank you,4,0,,1,162,33,app good actually problem ad hope look matter want premium pack thank
2022-06-15 03:52:54,Great music for all your moods.,5,0,,1,31,6,great music mood
2022-07-01 02:54:40,Very useful application form song,1,0,,0,33,5,useful application form song
2022-06-20 19:43:24,I love this app! It's very user friendly and has a huge selection of music!,5,0,,1,75,15,love app user friendly huge selection music
2022-06-14 09:16:20,First Time I saw a ad ! When I watch match between PAK VS WND... I Saw a spotify App. Toady I install .this is so awesome app. Every singer song in this add. The great Is every Small and big star song are in it... Very amazing app Thank you so much For Creating This Great App ❤,5,0,,1,278,59,time see ad watch match pak vs wnd see spotify app toady install awesome app singer song add great small big star song amazing app thank create great app
2022-07-02 16:38:46,Amazing plain and simple,5,0,,1,24,4,amazing plain simple
2022-06-28 00:49:47,Easiest apps to find latest songs,5,1,,1,33,6,easy app find late song
2022-05-31 05:32:26,"App crash at this time, not play any song",1,0,,0,41,9,app crash time play song
2022-07-09 11:32:24,"Everything I go to open the app in the last week, there's no play bar, and now when I go to open it, it just shuts right back down.",2,0,,0,131,29,open app week play bar open shut right
2022-07-09 06:17:18,How long will it take to fix the payment option. Being on the free plan is not a nice experience. I want to get back on Premium but its failed now for the 2nd month.,1,0,,0,165,35,long fix payment option free plan nice experience want premium fail 2nd month
2022-06-29 21:50:44,"It works really good when I listen to it through my head band and through my tablet. Even when I am in an area with no wifi, it still works great. (This is me a little bit after this review) I don't know what happened, but a band called night shift productivity is no where on Spotify anymore. Even the songs I had are gone. I don't know if this is your fault Spotify, but I'm giving you a 1 star review.",1,5,,0,404,82,work good listen head band tablet area wifi work great little bit review not know happen band call night shift productivity spotify anymore song go not know fault spotify give star review
2022-07-01 14:56:40,Easy to use and great parental settings,4,0,,1,39,7,easy use great parental setting
2022-06-15 05:04:06,"Instead of listening to music with advertisement in between, it feels like I'm listening to advertisements with a song thrown in between. That's how much advertisement this app has, ridiculous.",1,0,,0,193,30,instead listen music advertisement feel like listen advertisement song throw advertisement app ridiculous
2022-06-04 21:18:39,"Tried to sign up, it never said anything about my number, but put all my info in the app and Nothing even happened or even attempted to get started, so it was a waste of time, Yhankdqqq",2,0,,0,185,37,try sign say number info app happen attempt start waste time yhankdqqq
2022-06-28 18:57:48,"Easily my favorite music app, Spotify is the best in my opinion. The simple user interface, super deep catalog of music/podcasts and it's well worth the subscription to not hear the commercials 👍",5,0,,1,195,33,easily favorite music app spotify good opinion simple user interface super deep catalog musicpodcast worth subscription hear commercial
2022-06-03 15:51:20,"On mobile we can't play the actual song, just a preview or the chorus sadly, but over-all the app is great",5,0,,1,106,21,mobile not play actual song preview chorus sadly overall app great
2022-06-07 21:54:27,Very reliable and great interface love it.,4,0,,1,42,7,reliable great interface love
2022-06-27 01:43:17,I love Spotify so much I would have gave it a five but you already know its the adds but i really dont mind then because i have remebers them all word by word but on my liked songs random songs that are on my dont like pop up,4,0,,1,225,49,love spotify give know add not mind remeber word word liked song random song not like pop
2022-06-18 12:50:02,Great always there with good tracks.,5,0,,1,36,6,great good track
2022-06-02 07:49:21,There is no multiple select feature is available to add the device songs in the playlists.,1,0,,0,90,16,multiple select feature available add device song playlist
2022-06-01 23:04:51,Pretty good app. Even the free version of this has less ads than you tube music.,4,0,,1,80,16,pretty good app free version ad tube music
2022-06-09 04:42:02,"Premium user so not sure if that changes my app functionality in any way. Video podcasts are still broken on my LG VELVET 5G, even after updating to Android 12. This has been the case for over two months now. Playing a podcast with video (with all settings set properly) only shows a black screen whether in the player preview or in full screen. Spotify also often locks up or plays something without it showing in the player, essentially ""phantom playing"" media which requires a restart.",2,14,,0,488,86,premium user sure change app functionality way video podcast break lg velvet update android 12 case month play podcast video setting set properly show black screen player preview screen spotify lock play show player essentially phantom playing medium require restart
2022-07-01 16:30:48,Worst app ever I can't even sign into this app!! It tells me again and again that the combination of my email and password is incorrect !! Worst app!!😡,1,0,,0,151,29,bad app not sign app tell combination email password incorrect bad app
2022-07-04 22:17:40,Used to be Great but now is not. When apps misfunctions one must delete all content to reset. No customer support exists-- just advice from other users. So to get the value of my Premium Subscription I must uninstall to re-install dumping my 1k song library 😞😓😩 07/22 no change. Review remains valid,2,0,,0,299,53,great app misfunction delete content reset customer support exist advice user value premium subscription uninstall reinstall dump 1k song library 0722 change review remain valid
2022-06-21 15:38:13,Premium Member for 6 years now; before and I've haven't had to buy an album again. Everything is fresh and theres always something new.,5,0,,1,135,24,premium member year ve not buy album fresh new
2022-07-04 19:29:30,Because of so much ads,1,0,,0,22,5,ad
2022-07-08 09:50:43,"Good, Superb & Excellent music app",5,0,,1,34,6,good superb excellent music app
2022-06-16 07:00:37,"Have discovered so much new music since joining Spotify, without a doubt my favourite app.",5,0,,1,90,15,discover new music join spotify doubt favourite app
2022-06-14 06:17:48,"Its terrible, i suggest you use youtube music, at first i thought it was great but once you have it for a while it gets annoying. Also the last few updates have been horrible. I think that not being able to chose what song you want to listen to is very annoying, you end up having to skip most of the songs. It also adds things to your playlists. I have a wide variety of music and most of the songs they add i personal hate. I love YouTube music so much more and none of these problems are there.",1,188,,0,497,100,terrible suggest use youtube music think great get annoying update horrible think able chose song want listen annoying end have skip song add thing playlist wide variety music song add personal hate love youtube music problem
2022-06-17 12:13:47,Best audio quality The music app ever I seen,5,0,,1,44,9,good audio quality music app see
2022-06-19 02:38:17,Stop asking me to turn on Bluetooth and maybe I'll up this rating. I don't need a pop up every time I open an app I pay $10 a month for.,1,0,,0,136,31,stop ask turn bluetooth maybe ill rating not need pop time open app pay 10 month
2022-06-18 15:15:48,I like this app very much but it should be offline and I like it to hear without internet so I like to give only 4 stars,4,0,,1,120,27,like app offline like hear internet like star
2022-06-17 14:25:43,This app is amazing and it's sound quality just wow,5,0,,1,51,10,app amazing sound quality wow
2022-07-02 23:50:10,Good app. No app like this to provide songs free,5,0,,1,48,10,good app app like provide song free
2022-06-27 10:14:06,"What happen? Log out and now cannot even login, network problem it says, and give me link to login also expired. Hope can repair this bug as I had subscribed duo package every month",1,0,,0,181,34,happen log login network problem say link login expire hope repair bug subscribe duo package month
2022-06-19 01:04:57,Incredible app but the group sessions work better before when you could scan to connect.,4,0,,1,88,15,incredible app group session work well scan connect
2022-06-04 13:19:53,"Any way you look at it, it's a good app all the way AROUND.",5,0,,1,59,14,way look good app way
2022-07-01 17:41:16,All types of songs are available here and no stopper and all. Love it.,5,0,,1,70,14,type song available stopper love
2022-06-11 00:35:50,You can't play 2 songs in a row without getting a ad without premium,1,0,,0,68,14,not play song row get ad premium
2022-06-26 18:43:54,Pay to win app basically. I can't play ONE song. Like it only shows a 5 seconds preview of how it sounds. I can't even listen to any songs on my playlists. There is no point it's a PAY TO WIN APP,1,0,,0,195,42,pay win app basically not play song like show second preview sound not listen song playlist point pay win app
2022-07-08 00:15:19,"Every song you've heard and more is on here, however, 1 BIG ISSUE, when I enter the app it will say ""nothing playing"" when there is very much something playing and it will play in the background but I can't control it at all from my notification bar",4,0,,1,249,48,song ve hear big issue enter app play play play background not control notification bar
2022-06-19 22:58:34,Not even going to lie I've been a hardcore Spotify listener for going on 3-4 years now and I never took the time to do a review. But check it out I recommend Spotify to anybody who likes music more than most of the people that surround them. I would vouch for Spotify to anybody on this Earth and before God admit that I have been blessed with playlists that hit the spot. Spotify something I've taken for granted a lot of times. 100% download Spotify right now!!!!,5,0,,1,465,88,go lie ve hardcore spotify listener go 34 year take time review check recommend spotify anybody like music people surround vouch spotify anybody earth god admit bless playlist hit spot spotify ve take grant lot time 100 download spotify right
2022-06-03 18:35:43,I think Spotify is the best music app and he is best .,5,1,,1,54,13,think spotify good music app good
2022-06-11 18:54:03,Mhm guys this app is not bad but I will tell you one think that is when you use phone when you just started a song and you can't play another idk why and another if you want to play another play another song you have to buy Spotify premium that is not free And another think this type of app is so weird,4,0,,1,303,64,mhm guy app bad tell think use phone start song not play idk want play play song buy spotify premium free think type app weird
2022-06-22 05:53:07,Love it best for music by far,5,0,,1,29,7,love well music far
2022-06-29 07:22:58,"It's a really good app , you can listen audios, songs, etc while being on another app at the same time. I had no problem signing in in this device, but then I signed in from another device. I inserted the name, password,email etc and all, but it kept loading forever. The app kept on loading the next day and on and on, it never let me in. It's an annoying glitch and it makes me really disappointed and mad. Fix this glitch soon as possible.",4,0,,1,442,86,good app listen audios song etc app time problem sign device sign device insert passwordemail etc keep load forever app keep load day let annoying glitch make disappointed mad fix glitch soon possible
2022-05-31 00:06:27,Great idea how about you get all the features to actually work on here. Thanks,1,0,,0,78,15,great idea feature actually work thank
2022-06-14 03:32:59,"I've seen using Spotify for about 3+ years and I haven't had anything negative to say until now so let's get into it. The only complaint I have is when ever I go into a Playlist to edit it and add a song 'normally' I could get to hear a preview (a small part) or the song, but recently I haven't been able to hear those previews. Either this is due to internet connection, my phone, or a bug/glitch. I do hope that this problem gets fixed because it can be annoying.",4,323,,1,466,92,ve see spotify year not negative let complaint playlist edit add song normally hear preview small song recently not able hear preview internet connection phone bugglitch hope problem get fix annoying
2022-06-12 09:07:39,"Always have a great experience, the music, podcast. The addition of lyrics and even partial video inclusion.",5,0,,1,108,17,great experience music podcast addition lyric partial video inclusion
2022-07-03 01:00:10,I think that it amazing just that you have to pay,4,0,,1,49,11,think amazing pay
2022-07-03 15:12:21,Too many Ads in it,1,2,,0,18,5,ad
2022-05-31 02:25:36,Amazing to use just a ton of bad ads.,4,0,,1,37,9,amazing use ton bad ad
2022-07-05 01:05:05,This is a excellent music app to listen to.,5,0,,1,43,9,excellent music app listen
2022-07-09 09:15:27,In the middle of songs its pauses and then restarts the whole song. You have to go into the app and play the song again.,4,0,,1,120,25,middle song pause restart song app play song
2022-07-05 22:48:58,Spotify is great for listening to albums. And it's cool to be able to make playlists.,5,0,,1,85,16,spotify great listen album cool able playlist
2022-06-12 16:02:53,"Changing my review from 2 stars to 1. The music stops repeatedly. Its not my internet, phone, update, etc. Its spotify. Everyone should switch to YouTube music for the same price.",1,0,,0,179,31,change review star music stop repeatedly internet phone update etc spotify switch youtube music price
2022-06-16 09:36:53,"Thankyou Spotify for being here with me all the time I really appreciate your activeness you are so much mean to me. Your app also gives good quality to my musics. But I just wanna add more, I want to add some lyrics on my Spotify even if I'm offline or not in in my internet because it will help that much. Thankyou again!!❤️",5,0,,1,326,64,thankyou spotify time appreciate activeness mean app give good quality music wanna add want add lyric spotify offline internet help thankyou
2022-06-05 13:33:18,"Ads, ads and more ads. Play a 2 songs get 3 ads. No better than YouTube.",1,0,,0,72,16,ad ad ad play song ad well youtube
2022-07-05 17:40:58,Absolutely Stunning! More like they know my soul and give me what i want. 🖤,5,0,,1,75,15,absolutely stunning like know soul want
2022-05-31 14:50:04,Podcasts and experience is very good,4,0,,1,36,6,podcast experience good
2022-06-27 16:57:37,It is very nice Music app.,5,0,,1,26,6,nice music app
2022-06-29 08:50:59,"Most entertaining and exciting,with excellent switching from one zoner to another swiftly.so many apps for music r there ,but SPOTIFY IS par excellence.",5,0,,1,152,23,entertaining excitingwith excellent switching zoner swiftlyso app music spotify par excellence
2022-06-20 04:27:42,Crashes whenever I try to add music to my playlist,5,0,,1,50,10,crash try add music playlist
2022-06-24 03:59:33,"The best music streaming platform, even though I don't have Premium, still, the quality is at its best!",5,0,,1,103,18,good music streaming platform not premium quality good
2022-06-27 18:30:07,"Fantastic app paying for premium is worth it, the only problem I'm having is synching to my car still 5 ⭐",5,0,,1,105,21,fantastic app pay premium worth problem have synche car
2022-06-19 12:55:50,Too many adds... ridiculous,1,0,,0,27,4,add ridiculous
2022-06-06 13:18:28,It's is the best app for music,5,0,,1,30,7,good app music
2022-06-15 15:21:04,App is ok but recently been having to reset device or reinstall. Playlists are quite narrow,2,0,,0,91,16,app ok recently have reset device reinstall playlist narrow
2022-06-29 13:03:07,"This app annoyed me too much, come on!! Ads after every single music?? Why why why??? And I'm not a billionaire to get premium account...",1,0,,0,137,25,app annoy come ad single music billionaire premium account
2022-06-13 09:39:51,Great music app. I used it to host my party and It was great.,5,0,,1,61,14,great music app host party great
2022-06-21 22:22:51,Too many adds and you are very restricted in what you can listen to consecutively on freeplay.,4,0,,1,94,17,add restrict listen consecutively freeplay
2022-06-08 05:15:58,Works great until it glitches and only plays ads with no songs,1,1,,0,62,12,work great glitche play ad song
2022-06-03 16:54:18,I love spoyify but I can't download songs on my phone,5,0,,1,53,11,love spoyify not download song phone
2022-06-11 04:24:31,"I like this app.❣❣❣ Because when you play any song and if you don't have much net data , like if your data is totally over 100 % over still that song is playing without any internet Spotify don't need to take much more net . So yaah , I am obsessed with this",5,0,,1,258,54,like app play song not net datum like data totally 100 song play internet spotify not need net yaah obsess
2022-06-01 16:50:33,"I have had an issue with this app just crashing as soon as I play anything. I don't have this issue on other device (nokia) only on this one (iqoo). Tried all the methods that customer care told, still no solution. Okay so this issue has been solved for now, but this is not acceptable!",4,0,,1,286,55,issue app crash soon play not issue device nokia iqoo try method customer care tell solution okay issue solve acceptable
2022-07-03 12:49:31,Bro 💀 i tried downloading the app today and try it out but it can't even open Lmao 💀 plus i used to use Spotify and it would keep playing random songs and when i search up something there's always different results,1,0,,0,214,42,bro try download app today try not open lmao plus use spotify play random song search different result
2022-06-03 03:30:35,New update sucks... U can't play liked songs please change it,1,0,,0,61,11,new update suck not play like song change
2022-06-25 14:14:20,"I made the switch from another service years ago and have not looked back, it was an easy transition , I find premium duo worth it so my kid and I can have our own accounts and play music at the same time",5,0,,1,204,43,switch service year ago look easy transition find premium duo worth kid account play music time
2022-07-05 21:16:58,"I love spotify and use is all the time,but the only thing that I don't like about spotify is that it doesn't play all of the songs on the playlist before it repeats some of the songs. But other than that I would definitely recommend it.",4,0,,1,236,46,love spotify use timebut thing not like spotify not play song playlist repeat song definitely recommend
2022-07-01 11:58:33,"This landscape is resourceful, no doubt about that",5,0,,1,50,8,landscape resourceful doubt
2022-06-23 06:36:08,This is trash. I can't even listen to my favorite song it just play a different song.,1,0,,0,85,17,trash not listen favorite song play different song
2022-06-26 06:20:29,"Only annoyance is when I get in the car and turn on Bluetooth, a pop-up shows up right over the Car Mode button asking if I want to connect to speakers, even tho it's already connected to Bluetooth. This pop-up can not be swiped away, and I just have to wait it out to be able to switch to Car Mode.",5,1,,1,299,61,annoyance car turn bluetooth popup show right car mode button ask want connect speaker tho connect bluetooth popup swipe away wait able switch car mode
2022-07-02 04:44:06,"That last couple update have systematically broken the app. Connections to devices are buggy and intermittent. UI has broken a dozen times a day and won't respond, play anything, and when it does the wrong item will show as playing versus the sound. Can't skip what it doesn't know it's playing!.. Reinstall and restarts are no help. ""No internet connection"" even when I am on the god damn wifi and in a city. Straight up broken at the moment.",4,45,,1,443,79,couple update systematically break app connection device buggy intermittent ui break dozen time day will not respond play wrong item play versus sound not skip not know play reinstall restart help internet connection god damn wifi city straight break moment
2022-06-11 03:52:00,The best app. I love the Spotify.,5,0,,1,33,7,good app love spotify
2022-06-10 16:13:46,I don't like this I avoid it but spotify lite likes me I can avoid it,1,0,,0,69,16,not like avoid spotify lite like avoid
2022-07-08 04:28:45,"Recent update broken With this last update I have been unable to access any music. It won't play anything. It doesn't allow me to even play downloaded, or even show my music or podcasts. Fabulous, back to not sleeping well. Upset because it's been fine for years. And now that I rely on the stories and mediations to sleep, now it decides to not work at all.",1,19,,0,358,67,recent update break update unable access music will not play not allow play download music podcast fabulous sleep upset fine year rely story mediation sleep decide work
2022-06-22 03:22:25,It's good but my problem is you can't play the music that you search properly it's like you play a song you press the play button and sometimes it plays a different music and if you play your playlist you can only play it in shuffle you can't play it the way you intended to and it has ads if you really want to use it without the ads you can play music properly etc then get the premium,1,11,,0,387,79,good problem not play music search properly like play song press play button play different music play playlist play shuffle not play way intend ad want use ad play music properly etc premium
2022-06-06 04:35:40,When I try to play a song it automatically closes..what the hell is wrong with this app..uninstall and still the same🤦,1,1,,0,118,21,try play song automatically closeswhat hell wrong appuninstall
2022-07-08 15:24:49,It's not even starting. it only shows the spotify logo. Am I only suppose to see logo in this app??,1,0,,0,99,20,start show spotify logo suppose logo app
2022-07-01 02:29:53,This app is awesome but the ads every now and then take a while but other than that the app is amazing great sound,5,0,,1,114,24,app awesome ad app amazing great sound
2022-06-26 10:29:23,"Everything is exceptional with the app Only one thing would make it even better, a default playlist for all the downloaded songs",5,1,,1,128,22,exceptional app thing well default playlist download song
2022-06-13 16:02:42,Enjoy listening to 70 music and my grandbabies enjoy silly kids songs 🎵 🎶,5,0,,1,73,14,enjoy listen 70 music grandbabie enjoy silly kid song
2022-06-05 02:43:57,I hate ads I hv premium account I shouldn't hv ads,5,0,,1,50,11,hate ad hv premium account not hv ad
2022-06-17 19:22:04,Experiencing issues while searching for a song sometimes. It shows no internet connection even if i am connected to one. This is very annoying. Fix this,1,0,,0,152,26,experience issue search song show internet connection connect annoying fix
2022-06-12 05:11:35,"Since last month, this app has refused to accept my payment to premium. It's so very annoying",1,0,,0,93,17,month app refuse accept payment premium annoying
2022-07-03 04:42:55,Waste of time there no song if you want to listen a song then search its singer's name that is always worst app for ever,1,0,,0,120,25,waste time song want listen song search singer bad app
2022-06-07 21:52:00,"Premium is worth buying, Spotify - music soinds better with you... 🎵🎶",5,0,,1,69,12,premium worth buy spotify music soind well
2022-06-21 11:55:03,Not working properly on samsung watch 4 lte,4,0,,1,43,8,work properly samsung watch lte
2022-07-08 03:25:00,Been using spotify for 6 or 7 years and had all together a year or more of premium. Was a great app but now I'm literally getting ads every 2 songs. So I can't recommend it anymore.,2,0,,0,181,37,spotify year year premium great app literally get ad song not recommend anymore
2022-07-02 10:08:57,Never ending music pleasure,5,0,,1,27,4,end music pleasure
2022-06-07 15:32:09,Such a good platform of music.,5,0,,1,30,6,good platform music
2022-06-13 15:56:00,"Great collection, lyrics are increasingly available, good quality",5,0,,1,65,8,great collection lyric increasingly available good quality
2022-06-17 18:00:04,"The app keeps randomly stopping in the middle of listening. It also won't register what I'm listening to while I'm in it, so I can't skip songs or anything else. It would be great if this issue could be fixed. I have found a ton of good Playlists and podcasts I enjoy, this is just a real pain.",4,3,,1,294,58,app keep randomly stop middle listen will not register listen not skip song great issue fix find ton good playlist podcast enjoy real pain
2022-07-08 19:41:35,"I have had this app a short while, I really like it a lot, I can't wait to have all my music where I want. I recommend you. Thankyou. Di",4,0,,1,136,30,app short like lot not wait music want recommend thankyou di
2022-06-18 13:07:36,Music is my favorite hobby and I love listening to All-America and pop songs,5,0,,1,76,14,music favorite hobby love listen allamerica pop song
2022-06-06 03:19:03,Nice and easy to use.,5,0,,1,21,5,nice easy use
2022-06-24 10:13:03,"Thank you very much, it is good sound quality.",4,0,,1,46,9,thank good sound quality
2022-06-13 07:48:50,This app is the best app for music. The library is customized very well according to the user's needs and has curated Playlists as well only for the user based on their music taste. If u listen to music very often then u should buy the premium plan as the ads get really annoying but if u listen like rarely then the free plan with ads is the better choice. It's a fantastic app and I'd recommend it to anyone who loves music.,5,45,,1,426,83,app good app music library customize accord user need curate playlist user base music taste listen music buy premium plan ad annoying listen like rarely free plan ad well choice fantastic app recommend love music
2022-06-24 12:45:08,"Why are Singles and ep's shown as albums under Your Library Also, it would be nice if we could see liked song in albums, like it is with playlists",4,6,,1,146,29,single ep show album library nice like song album like playlist
2022-07-07 15:48:27,"I love Spotify, but I've been having trouble using it since an Android update from a few days ago (I have a Samsung A50). I can't access any kind of media, whether it be albums, playlists, podcasts. All the songs have disappeared, but I still can see that the playlists (and so on) exists. Please fix this bug!!",4,2,,1,311,58,love spotify ve have trouble android update day ago samsung a50 not access kind medium album playlist podcast song disappear playlist exist fix bug
2022-06-27 17:06:42,Love Spotify! Being retired I love to listen to some of my favorite songs of today and years gone by. Thank you Spotify for making this available to me and others as well.,5,1,,1,171,33,love spotify retire love listen favorite song today year go thank spotify make available
2022-06-21 16:51:14,The songs on playlist dont bring a list of songs,1,0,,0,48,10,song playlist not bring list song
2022-06-18 13:37:40,This app I can describe . There is no words for this app. But there is a problem there are so many advertisement inbetween the songs and which makes me annoying . And all other things are mind blowing .,5,0,,1,202,40,app describe word app problem advertisement inbetween song make annoying thing mind blow
2022-06-26 22:24:49,love this app. <3 but sadly in andriod you cant pick the songs you wanna play but in iphone or ipad you cant :'),5,0,,1,112,24,love app sadly andriod not pick song wanna play iphone ipad not
2022-06-02 20:25:02,Always love music especially gospel.,5,0,,1,36,5,love music especially gospel
2022-06-19 01:13:24,"Spotify is not that great without the premium or paying real money for benefits. You can't pick a specific song you want to play and you cannot play a certain song over again. You can't even play a playlist in order. All you can do is shuffle a playlist and hope you hear the song you want. This is really dissapointing for a music app. I'm hoping to find a better one; and you all should too! If you really want to use Spotify, pay for premium because it is terrible without it.",1,4,,0,479,93,spotify great premium pay real money benefit not pick specific song want play play certain song not play playlist order shuffle playlist hope hear song want dissapointe music app hop find well want use spotify pay premium terrible
2022-07-01 12:30:14,This is the bestest app I've ever found on play store,5,0,,1,53,11,best app ve find play store
2022-06-29 16:43:11,"every time I want to open an mp3 file on my cellphone, it opens with the Spotify application. is there no option to stop it? please remove that ASAP.",1,0,,0,149,29,time want open mp3 file cellphone open spotify application option stop remove asap
2022-06-05 05:39:30,Thanks for increasing subscription fee without informing. 😡,2,0,,0,59,8,thank increase subscription fee inform
2022-06-03 14:15:36,Apps keep crashing after update can't even roll back,1,1,,0,52,9,app crash update not roll
2022-07-04 08:35:17,Way to many ads so get ready to cough up your clean lung to get ads free. audio quality is not original and stupidly compressed but Hey those Ads freakin CRISP!!!!,1,0,,0,163,31,way ad ready cough clean lung ad free audio quality original stupidly compressed hey ad freakin crisp
2022-07-04 04:29:24,I was just trying to logout and it made me leave the app and when I went back on it I couldn't even use it cause it kept me in the logo and this has been happening for 4 days now yall better fix this also fix the fact that we can't hear the sound while in suggest songs,1,0,,0,269,59,try logout leave app go not use cause keep logo happen day well fix fix fact not hear sound suggest song
2022-06-29 23:11:41,"""This app is absolute garbage for listening to podcasts"" was my last review. But I was wrong. I was being hot-headed and not understanding correctly. I do apologize to the owners of this app. It works really well.",5,7,,1,213,38,app absolute garbage listen podcast review wrong hotheade understand correctly apologize owner app work
2022-06-19 11:14:58,"I like spotify but I HATE that on phone version doesnt really let u skip song that u dont like, I mean u need premium and its super annoying.",2,0,,0,141,29,like spotify hate phone version not let skip song not like mean need premium super annoying
2022-06-26 01:07:58,I really enjoy the company of spotify . Thank you so much,5,0,,1,57,12,enjoy company spotify thank
2022-06-21 00:27:10,I can't log in. No internet connection prompt even though I'm connected.,5,2,,1,72,12,not log internet connection prompt connect
2022-06-14 07:08:39,"Horrible customer service. Poor ethics and incompetent employees. After 4 years of asking Spotify to cancel my account, they are still charging my card and ignoring my requests. Amazon music and and pandora is just so much better.",1,1,,0,230,38,horrible customer service poor ethic incompetent employee year ask spotify cancel account charge card ignore request amazon music pandora well
2022-07-03 11:26:03,"Good,but advertisement more",4,0,,1,27,3,goodbut advertisement
2022-07-03 14:25:26,"🔥🔥🔥🔥, jus need more bronx drill , a lit more.. 🗽👿",4,0,,1,49,11,jus need bronx drill light
2022-06-08 21:46:58,Enjoying the music. Very little to no interruptions! Great mix of music as well.,5,0,,1,80,14,enjoy music little interruption great mix music
2022-06-23 08:58:51,Music for me changed because of Spotify.,5,0,,1,40,7,music change spotify
2022-06-09 13:51:25,Great variety. Like having linked to Alexa.,5,0,,1,43,7,great variety like have link alexa
2022-06-25 09:08:56,Chill playlist is awesome,4,0,,1,25,4,chill playlist awesome
2022-06-30 13:26:46,Absolutely love spotify,5,0,,1,23,3,absolutely love spotify
2022-06-18 11:42:00,"So much choice, a song you heard and forgot about, you can find it again! B sides etc.. Great app.",5,0,,1,98,20,choice song hear forget find side etc great app
2022-06-11 12:05:37,I like it because sound is also good and there is all. BTS ARMY SONGS,5,0,,1,69,15,like sound good bts army song
2022-06-29 01:27:23,Constantly pauses playback...trash. its 2022 streaming is nothing new there is zero reason for any bs,1,1,,0,101,16,constantly pause playbacktrash 2022 streaming new zero reason bs
2022-06-21 19:51:38,I love Spotify! Especially for my get togethers. I make a Playlist and just let it run! I also use it for my podcast Lifeofy. My mother uses it as well and my kids for workouts and parties!!! Love how you can que songs so everyone can hear something they want!,5,0,,1,260,51,love spotify especially together playlist let run use podcast lifeofy mother use kid workout party love que song hear want
2022-07-06 19:45:21,I love Spotify I use it all the time it bring so much joy into my life,5,0,,1,70,17,love spotify use time bring joy life
2022-06-14 05:41:14,I love it the app but the only thing bad is like 12 ads just to hear a song,4,0,,1,75,19,love app thing bad like 12 ad hear song
2022-06-29 13:46:56,"its a good app yeah idk ads are not that annoying as usual but its mostly this one ,, when i try playing my playlist or sumthin idk it plays a different songs that isnt in suggestions or in the playlist. please fix that because idk most of the goofy AHHH songs and it is very annoying that we dont get to listen the songs in the playlist i created",4,0,,1,347,70,good app yeah idk ad annoying usual try play playlist sumthin idk play different song not suggestion playlist fix idk goofy ahhh song annoying not listen song playlist create
2022-07-09 07:46:56,Spotify has literally accounted for everything when it comes to your best music experience. It's so easy to use but there's still so many features and I honestly didn't realize how much I needed it until I got it. Would recommend above apple music as it's more aesthetically pleasing and has way better features. GET SPOTIFY!!! (I do have premium) but even with ads it's still good.,5,1,,1,382,67,spotify literally account come good music experience easy use feature honestly not realize need get recommend apple music aesthetically pleasing way well feature spotify premium ad good
2022-06-19 18:23:35,This app is a disaster now. Constant crashes and bugs. It will refuse to play downloaded tracks while offline. Or even bring up track listings. I don't know what I pay so much for this service for when it just seems to get worse with each passing month.,1,0,,0,253,48,app disaster constant crash bug refuse play download track offline bring track listing not know pay service bad pass month
2022-06-27 19:22:03,Love the access to a variety of podcasts.,4,0,,1,41,8,love access variety podcast
2022-07-05 18:32:59,Spotify was good untill they started the 8 ads in a row deal,1,0,,0,60,13,spotify good untill start ad row deal
2022-06-14 08:16:36,I enjoy the music..but how to download the music,5,0,,1,48,9,enjoy musicbut download music
2022-06-22 16:19:29,"Spotify used to connect automatically to my Pioneer head unit in my truck but that functionality stopped back in February I believe. I've been holding out hope that it would be fixed but so far it hasn't. My device used to show up automatically in the Windows app regardless if i had Spotify open on my phone or not, but that stopped at the same time. Audio quality and auto-generated playlists aren't as good as other streaming services. Update: they fixed it, and then broke it again. Shame!",1,77,,0,493,88,spotify connect automatically pioneer head unit truck functionality stop february believe ve hold hope fix far not device automatically window app regardless spotify open phone stop time audio quality autogenerate playlist not good streaming service update fix break shame
2022-06-29 21:40:11,"If you love music, you'll love Spotify",5,0,,1,38,7,love music ll love spotify
2022-07-04 21:46:30,Now ads bad app,1,0,,0,15,4,ad bad app
2022-07-09 09:41:54,It always stuck at black screen,1,0,,0,31,6,stick black screen
2022-07-05 22:55:04,The sound quality and other features are exceptional.,5,0,,1,53,8,sound quality feature exceptional
2022-06-15 23:47:33,Ad free and amazing!! Love being able to share with friends and have playlists downloaded for camping!!,5,0,,1,103,17,ad free amazing love able share friend playlist download camping
2022-07-07 19:06:14,Too many advertisements. Had to listen to 10 advertisements in a row before finally listening to some music,1,0,,0,107,18,advertisement listen 10 advertisement row finally listen music
2022-05-31 15:00:43,You used to be able to skip songs which was good cuz sometimes u don't wanna listen to some songs but t now u need premium for that and you can't just play the playlist from top to bottom pls switch it back,4,0,,1,206,43,able skip song good cuz not wanna listen song need premium not play playlist pls switch
2022-06-03 13:56:25,"No matter what device you use! The sound quality, overall, is above expectation. Bluetooth, speaker or even Bluetooth speaker. 😁 The genre selections are endless. Only thing missing is audio books. If pay for full service to have that feature!",5,1,,1,243,40,matter device use sound quality overall expectation bluetooth speaker bluetooth speaker genre selection endless thing miss audio book pay service feature
2022-07-02 00:56:44,Super and nice songs to enjoy music,5,0,,1,35,7,super nice song enjoy music
2022-06-15 02:18:43,To hard to get a genre or play list,1,0,,0,35,9,hard genre play list
2022-06-09 09:15:54,Best in hearing songs But ads,5,0,,1,29,6,well hear song ad
2022-06-21 02:13:49,0⭐ They say that we'll be able to enjoy thirty minutes of uninterrupted music after the ad. But instead they many a times play ads 4 times within thirty minutes.,1,0,,0,161,30,able enjoy thirty minute uninterrupted music ad instead time play ad time thirty minute
2022-06-16 12:27:03,Excellent music player,5,0,,1,22,3,excellent music player
2022-06-30 00:15:51,"Basically it's ""ADSTIFY"" I've been experiencing this ""7ads and 1 song"" so disappointing",1,0,,0,87,13,basically adstify ve experience 7ad song disappointing
2022-06-19 16:11:14,Good apps in music!,5,0,,1,19,4,good app music
2022-06-14 17:27:10,Great music app. Like it that new improvements come from time to time. Just want lyrics for all the songs I like.,5,0,,1,113,22,great music app like new improvement come time time want lyric song like
2022-06-29 06:05:15,𝐈 𝐝𝐨𝐧'𝐭 𝐤𝐧𝐨𝐰 𝐛𝐮𝐭 𝐈'𝐦 𝐬𝐨 𝐝𝐢𝐬𝐚𝐩𝐩𝐨𝐢𝐧𝐭𝐞𝐝 𝐛𝐞𝐜𝐚𝐮𝐬𝐞 𝐰𝐡𝐞𝐧 𝐈'𝐦 𝐩𝐥𝐚𝐲𝐞𝐝 𝐦𝐲 𝐟𝐚𝐯𝐨𝐫𝐢𝐭𝐞 𝐬𝐨𝐧𝐠 𝐭𝐡𝐞𝐫𝐞𝐬 𝐧𝐨 𝐬𝐨𝐮𝐧𝐝 𝐜𝐚𝐧'𝐭 𝐩𝐥𝐚𝐲𝐞𝐝 𝐟𝐢𝐱 𝐢𝐭 𝐈𝐭𝐡𝐢𝐧𝐤 𝐧𝐞𝐞𝐝 𝐚 𝐞𝐚𝐫𝐩𝐡𝐨𝐧𝐞𝐬 𝐛𝐮𝐭 𝐈 𝐝𝐨𝐧'𝐭 𝐡𝐚𝐯𝐞 𝐞𝐚𝐫𝐩𝐡𝐨𝐧𝐞𝐬 𝐭𝐡𝐞 𝐦𝐮𝐬𝐢𝐜 𝐜𝐚𝐧'𝐭 𝐝𝐨𝐰𝐧𝐥𝐨𝐚𝐝 𝐧𝐞𝐞𝐝 𝐬𝐨𝐦𝐞 𝐩𝐚𝐲𝐦𝐞𝐧𝐭 𝐛𝐮𝐭 𝐈 𝐝𝐨𝐧'𝐭 𝐡𝐚𝐯𝐞 𝐦𝐨𝐧𝐞𝐲 𝐈'𝐦 𝐣𝐮𝐬𝐭 𝐬𝐚𝐲𝐢𝐧𝐠 𝐭𝐡𝐚𝐭 𝐈'𝐦 𝐬𝐨 𝐝𝐢𝐬𝐚𝐩𝐩𝐨𝐢𝐧𝐭𝐞𝐝 𝐭𝐡𝐢𝐬𝐚𝐩𝐩,1,0,,0,279,50,                                                 
2022-06-05 16:20:35,Unable to login. Stuck in an endless loop between emails and app. Uninstalled.,1,0,,0,78,13,unable login stick endless loop email app uninstalle
2022-07-06 16:50:19,It's a super cool app you will get all songs you want Tho it has add but still working amazingly well when you have low range,5,0,,1,125,26,super cool app song want tho add work amazingly low range
2022-05-30 15:45:41,Whenever I searched for a song the only thing I find would be a playlist it was shuffled with Thus app is nonsense,1,0,,0,114,23,search song thing find playlist shuffle app nonsense
2022-06-21 13:16:40,It seems like is bug free now.,5,0,,1,30,7,like bug free
2022-06-09 11:26:51,Good app every song is not available though,4,0,,1,43,8,good app song available
2022-06-15 15:21:41,Even if I have Internet it's show no Internet and I can't search a song*,2,0,,0,72,15,internet internet not search song
2022-06-14 18:14:27,"If I could give a zero I would. The mobile version of Spotify is absolute garbage, the app functionality in general feels super stunted, and you can make a playlist and spend 60% of your time listening to bad songs they weave in to your playlist which then uses up your limited skips 😂 Yeah if your only way to get people to pay is to deliberately develop annoyance in to the design of your app I'm good, plenty of way better options 👋",1,2,,0,435,84,zero mobile version spotify absolute garbage app functionality general feel super stunted playlist spend 60 time listen bad song weave playlist use limited skip yeah way people pay deliberately develop annoyance design app good plenty way well option
2022-06-08 04:59:34,Benn with them for ever now one of the best music app still. this is all I use when I'm at work or just to chill listening to some lofi taking a nap om the grass,5,3,,1,161,36,benn good music app use work chill listen lofi take nap om grass
2022-06-20 19:24:04,Too much ads are there even when Spotify showed 30min of ad free music I've seen ads.,1,0,,0,85,17,ad spotify show 30min ad free music ve see ad
2022-06-16 17:11:14,The best app ever on music experience,5,0,,1,37,7,good app music experience
2022-07-09 13:11:17,"Love Spotify, and usually this app is the best, but as others have stated; the control buttons disappear and podcasts stop for no reason, which is only fixed by deleting and reinstalling the app. First world problems for sure, but highly annoying nonetheless, especially when paying for prime.",2,1,,0,293,48,love spotify usually app good state control button disappear podcast stop reason fix delete reinstall app world problem sure highly annoying nonetheless especially pay prime
2022-06-27 06:19:43,I never wanted it but I tried it ons last time and I got to say this App is worth it boys🔥💯❤️😂,5,0,,1,94,22,want try on time get app worth boy
2022-06-16 13:51:50,Good music app and i love it just add more music for more better in a future,5,0,,1,76,17,good music app love add music well future
2022-06-07 06:46:58,"App only worked for a couple days before it was flagged by Spotify and disabled. I went through the process to get my account restored only to log in and find that no matter what I select I will get the green spinning wheel. I have tried all the clears, re-download and factory resets and my device still does the spinning wheel of nothingness. Back to I heart radio.",1,0,,0,367,69,app work couple day flag spotify disabled go process account restore log find matter select green spinning wheel try clear redownload factory reset device spin wheel nothingness heart radio
2022-07-05 03:03:57,"Toooooo many ads....its irritating.an ad between 2 songs...worst uh.. Other than ads u can find all the songs, playlists... I'm gonna uninstall it due to ads 😒",1,0,,0,159,27,toooooo adsit irritatingan ad songsworst uh ad find song playlist go to uninstall ad
2022-06-06 16:26:31,My favourite music app.But it contains too many ad.,4,0,,1,51,9,favourite music appbut contain ad
2022-07-04 08:10:45,Can u remove the shaffle that we can pick songs if we connect to a device or we play on our phones,5,0,,1,98,22,remove shaffle pick song connect device play phone
2022-06-09 22:24:17,"The app doesn't work for me I've redownloaded it like 10 times,all to no avail It's not accepting my email and I've tried several other emails It keeps saying""something went wrong"" Please can you fix it?",1,0,,0,203,36,app not work ve redownloade like 10 timesall avail accept email ve try email keep sayingsomethe go wrong fix
2022-06-16 12:11:12,I am totally into Spottify and I love the mini premium of 7 and 25 ....worth this was first.But now app not responding at all tried lal the trouble shoots since I gave trial for free premium it's not working... Don't know whether it's a trick,1,0,,0,242,46,totally spottify love mini premium 25 worth firstbut app respond try lal trouble shoot give trial free premium work not know trick
2022-06-06 15:18:57,All around music at it's best quality,5,0,,1,37,7,music good quality
2022-06-07 07:18:27,"It's called playlist for a reason, don't play a random song that's not even in my playlist.",1,0,,0,91,17,call playlist reason not play random song playlist
2022-06-13 21:56:34,"Dear spotify, please remove archewell audio. We shouldn't listen to liars.",1,1,,0,74,11,dear spotify remove archewell audio not listen liar
2022-07-01 15:47:09,Not a good experience at all . I would like to know why my card is billed from this service? Because I never joined this service ever .. I sent an email to cancel after this payment came out on my card .. to find out how and what Is happening and no response.,1,0,,0,259,54,good experience like know card bill service join service send email cancel payment come card find happen response
2022-05-31 23:54:06,"Has pretty much all music that exists, though the sound quality is horrible compared to Deezer or Tidal",1,0,,0,103,18,pretty music exist sound quality horrible compare deezer tidal
2022-07-02 13:15:43,All and different music..love it!,5,0,,1,33,5,different musiclove
2022-06-16 02:29:41,Its a very nice app but I cant change what I'm playing on my phone yet on my tablet I can,4,1,,1,89,21,nice app not change play phone tablet
2022-06-30 05:28:32,I love music and you gave it to me.... THANKS........,5,0,,1,53,10,love music give thank
2022-06-12 03:25:01,I really love Spotify the value of this is so good and it makes me so happy,5,0,,1,75,17,love spotify value good make happy
2022-07-09 02:34:13,Customer Service is terrible. They don't answer emails back. No customer service phone number. No way to cancel subscription. Total Garbage. No help from them at all they just want the monthly subscription costs.,1,1,,0,212,34,customer service terrible not answer email customer service phone number way cancel subscription total garbage help want monthly subscription cost
2022-06-24 07:51:11,I love everything about Spotify. I have tried Amazon and Pandora and just feel Spotify offers more. I can find even the most obscure music here.,5,0,,1,144,26,love spotify try amazon pandora feel spotify offer find obscure music
2022-06-22 12:14:22,No interruption from ads but a decent price as well as their bundles for family it's really good I recommend you to listen to music from here,5,0,,1,141,27,interruption ad decent price bundle family good recommend listen music
2022-06-29 19:50:35,the music i like it.,5,0,,1,20,5,music like
2022-06-22 11:33:05,I was very sattisfied from spotify until it started lagging whenever it felt like it not letting me listen to music. I have contacted customer service and nothing they suggested helped the situation. This has been going on for more than 2 weeks. If it doesn't get fixed I'm afraid I'm gonna have to go with apple music.,1,2,,0,319,58,sattisfied spotify start lag feel like let listen music contact customer service suggest help situation go week not fix afraid go to apple music
2022-06-12 14:24:04,"This app is amazing you know , like we can listen to our favourite artist also.💜",5,0,,1,80,16,app amazing know like listen favourite artist
2022-06-03 18:50:46,It's so annoying when I want to play music on my playlist it randomly adds the most shittiest song and can't get any of the ones I like,1,0,,0,135,28,annoying want play music playlist randomly add shitti song not one like
2022-07-05 09:47:28,"What is this I open the app but the app not start I try all time i check my mobile network, then I use wifi network then I reboot my phone, but the app not start. If the app not work I uninstall the app and i say all don't download the app.",1,0,,0,240,53,open app app start try time check mobile network use wifi network reboot phone app start app work uninstall app not download app
2022-06-10 02:06:53,Good but sometimes gives too many ads which is annoying,4,0,,1,55,10,good give ad annoying
2022-06-29 23:02:11,I love Spotify because you get to play music and you can listen to anything on it so that's why l love Spotify.spotify is my favourite thing to listen to music and songs on it.😍😍😍😍😘😘💯💯💯💯👿,5,0,,1,187,35,love spotify play music listen love spotifyspotify favourite thing listen music song
2022-06-10 15:22:09,As of latley its started to buffer ever time I've locked my phone to do something and listen to music. But its every time I'm on a locked screen or as soon as I turn my screen off that it stops my music. Never used to do this .,4,0,,1,227,49,latley start buffer time ve lock phone listen music time locked screen soon turn screen stop music
2022-06-03 19:58:50,They always have what I want to listen too. And it make me great playlists. Im liking it better then youtube music and Amazon music. I think im going to switch to spotify for all my music.,5,0,,1,188,37,want listen great playlist like well youtube music amazon music think go switch spotify music
2022-07-05 15:00:23,What happened??? I can't pause it anymore. When I play something I don't get any of the buttons showing up on my phone. I can't pause and it won't even show what I'm listening to. I've even had it play right over other apps like books. It's become complete garbage.,1,1,,0,265,50,happen not pause anymore play not button show phone not pause will not listen ve play right app like book complete garbage
2022-06-25 14:06:12,I enjoy it. It is the best music app ever.😊😊,5,0,,1,44,10,enjoy good music app
2022-06-05 06:32:02,I can't play my playslits.then i uninstalled it and installed it again..now i cant even log in ..waddafak,1,0,,0,105,18,not play playslitsthen uninstalle instal againnow not log waddafak
2022-06-17 20:02:03,I can't listen to my music and I have to pay with is unfair and recommend do not download. I always have to listen to other music they recommend but they all suck. It's better to just hear music on youtube,1,0,,0,205,41,not listen music pay unfair recommend download listen music recommend suck well hear music youtube
2022-06-20 00:20:52,"A great place to catalog your music, but but everytime they update this app. They make it objectively worse. For some reason everytime they make it harder to find tour music and it infuriates me to no end",2,1,,0,204,38,great place catalog music everytime update app objectively bad reason everytime hard find tour music infuriate end
2022-06-08 17:41:34,All the music i can and want to listen to.,5,0,,1,42,10,music want listen
2022-06-20 02:02:24,Ver good songs app in every language,5,0,,1,36,7,ver good song app language
2022-06-13 09:33:39,It's good for listening to music.,4,1,,1,33,6,good listen music
2022-07-05 23:53:40,"I can't play any song that I pick, randomly cuts halfway through a song and 6 skips an hour shouldn't be a feature, I have no trouble with this on a console, like PlayStation but this is just generally unusable.",1,0,,0,211,40,not play song pick randomly cut halfway song skip hour not feature trouble console like playstation generally unusable
2022-06-29 07:03:24,Great app! But I really do wish Spotify would include loseless audio for a much better music quality.,5,131,,1,101,18,great app wish spotify include loseless audio well music quality
2022-06-23 22:02:48,Needs to be just the song or Playlist that is chosen to be played by the listener and needs to have no premium and should be add free,4,0,,1,133,28,need song playlist choose play listener need premium add free
2022-07-03 11:37:19,"When i am listening to music it keeps on randomly pausing the music for a split second the carries on playing it, or I have to turn on my phone to stop it from doing that. I have the latest update and it still does it. I think it is still experiencing glitches.",2,3,,0,261,53,listen music keep randomly pause music split second carry play turn phone stop late update think experience glitch
2022-07-08 04:19:56,"I love the app, even without premium you still get great music options and an awesome experience! 10/10 recommend!!",5,0,,1,115,19,love app premium great music option awesome experience 1010 recommend
2022-06-21 14:26:11,I loved this app I can listen to every song I want to listen and they even have very nice playlist 😄😄,5,0,,1,101,22,love app listen song want listen nice playlist
2022-05-31 04:36:47,"What the heck recent update made the app to crash when i play a song , premium subscription now wasted .fix the bug ASAP",1,1,,0,120,24,heck recent update app crash play song premium subscription waste fix bug asap
2022-06-15 02:36:01,Why is my spotify unavailable for listening in my alexa echo dot device now?? Everything was good until I updated it. Isn't an update means development? Then why suddenly it stopped working with my alexa device?,2,0,,0,211,36,spotify unavailable listen alexa echo dot device good update not update mean development suddenly stop work alexa device
2022-07-09 06:39:03,Amazing songs and artists!!! Great app 10/10 review!!,5,0,,1,53,8,amazing song artist great app 1010 review
2022-06-11 10:26:52,Good music my kids use this app,4,0,,1,31,7,good music kid use app
2022-07-05 13:41:16,THIS SUCKS i literally picked eroplanong papel and other songs play like what? Spotify fix this and ill give you a better review its rlly annoying you better do something about this!,2,0,,0,182,32,suck literally pick eroplanong papel song play like spotify fix ill well review rlly annoying well
2022-06-22 04:07:57,"I love it. My music doesn't get put on hold for any ads, it's the best app ever. No regrets.",5,0,,1,92,20,love music not hold ad good app regret
2022-06-13 11:40:40,I love this app!No ads at all sweet!,5,0,,1,36,8,love appno ad sweet
2022-06-18 02:55:47,"Such a all rounder app , All at one location , Really loved it",5,0,,1,62,14,rounder app location love
2022-07-04 21:11:40,"I still have Spotify, and the songs are great, but the reason I'm giving it 2 stars is because there wasn't very many ads before, and now there are SEVERAL. I get the same ads over and over and over. I'm sick of it! AND NOW Spotify had decided to give me THE EXACT SAME AD TWICE IN A ROW. Like, seriously?! I don't want Premium. I'm not paying $15.00 for that bullsh*t. Fix. This. NOW. I'm literally currently trying to find a different app to listen to music on, but so far nothing good. FIX IT! 😠",2,6,,0,498,98,spotify song great reason give star not ad ad sick spotify decide exact ad twice row like seriously not want premium pay 1500 bullsht fix literally currently try find different app listen music far good fix
2022-06-07 14:30:21,Work and go ads aren't to bad or long,5,0,,1,37,9,work ad not bad long
2022-06-17 12:00:47,"What the fk is happening? Occasionally pauses, sometimes turn the volume up without any contact with my phone, that lies comfortably in my pocket! Why????? This is getting too anoying! update 17 06 22: it wasn't the app, but 3,5mm connector in my phone all great now",5,0,,1,266,47,fk happen occasionally pause turn volume contact phone lie comfortably pocket get anoying update 17 06 22 not app 35 mm connector phone great
2022-06-24 01:46:14,"Spotify is evil. It's owned by the music industry. This is their way of paying the artist they already barely pay even less. And don't forget, the crumbs that they pay the artist from Spotify is still 75% their. So when they ""pay"" an artist a dollar the artist gets .25 cents and they keep the rest. Spotify is the most disgusting thing these greedy record companies could come up with. They already rape their artist and take all the money they make in exchange for doing nothing at all.",1,0,,0,488,90,spotify evil own music industry way pay artist barely pay not forget crumb pay artist spotify 75 pay artist dollar artist get 25 cent rest spotify disgusting thing greedy record company come rape artist money exchange
2022-06-11 09:31:57,"The weakly discovery is surprisingly good, can't believe it only cost 10€ a month, what a deal.",5,0,,1,95,17,weakly discovery surprisingly good not believe cost 10 month deal
2022-07-09 11:02:21,The only downside is they rotate songs in and out so one month you can listen to that great song next month maybe not.,4,0,,1,118,24,downside rotate song month listen great song month maybe
2022-06-01 03:13:34,"The app is rich when it comes to the music catalogue, with an option to access podcasts as well. Makes my life more enjoyable.",5,0,,1,126,24,app rich come music catalogue option access podcast make life enjoyable
2022-07-02 20:04:32,"A good music app ever. However, consider the option of saving to either memory card or flash disc.",4,0,,1,98,18,good music app consider option save memory card flash disc
2022-06-26 23:54:20,App keeps self fast forwarding podcast. App turns my volume down every 15 min. 3 android devices has the same issue. Recent updates did not fix it.,1,1,,0,147,27,app keep self fast forward podcast app turn volume 15 min android device issue recent update fix
2022-07-08 12:34:42,User friendly and makes good suggestions,5,0,,1,40,6,user friendly make good suggestion
2022-06-28 08:47:41,Deleting this app. Thumbs down for introducing ads.,1,0,,0,51,8,delete app thumb introduce ad
2022-07-02 11:44:30,Please come up with light mode feature 🐱,4,0,,1,40,8,come light mode feature
2022-05-30 22:17:59,Great I can listen to any artist I like,5,0,,1,39,9,great listen artist like
2022-06-24 15:19:19,I try abd try to play my liked song but it let me like there giving me songs that i don't want to lisen to that are not eveb on my liked and i press the shuffel liked song so it can play at least one of my liked song but ut stikl dosn't play my liked and if i try cliking on the song it jest gives me a prevu i liked the old spotify betty this us jest not if overall it sucks,1,0,,0,375,85,try abd try play like song let like give song not want lisen eveb liked press shuffel like song play like song ut stikl dosnt play liked try clike song jest give prevu like old spotify betty jest overall suck
2022-06-11 11:46:15,Great selection. Worth subscribing. Whole family enjoys having their favs playlists.,5,0,,1,84,11,great selection worth subscribe family enjoy have favs playlist
2022-06-06 14:30:14,Overall great app but is missing some albums from artists.,5,0,,1,58,10,overall great app miss album artist
2022-06-05 00:25:14,Best thing since music started streaming,5,0,,1,40,6,good thing music start stream
2022-06-29 14:49:20,Love no ads!,5,0,,1,12,3,love ad
2022-06-24 16:49:35,Best Music App Ever..,5,0,,1,21,4,good music app
2022-06-04 16:53:36,"Plain and Simple my go to for music, I'm starting to check out the Podcasts and enjoying them.",5,0,,1,94,18,plain simple music start check podcast enjoy
2022-06-15 17:21:00,Nice app.. but the ads are too much,4,0,,1,35,8,nice app ad
2022-06-03 09:19:51,Amazing get to listen to the songs u love ❤,5,0,,1,43,10,amazing listen song love
2022-06-25 23:30:54,"I love Spotify as a whole - it has everything i look for in a music app. But constant issues with the functionality are very annoying. It stops playing and crashes all the time, the progress bar randomly stops displaying the accurate place in songs and podcasts, and sometimes doesn't connect to my Bluetooth speaker. I don't have any of those problems on the desktop app. Edit: 6/25/2022 and still having the same issues. No attempts to fix them whatsoever.",1,45,,0,458,80,love spotify look music app constant issue functionality annoying stop play crash time progress bar randomly stop display accurate place song podcast not connect bluetooth speaker not problem desktop app edit 6252022 have issue attempt fix whatsoever
2022-06-25 22:21:59,"I have to say that I'm impressed! Put in my prefered artists, and the app made playlists that are exactly what I like! I've listened to over 20 hours of music, and skipped less than 10 songs. Well done! Well worth the price. Wish more apps worked this well...",5,0,,1,259,49,impressed prefered artist app playlist exactly like ve listen 20 hour music skip 10 song worth price wish app work
2022-05-31 07:36:43,Fav music player. Even with the ads.,5,0,,1,36,7,fav music player ad
2022-06-18 01:17:32,The now playing/media control bar has started to randomly disappears after a while if the app has been backgrounded and you cant get it back unless u fc the app 👎 Edit: still broken ill make my own instead,1,1,,0,205,39,playingmedia control bar start randomly disappear app background not fc app edit break ill instead
2022-06-06 15:02:28,"The premium experience is worth it, I love to listen to music and the features that Spotify provides makes it easy to listen to a good mix and find new stuff. To prove I'm a real person here is some Internet speak to describe Spotify""Totally slay boots the house down queen""",5,0,,1,274,51,premium experience worth love listen music feature spotify provide make easy listen good mix find new stuff prove real person internet speak describe spotifytotally slay boot house queen
2022-06-27 10:01:24,The app is good but tends to get annoying when it plays the opposite song that i asked for .,2,0,,0,92,20,app good tend annoying play opposite song ask
2022-06-04 01:18:20,"The app is not working, whenever I try to play any music the app is just crashed or closed.",1,0,,0,91,19,app work try play music app crash close
2022-05-30 14:20:15,Best online songs app ever..no regrets after installing..!!!,1,0,,0,60,8,good online song app everno regret instal
2022-06-03 00:15:22,This plays songs that I haven't heard of in a while. It also recommends good songs that I never heard of before.,5,0,,1,112,22,play song not hear recommend good song hear
2022-06-22 19:26:45,Great Music! Great Access!,5,0,,1,26,4,great music great access
2022-06-14 10:14:00,Spotify is addictive.,5,0,,1,21,3,spotify addictive
2022-07-08 11:45:54,"WAYYY to restricting! This app annoys me because its literally Forcing me to buy premium. I shuffle in my playlist and it plays a completely different song i havent put in my playlist Its so annoying that i have to shuffle in order to get the song i want to play cause if i click a song, it doesn't even play it. I dont even get the song i wanna play! I only get 6 skips per hour and the updates they make are a HUGGEEE downgrade. Im done with this app.",1,0,,0,453,92,wayyy restrict app annoy literally force buy premium shuffle playlist play completely different song not playlist annoying shuffle order song want play cause click song not play not song wanna play skip hour update huggeee downgrade app
2022-06-12 00:15:25,This app is okay but you turn off similar songs to be played. Spotify still plays them. 1 star for lack of functionality on their part.,1,0,,0,135,26,app okay turn similar song play spotify play star lack functionality
2022-06-06 00:38:26,It's a very good app. 4 stars cause nothing is really perfect in world,4,0,,1,70,14,good app star cause perfect world
2022-07-07 12:43:07,It's a very good app for music. .,5,0,,1,33,8,good app music
2022-06-11 06:53:46,It has this new update which I do not like I can't play the songs that I like FIX THIS PLEASE I JUST WANNA LISTEN TO MY PLAYLIST the songs that plays aren't even from my playlist,2,0,,0,178,37,new update like not play song like fix wanna listen playlist song play not playlist
2022-06-06 15:03:43,I love free music and the ads are not hard to deal with,5,0,,1,55,13,love free music ad hard deal
2022-06-27 13:15:22,Just love it. No more painful searches,5,0,,1,38,7,love painful search
2022-07-09 11:57:09,"No commercials, and no adds no need for wifi it can use the satellite radio station to pick up or at least that's how it looks",5,0,,1,126,26,commercial add need wifi use satellite radio station pick look
2022-06-14 22:55:49,Its very difficult to speak with any customer service people,4,0,,1,60,10,difficult speak customer service people
2022-07-06 11:04:12,"This app is good... I don't know why there is no older songs like 80-90s songs and famous songs like boys, visvasam,sivaji movies and so on .so pls add some Tamil songs from 2000-2021 and also recent movies songs",4,0,,1,212,39,app good not know old song like 8090 song famous song like boy visvasamsivaji movie pls add tamil song 20002021 recent movie song
2022-06-21 22:18:31,Love Really easy to use this app,5,0,,1,32,7,love easy use app
2022-06-02 22:07:30,I love how much music is on here but... Please make clean versions,4,0,,1,66,13,love music clean version
2022-07-09 06:05:20,"Easy play, and all singers and songs I wanted is here.Thank you",5,0,,1,63,12,easy play singer song want herethank
2022-07-08 09:26:54,Awesome love the app and enjoy the playlists,5,0,,1,44,8,awesome love app enjoy playlist
2022-06-14 15:53:40,It is a good app .But i cant see the lyrics coming.that is my only complain..,4,0,,1,77,16,good app not lyric comingthat complain
2022-06-29 21:02:21,So far so good. I've never had a problem or complaint with this app.,5,0,,1,68,14,far good ve problem complaint app
2022-07-09 02:15:13,Always had Spotify on my computer and now got it on my phone great to use doesn't take to long to open great .,4,1,,1,110,24,spotify computer get phone great use not long open great
2022-06-28 16:25:56,Can't sort podcasts by language,1,0,,0,31,5,not sort podcast language
2022-06-28 19:19:12,"After free trial ends it's just a overall trash app😔 but you can fix that by paying premium 👍 after that it's the best music app I promise, but if you don't want to pay for premium I suggest SoundCloud",1,0,,0,201,40,free trial end overall trash app fix pay premium good music app promise not want pay premium suggest soundcloud
2022-06-30 22:25:30,"Want to listen to a song? Too bad, you have to pay to listen to what you want to hear. Otherwise have this playlist of 90 songs and pray the one you want to hear shows up! Don't wanna hear ads between songs without paying an arm and a leg? Tough luck buddy! Avoid at all costs.",1,0,,0,277,57,want listen song bad pay listen want hear playlist 90 song pray want hear show not wanna hear ad song pay arm leg tough luck buddy avoid cost
2022-05-31 20:17:50,I can play Roblox and listen to music good so good,5,0,,1,50,11,play roblox listen music good good
2022-06-11 16:28:01,Constantly interrupting my playlist with random songs is a stinker 💩,1,1,,0,68,11,constantly interrupt playlist random song stinker
2022-06-27 04:11:48,This app was not doing what it supposed to do it's not playing songs.Some songs are not being played,1,12,,0,100,19,app suppose play songssome song play
2022-06-30 18:11:38,I wish I could date my Spotify playlist,5,0,,1,39,8,wish date spotify playlist
2022-06-15 17:01:39,Thank you for the great music,5,0,,1,29,6,thank great music
2022-07-03 00:55:34,"I'm a man of few words. I think Spotify for me personally meets ALL of my expectations, you should give it a try.",5,0,,1,113,23,man word think spotify personally meet expectation try
2022-07-05 11:02:51,"After this last update, my app keeps opening and crashing. I tried uninstalling and reinstalling but to no avail did that work. Such a shame because this would have been a 4 star review. I hope they fix this issue soon",1,0,,0,218,41,update app keep opening crash try uninstalle reinstall avail work shame star review hope fix issue soon
2022-07-08 14:47:27,Omg 😍😍my fav app ever. It has really good quality💋🥂,5,0,,1,51,10,omg fav app good quality
2022-07-06 09:57:16,Basic features such as playing things in order are unavailable without paying,1,0,,0,77,12,basic feature play thing order unavailable pay
2022-06-03 13:31:04,Bruh why tha song you choice then when you play it the song is randomඩාඩාඩාඩා,2,0,,0,77,15,bruh tha song choice play song random
2022-07-01 13:11:56,"Why on earth have you taken a perfectly functional feature like Group sessions and made it worse? You've removed the ability to scan codes, which means when meeting new people I now have to somehow send them a link. You now default to playing music on all devices when I just want the music to come out of the one connected to the speakers. I don't get it, these changes are asinine. Whoever approved these changes need to be fired and you lot need to find the undo button.",1,12,,0,473,89,earth take perfectly functional feature like group session bad ve remove ability scan code mean meet new people send link default play music device want music come connect speaker not change asinine approve change need fire lot need find undo button
2022-06-12 16:05:28,"Spotify, after my update to Android 11, Spotify stopped working on my device. Always saying no internet access. I tried another account, same error. I'm a premium user. Why?",1,2,,0,173,29,spotify update android 11 spotify stop work device say internet access try account error premium user
2022-06-14 20:02:35,"Worst android port, I want to listen to a single song right? It adds recommended songs, like bro I want 1 song",1,0,,0,110,22,worst android port want listen single song right add recommend song like bro want song
2022-06-13 16:14:39,Awesome music streaming app,5,0,,1,27,4,awesome music stream app
2022-06-01 01:06:34,"Spotify itself is great. I can pick my own songs, rewind/skip, and do all the basic things of a music streaming service. The app ruins it all. First of all, if you choose a song you want, it ""shuffles"" it. What that means is it plays different songs than the one you specifically chose. You have to use up all your skips to get the actual song (which it doesn't let you add to playlists). Second, no FF/RWing. Overall, it's a terrible experience and I am moving to Tidal.",1,821,,0,471,89,spotify great pick song rewindskip basic thing music stream service app ruin choose song want shuffle mean play different song specifically choose use skip actual song not let add playlist second ffrwe overall terrible experience move tidal
2022-05-31 23:49:36,Sucking lately. Podcasts constantly stopping. Annoying,2,1,,0,54,6,suck lately podcast constantly stop annoying
2022-06-03 13:17:09,"this app is almost perfect, the only thing that bothers me is the fact that the offline mode just work for 1 day, everyday i have to redownload all songs!!",4,1,,1,155,30,app perfect thing bother fact offline mode work day everyday redownload song
2022-06-20 22:44:01,"I really enjoy using Spotify, thia app makes music anytime, anywhere.",5,0,,1,69,11,enjoy spotify thia app make music anytime
2022-07-04 12:10:01,"I used to love this app a lot... Many amazing songs and everything was so perfect... But now it's just like hell. It is reshuffling my songs by its own, adding songs which I don't even listen. I've searched a song almost 20 times and every time it plays different song... Please fix it immediately",1,87,,0,297,55,love app lot amazing song perfect like hell reshuffle song add song not listen ve search song 20 time time play different song fix immediately
2022-06-22 02:28:42,It's the best music app so far.,5,0,,1,31,7,good music app far
2022-06-03 12:35:14,Great service.! Worth every penny!!,5,0,,1,35,5,great service worth penny
2022-06-14 18:33:18,I have given it 5 start because I love it and I recommend that those who love to hear music no matter what language u listen u can then download Spotify because it's made for u only music lovers.....,5,3,,1,199,39,give start love recommend love hear music matter language listen download spotify music lover
2022-06-14 08:37:03,Amazing app honestly but only on computer. On my Mobile device it never plays the actual song when I search it up and it always shuffles lots of complaints but no fixes? Why is that Spotify?,1,0,,0,190,36,amazing app honestly computer mobile device play actual song search shuffle lot complaint fix spotify
2022-06-25 23:05:11,Great selections & playlists!,5,0,,1,29,4,great selection playlist
2022-06-04 22:24:06,"u can't even play a certain song that u want. instead it just plays a preview of the song u picked, but it never play it like as a whole. u can't play individual songs on a playlist without hitting the shuffle button. i hope you bring back the previous version because this update is so bad.",1,0,,0,291,57,not play certain song want instead play preview song pick play like not play individual song playlist hit shuffle button hope bring previous version update bad
2022-06-27 08:16:44,Always Advertisements i will install this app,1,0,,0,45,7,advertisement install app
2022-06-23 15:21:18,without network music downloads and listening songs and music,4,0,,1,61,9,network music download listen song music
2022-07-07 17:47:00,This is best app because all songs are available on it and also my favourite Kaira l love *Spotify* Thank you *Spotify*for this you are amazing,5,0,,1,143,26,good app song available favourite kaira love spotify thank spotifyfor amazing
2022-06-15 22:38:29,Great app but annoying when it rehularly thinks I'm off-line and I have to lose and reopen to get it to work. Same on multiple phones too.,4,1,,1,138,27,great app annoying rehularly think offline lose reopen work multiple phone
2022-06-05 14:13:33,"Good , very good , i am happy listening Spotify thank guys for all of this is my favorite",5,0,,1,89,19,good good happy listening spotify thank guy favorite
2022-06-12 03:44:56,I hate this app it never plays the song I want,1,0,,0,46,11,hate app play song want
2022-06-17 05:59:24,"All honesty it's ok but it's really frustrating when it plays a song that I never up into my Playlist no matter how many I put in it. Please fix this I want to listen to my music not the music that you play for me, thanks. Also for some reason it doesn't di that on my computer",2,0,,0,277,58,honesty ok frustrating play song playlist matter fix want listen music music play thank reason not di computer
2022-06-21 06:27:35,"Good for listening to songs. The thing I like about Spotify is it's not like YouTube Music, because you don't have to keep the app open to listen to the songs.",5,0,,1,159,31,good listen song thing like spotify like youtube music not app open listen song
2022-07-05 03:59:37,App constantly crashes and is very buggy,2,0,,0,40,7,app constantly crash buggy
2022-07-05 17:08:25,Literally can't live without Spotify. By far the superior music experience in my opinion 🤷🏼‍♀️😅,5,0,,1,95,15,literally not live spotify far superior music experience opinion
2022-06-24 02:10:01,"even though having premium is amazing, there's still a lot that spotify offers :) i love the personalized mixes",5,2,,1,111,19,have premium amazing lot spotify offer love personalized mix
2022-06-14 05:45:29,"Started using spotify on mobile and shocked by my experience. I have had multiple errors that support have tried ""fixing"" but none of it worked I have had random songs being added to my playlist that don't show up In the playlist with autoplay off. I have also got told to get Spotify Premium because the app won't let me skip even though I haven't even used any of my skips. Another problem Is the amount of ads. I had 5 adverts which really pissed me off. No wonder why I use an ad blockers on PC.",1,9,,0,499,97,start spotify mobile shock experience multiple error support try fix work random song add playlist not playlist autoplay get tell spotify premium app will not let skip not skip problem ad advert piss wonder use ad blocker pc
2022-06-11 18:20:38,Use it almost every day at work. Gives me a good mix,5,0,,1,52,12,use day work give good mix
2022-07-05 04:42:01,8/10 I don't mind ads but certain ads are annoying,5,0,,1,50,10,810 not mind ad certain ad annoying
2022-06-15 15:25:04,Absolutely the worst user experience. If you unwilling to pay for premium don't bother installing. Sure you may have to download your music through another player but at least you can choose a song to play and not be surprised when the thing you wanted to play WILL NEVER PLAY,1,0,,0,276,50,absolutely bad user experience unwilling pay premium not bother instal sure download music player choose song play surprised thing want play play
2022-06-02 17:24:19,Amazing app........Best app I have ever used 😊😊 I recommend you are on the perfect platform if your searching for songs app..There is every song on this app Just amazing. Thank you spotify,5,159,,1,188,33,amazing appb app recommend perfect platform search song appthere song app amazing thank spotify
2022-06-28 23:15:15,"I use my account every day, but today the mobile app just stopped working. I updated it and nothing. I uninstalled and then reinstalled it, twice, and nothing. It just sits there with a black screen and won't load.",1,0,,0,214,39,use account day today mobile app stop work update uninstalle reinstall twice sit black screen will not load
2022-06-17 02:58:23,"Layout keeps getting worse, adding podcasts is cool but shifting between episodes depending on ads and losing progress continuously, is no way to run anything. 06/16- I have it set to download to my microSD and it'll work fine for a while till either an update or something changes then it will start using my phone again, I'll have to delete some podcast to transition some over to card and then the app will lock up so I have to reinstall it again. 🙄",2,1,,0,452,84,layout keep get bad add podcast cool shift episode depend ad lose progress continuously way run 0616 set download microsd ll work fine till update change start phone ill delete podcast transition card app lock reinstall
2022-07-06 18:08:02,"I can't use my spotify, I don't know what happened.",1,2,,0,51,10,not use spotify not know happen
2022-06-15 21:52:20,It fine... theirs 3 ads ariubd every 30 minute or 10 songs but its fine,5,0,,1,71,15,fine theirs ad ariubd 30 minute 10 song fine
2022-06-29 04:25:25,"In love with the new update, the song recommendations and the cross fade when the track changes, just amazing.",5,0,,1,110,19,love new update song recommendation cross fade track change amazing
2022-07-04 12:48:33,Unusable without premium,1,0,,0,24,3,unusable premium
2022-06-27 22:14:07,I have been missing music and didn't know it!,5,0,,1,45,9,miss music not know
2022-06-23 13:55:55,"The only downsides of this app to me are the audio quality is not as good as the mp3 i have in my storage, and since 99.9% of my playlists are Japanese songs, i dislike how some songs are region-locked, which i still have to find resources to download.",5,0,,1,252,49,downside app audio quality good mp3 storage 999 playlist japanese song dislike song regionlocke find resource download
2022-07-02 16:54:07,"Whenever i skip a song, it goes hidden. Why? Just because i didnt want to listen to that song then, or i accidentally skipped it, i cant listen to it? And removing it from hidden is hard too. It doesnt work most of the time. I tapped a hidden song hundreds of times to get it unhiden, but that only worked twice. If i want to make it hidden, give me the option to do so, dont make it mandatory to skip the song. And i cant link to google account. I have just lost everything because of that. 0/10bad",1,5,,0,499,100,skip song go hide not want listen song accidentally skip not listen remove hidden hard not work time tap hide song hundred time unhiden work twice want hide option not mandatory skip song not link google account lose 010bad
2022-06-11 10:05:44,"I like the fact, that I can access wide rang of songs from all over the world.",5,0,,1,78,17,like fact access wide rang song world
2022-07-09 13:00:22,"Android user - there are loads of glitches with this app... player bar disappears, shuffle button missing....sort it out please",2,0,,0,127,20,android user load glitch app player bar disappear shuffle button missingsort
2022-06-12 20:49:32,This stupid app has been harassing me about a podcast I already listened to for weeks and keeps bringing it up to listen again.,1,0,,0,127,24,stupid app harass podcast listen week keep bring listen
2022-07-06 11:32:38,Download Spotify mod apks instead of real apk...we are here to listen music not ads,1,0,,0,83,15,download spotify mod apks instead real apkwe listen music ad
2022-06-12 00:46:29,I love it but sometimes i can only go back 3 songs,5,0,,1,50,12,love song
2022-06-29 20:42:16,I had a very good experience until now but Spotify robbed my money when I paid for the premium subscription and I didn't get the premium account activated after the successful payment and I still haven't received my refund back all they say is that they didn't receive the payment which was successfully from my side. Don't subscribe for premium with UPI they will rob you.,1,0,,0,373,66,good experience spotify rob money pay premium subscription not premium account activate successful payment not receive refund not receive payment successfully not subscribe premium upi rob
2022-06-04 22:03:16,Fantastic! I don't know how I'd live without Spotify,5,0,,1,52,9,fantastic not know live spotify
2022-06-21 14:09:37,"4 star. I love spotify and I wouldnt trade it for any other app. Things that need attention: I found that if I have a playlist or something on shuffle, not all of the songs play before repeating songs I have already heard.",4,0,,1,222,43,star love spotify not trade app thing need attention find playlist shuffle song play repeat song hear
2022-06-09 20:34:45,"It would have been 5 Stars but the last time I went on, within one hr I heard the same damn YouTube advertisement played. Only two other ads played during that whole time.",4,0,,1,171,33,star time go hr hear damn youtube advertisement play ad play time
2022-06-24 02:43:12,So today bug is I have no play or pause or anything to stop music. I can select a song and it plays. But I can't pause it or anything. Lol,1,80,,0,138,31,today bug play pause stop music select song play not pause lol
2022-06-13 01:04:43,"Pretty good music app for creating preset playlists, very easy to use. The main complaint I have is that, unlike in the computer version, there is no way to disable it creating playlists, meaning I'd you want to listen to just a particular song you have to skip through multiple other songs, using up your daily skips if you are a free listener. Also sometimes it will bombard you with two or three ads in a row after you skip a song. Overall, however, I enjoy this app",4,1072,,1,469,88,pretty good music app create preset playlist easy use main complaint unlike computer version way disable create playlist mean want listen particular song skip multiple song daily skip free listener bombard ad row skip song overall enjoy app
2022-06-08 10:50:48,Your app and website is not working for airtel SIM card users(india). Please fix the problem.,1,0,,0,93,16,app website work airtel sim card usersindia fix problem
2022-06-13 06:15:23,Any song I have looked up they have and any artist so I recommend this app to anybody it's great when I go to the gym,5,0,,1,117,26,song look artist recommend app anybody great gym
2022-06-17 09:05:09,Very good app to hear music,5,0,,1,27,6,good app hear music
2022-06-26 21:57:31,Everything I need in a music app,5,0,,1,32,7,need music app
2022-06-18 11:08:34,All Good. one thing is missing which is in resso app the party mode.,4,0,,1,68,14,good thing miss resso app party mode
2022-06-29 15:30:50,"The app sucks. I pay for dual membership and it constantly stops on its own for no reason, not connected to anything. The play bar disappears and the only way to pause it is to close the app entirely. It constantly rewinds itself 10 seconds when playing podcasts. And it's not just my phone it's my husband's too. Both are fairly new phones. It's ridiculous to pay for a service as much as we do and they can't even get the app to work properly. And I do have auto updates turned on.",1,100,,0,483,93,app suck pay dual membership constantly stop reason connect play bar disappear way pause close app entirely constantly rewind 10 second play podcast phone husband fairly new phone ridiculous pay service not app work properly auto update turn
2022-06-07 09:06:37,"what the hell is the point for putting playlists and likes when suggested songs are just going to pop up, gadgets' music app is much better since downloading the song from the web is much better since its offline, easy to use, no SUGGESTED songs, and no annoying ads very much thank you for your patience",1,0,,0,304,56,hell point put playlist like suggest song go pop gadget music app well download song web well offline easy use suggested song annoying ad thank patience
2022-07-01 08:50:10,I would rate it 4 because of a lot of fussy adds....😑😑..adds adds and adds,4,0,,1,74,15,rate lot fussy addsadd add add
2022-06-28 01:28:20,Spotify started off great but...days later came out bad it won't let me listen to my favorite song on favorites list.and it only makes me shuffle :(,1,0,,0,148,27,spotify start great butday later come bad will not let listen favorite song favorite listand make shuffle
2022-06-29 17:59:22,Ads and limited skips??? Come on Spotify. You are going to lose customers now. The reason I left Pandora was the ads and skip limits!! NOT HAPPY!!,1,0,,0,146,27,ad limited skip come spotify go lose customer reason leave pandora ad skip limit happy
2022-07-09 00:45:00,"Hello, i facing a problem sometimes it turn off suddenly and no pop up when music was on. I have to keep install and uninstall this app, and it kinds annoyed me sometimes. Please fix this bug. I was using samsung a73 G.",2,0,,0,219,43,hello face problem turn suddenly pop music install uninstall app kind annoy fix bug samsung a73
2022-07-05 19:24:33,Love this app but kinda silly how you have to pay to listen i mean seriously! I rather listen to my music on YouTube.,2,0,,0,117,24,love app kinda silly pay listen mean seriously listen music youtube
2022-06-17 13:44:06,Always begins with shuffle and shuffle can't be stopped. It does play music so two stars. It's not usable in my car.,2,0,,0,116,22,begin shuffle shuffle not stop play music star usable car
2022-06-02 23:53:16,Excellent platform with endless music to explore. An awesome feel good app.😷🌏👍❤.,5,0,,1,80,12,excellent platform endless music explore awesome feel good app
2022-06-28 02:36:27,1 song. ONE SONG BEFORE ANOTHER AD IS PLAYED! You greedy pigs.,1,4,,0,62,12,song song ad play greedy pig
2022-06-05 17:08:22,So far I love Spotify. Had great results so far.,5,0,,1,48,10,far love spotify great result far
2022-06-05 15:08:18,"After the latest update, app is crashes as soon as I play any song. As soon I hit play button it closes on its own.",1,0,,0,115,25,late update app crash soon play song soon hit play button close
2022-07-07 19:07:51,Spotify podcast suck so much a**. The absolute only reason I use it is to occasionally listen to Rogan... unfortunately it barely works. Spotify should gtfo of podcast because they can't even make a reliable podcast player... POS.,1,0,,0,230,38,spotify podcast suck absolute reason use occasionally listen rogan unfortunately barely work spotify gtfo podcast not reliable podcast player pos
2022-06-04 08:56:05,I cant search for a specific song anymore. Keeps trying to push new music. And ads!!! Ads ruin this world,1,0,,0,105,20,not search specific song anymore keep try push new music ad ad ruin world
2022-07-05 11:56:44,No obvious way to close the app. It seems to want to run in the background all the time. Not sure why I would want that feature? Uninstalled.,1,0,,0,141,28,obvious way close app want run background time sure want feature uninstalled
2022-07-09 04:20:27,Like this app forever but the ads are disturbing 😐 pls take the ads if anyone not have any money what he will do he can't pay any premium so do like that everyone is there nowadays so pls make my demand and Spotify 4ever,5,0,,1,220,45,like app forever ad disturb pls ad money not pay premium like nowadays pls demand spotify 4ever
2022-06-18 16:22:17,I love but it gets really glitchy.,4,0,,1,34,7,love get glitchy
2022-06-28 17:07:35,"It's been great, only issue I may have is, with my one very big Playlist, it still repeats some songs, as though there is only like 20 songs instead of 100, but besides that I enjoy it",5,0,,1,184,37,great issue big playlist repeat song like 20 song instead 100 enjoy
2022-06-07 21:02:31,Great app for when you're doing work or need to relax.👍,5,0,,1,55,11,great app work need relax
2022-06-09 18:47:08,I can always find the sounds that want to hear.,5,0,,1,47,10,find sound want hear
2022-06-15 10:18:35,It's been awhile since I've had a great time listening to music,5,0,,1,63,12,awhile ve great time listen music
2022-06-06 19:45:35,Widget isn't working with newest update,4,0,,1,39,6,widget not work new update
2022-06-30 21:56:38,Awesome to listen to my favorite music anytime!,5,0,,1,47,8,awesome listen favorite music anytime
2022-06-20 03:45:03,Tooooo much of ad.simply waste.pls avoid so many ads.,2,0,,0,53,9,tooooo adsimply wastepls avoid ad
2022-06-30 20:41:31,I like the app it's a good music app but I find the library limited when compared to YouTube mother or less commercial breaks and for shorter time. I never look at Spotify before but clearly they're more options comparing the two music platforms it's like apples and oranges give it a shot tell me what you think,4,0,,1,312,58,like app good music app find library limit compare youtube mother commercial break short time look spotify clearly option compare music platform like apple orange shot tell think
2022-06-27 16:25:04,It's all good until you get an ad then another then another. They are a bit annoying. I know you need them but maybe limit it to one ad and not every 5 mins please. Thank you,4,0,,1,174,37,good ad bit annoying know need maybe limit ad min thank
2022-07-06 21:18:20,I love Spotify! I've had it for years and couldn't be any more pleased! Look out Pandora!,5,0,,1,89,17,love spotify ve year not pleased look pandora
2022-07-09 06:20:29,Nice app but the ads is very disturbing,5,0,,1,39,8,nice app ad disturbing
2022-07-04 17:44:49,I love being able to close out the app and open other apps and still listen to music,5,0,,1,84,18,love able close app open app listen music
2022-06-14 11:15:42,"Good Quality and whatever but seriously, you want me to go premium to turn off Shuffle?! Madness, I'll uninstall and use another app.",1,1,,0,133,23,good quality seriously want premium turn shuffle madness ill uninstall use app
2022-06-14 13:29:08,It's been down for 2 days and when it's up it takes FOREVER to load. And I pay for the service,1,1,,0,94,21,day take forever load pay service
2022-06-23 18:40:34,There's really a need for you to understand how annoying your ads are,4,0,,1,69,13,need understand annoying ad
2022-06-25 14:39:16,When I search for a song it says you are offline.. this makes me angry!!,1,0,,0,72,15,search song say offline make angry
2022-06-10 08:42:00,"since the last update (4.5.22) i have the issue, that when i play my favorite songs, that the app sometimes enters into a song radio without me even deciding. hope the issue gets fixed asap. the ""recent recomendations"" of the app are just random playlists, not reflecting my actual recent music. as i dont listen to podcast, it's annoying that they always get recommended, even in languages i don't listen to.",2,17,,0,409,71,update 4522 issue play favorite song app enter song radio decide hope issue get fix asap recent recomendation app random playlist reflect actual recent music not listen podcast annoying recommend language not listen
2022-06-27 11:39:28,I enjoy listening to music and walking,5,0,,1,38,7,enjoy listen music walk
2022-07-05 23:06:21,The only reason I returned to this God awful app is to watch jre. Although I haven't been able to in over a year because their mobile app is so poorly made I'll end up waiting five minutes for something to load just for it to buffer every twenty seconds without fail. Beyond frustrating to use even without the ads. I couldn't recommend this app any less and I personally believe an honest to God 8-track would be an improvement to whatever the hell Spotify claims to be.,1,1,,0,471,88,reason return god awful app watch jre not able year mobile app poorly ill end wait minute load buffer second fail frustrating use ad not recommend app personally believe honest god 8track improvement hell spotify claim
2022-06-29 00:58:01,No words can express how I love this 😍❤❤❤,5,0,,1,41,9,word express love
2022-06-25 17:49:49,I changed my long time five star review to one star because Spotify on Samsung is terrible. The update causes it stop working constantly. This review is from a premium user. Maybe it was five star before because I had an iPhone and spotify didn't constantly stop working. Now I have to force stop it in my phone settings anytime I want it to work properly. Whoever made this update really messed up. I hope you guys take these 1 star reviews in consideration because spotify used to be good.,1,1,,0,491,90,change long time star review star spotify samsung terrible update cause stop work constantly review premium user maybe star iphone spotify not constantly stop work force stop phone setting anytime want work properly update mess hope guy star review consideration spotify good
2022-06-29 20:15:41,*edit: so many features are broken and don't work. Getting worse Great except the podcast player is not as good as others (deleting downloads already listened to/sorting) Recently offline mode is horrible to use. Songs and I have downloaded won't play/are greyed out and say internet is not available. If I reconnect to wifi all my downloads become available next time I disconnect. A day without internet will cut my downloads out. Very frustrating when cellular data or internet is not easy to get.,1,3,,0,500,84,edit feature break not work get worse great podcast player good delete download listen tosorte recently offline mode horrible use song download will not playare grey internet available reconnect wifi download available time disconnect day internet cut download frustrating cellular datum internet easy
2022-07-07 02:24:04,"Linkable to many services and devices. Selections somewhat diverse. Convenient w/ offline DL's (paid)《BUT》Poor shuffle randomizer. Wasteful efforts on useless features, IE: Strange Things mode. I mean really? A feature only experienced on a single page? I mean, who watches the screen whILE LISTENING? even MTV learned that years ago. But the penultimate reason I can't give above 3 is they don't pay artist's a fair share of THE profits. SO Much so that many musicians boycott Spotify.",4,0,,1,486,78,linkable service device selection somewhat diverse convenient offline dls paidbutpoor shuffle randomizer wasteful effort useless feature ie strange thing mode mean feature experience single page mean watch screen listen mtv learn year ago penultimate reason not not pay artist fair share profit musician boycott spotify
2022-06-22 15:28:17,Easy to use and you can find any tunes you want,5,0,,1,47,11,easy use find tune want
2022-07-03 10:19:12,Cool and easy app to use,5,0,,1,24,6,cool easy app use
2022-06-07 22:26:28,Excellent with all forms of software..phone and Bluetooth excelent...regular information superb,5,0,,1,95,11,excellent form softwarephone bluetooth excelentregular information superb
2022-06-29 00:41:58,Mind-blowing very lovable app for me 👌😍🥰♥️🔥better sound quality and minimum ads which is good ☺️,5,0,,1,96,16,mindblowe lovable app well sound quality minimum ad good
2022-06-18 05:55:05,Super Amezing great app my old song all getting nice,5,0,,1,52,10,super ameze great app old song get nice
2022-06-26 02:35:08,Don't have canvas feature just boring..,1,0,,0,39,6,not canvas feature bore
2022-06-26 02:47:28,The best app ever I used apple music and then I used SoundCloud and then I loved Spotify ʕ´• ᴥ•̥`ʔ,5,0,,1,98,20,good app apple music soundcloud love spotify
2022-06-30 13:13:19,It is a good music listening app i love the interface and everything. But please add the option to change audio quality on wear os. It is so much worse.,4,0,,1,152,30,good music listen app love interface add option change audio quality wear os bad
2022-06-19 09:33:32,"Best that has happened to me, now I can go anywhere and have my favorite songs🖒",5,0,,1,79,16,good happen favorite song
2022-07-07 14:51:44,Great content! Drops out sometimes or turns off for unknown reason.. but great free app!,5,0,,1,88,15,great content drop turn unknown reason great free app
2022-07-06 09:35:58,After getting the premium my life became to ease up a bit and I thank spotify 🙏🏾,5,0,,1,80,17,get premium life ease bit thank spotify
2022-06-09 03:46:57,I love using Spotify for my alarm wake-up music.,5,0,,1,48,9,love spotify alarm wakeup music
2022-06-25 10:01:58,The song quality is so amazing. I have been using this app 2 years. It has million songs to listen. Not a words to say about this. 😎,5,0,,1,132,28,song quality amazing app year million song listen word
2022-06-27 06:20:22,"Excellent app , I'm using this app very long time but the major problem is going for a long this app is getting too slow day by day",2,0,,0,131,28,excellent app app long time major problem go long app get slow day day
2022-06-13 11:11:25,"Edit: as of June 13, 2022, there have been two more updates, and now nothing will download. If this isn't resolved soon, I will cancel my premium account and go to Amazon Music. Spotify has been great up until recently. As of the beginning of June 2022, podcasts have not been downloading for me, nor will they show up under the section ""Your Episodes."" I have updated the app on June 7, 2022, and still have these issues.",1,1,,0,422,78,edit june 13 2022 update download not resolve soon cancel premium account amazon music spotify great recently beginning june 2022 podcast download section episode update app june 2022 issue
2022-06-05 06:01:13,Fantastic best app for listening music,5,0,,1,38,6,fantastic good app listen music
2022-06-19 11:02:05,"One of the best music streaming apps but the only problem is that it stops playing music after a couple of minutes, then I have to open the app again",4,0,,1,149,30,good music streaming app problem stop play music couple minute open app
2022-06-18 14:52:09,"why my phone always restart, when i try to open this app.",2,0,,0,57,12,phone restart try open app
2022-06-13 10:57:33,"I would like to listen to same artist thatsi choose ,now between each 2 songs another artist becomes in middle",4,0,,1,110,20,like listen artist thatsi choose song artist middle
2022-07-04 05:29:09,I love Spotify because wherever I go and whatever I do I can listen to my favorite songs,5,0,,1,88,18,love spotify listen favorite song
2022-06-24 21:23:24,"Idk what are people on. Awesome app as always. Just pay 5 bucks or just stay quiet. Five bucks is nothing and by paying it, every door opens up. And no, there are no adds on Spotify Premium. Never was.",5,0,,1,201,40,idk people awesome app pay buck stay quiet buck pay door open add spotify premium
2022-07-04 16:15:09,Nice app song selection is gud,5,0,,1,30,6,nice app song selection gud
2022-06-28 23:08:48,"I don't understand what everyone is saying. I'm a free user and I can still play any song i want, I don't get ads and I don't have limited skips. So I don't see what the problem is. Love this app ❤",5,0,,1,197,42,not understand say free user play song want not ad not limit skip not problem love app
2022-07-02 16:24:29,"Just got started with Spotify, but so far it is very user-friendly and has a great variety artists.",5,0,,1,99,18,get start spotify far userfriendly great variety artist
2022-06-21 09:44:03,"Only the Ads is the only thing which is really really terrible, horrible whatever the word ypu use here, but it's true. The Premium subscription for this also seems bit expensive for an Individual.... Should have been little less expensive and much more affordable in price, So that those who loves to listen music from Spotify, don't have to find an alternative for this one. I hope they note the point, once again!! 😌🙏🏻",4,54,,1,421,74,ad thing terrible horrible word ypu use true premium subscription bit expensive individual little expensive affordable price love listen music spotify not find alternative hope note point
2022-06-15 23:00:52,Great picks of music! Especially the country ones!😍👍💕,5,0,,1,53,8,great pick music especially country one
2022-06-30 20:28:51,Hey Spotify why you always beg for money with your adds ever 5 minutes. have some standards reduce your adds a little bit or should I say begging for money like a begger,1,35,,0,169,33,hey spotify beg money add minute standard reduce add little bit beg money like begger
2022-06-23 22:25:40,"This app is great but., sometime songs or storys that I'm listening to stop and then when I try to replay the it keeps say ""nothing is playing"" but you can still here it usually it's just needed and update but not all the time so Please fix this thank you.",4,0,,1,256,51,app great song story listen stop try replay keep play usually need update time fix thank
2022-06-25 13:20:58,i can and will literally sit there for hours blasting my music through my headphones lol,5,0,,1,88,16,literally sit hour blast music headphone lol
2022-06-18 17:45:07,"When I go to my playlist on my phone it will always say ""something went wrong have another go?"". Can it be fixed please",5,0,,1,119,24,playlist phone go wrong fix
2022-06-10 04:10:09,Always have the newest music and very few adds its my favorite streaming app.,5,0,,1,77,14,new music add favorite streaming app
2022-06-03 13:21:53,"This is amazing, there was a lag in the app but it is fixed and I love this. Music is one of the only ways I can relax so this is just great! Amazing app, would recommend 100%!!",5,38,,1,177,38,amazing lag app fix love music way relax great amazing app recommend 100
2022-07-01 11:03:59,I love that I can search song.,5,0,,1,30,7,love search song
2022-07-06 10:24:14,Spotify is also a good application when there is internet and not good when it is offline,5,0,,1,89,17,spotify good application internet good offline
2022-06-27 13:55:48,"Very nice app ..... I just tell to everyone that the sound and song quality is very nice .. specially when you are having you headphones or earplugs .. for me .. this is a very nice app .. it is excellent , very good app for me . I advise you to download this app .. you will definitely like it",5,0,,1,294,62,nice app tell sound song quality nice specially have headphone earplug nice app excellent good app advise download app definitely like
2022-07-04 19:46:09,"Pls help me :( I installed app but it doesn't work, actually it stuck on the first page ( the first page which includes the green circle)",1,0,,0,137,27,pls help instal app not work actually stick page page include green circle
2022-06-27 16:24:32,"music quality is good, but on mobile there are just too many ads to the point where it forces you to buy premium. i remember before there was only like 1 ad every 2-3 songs, but ive had instances where ive gotten 15 ads in a row after one song and then another 15 right after its not even funny. this also happens before playing any song on mobile.",2,3,,0,348,69,music quality good mobile ad point force buy premium remember like ad 23 song ve instance ve get 15 ad row song 15 right funny happen play song mobile
2022-07-03 17:07:32,It been pretty cool wish that i had more than six skips but it fine like the app.,5,0,,1,81,18,pretty cool wish skip fine like app
2022-06-08 06:16:10,Easy to use and great music choices.,5,0,,1,36,7,easy use great music choice
2022-07-04 16:53:54,"I have 3 Galaxy devices and it's the same over a of them. Stops playing constantly; probably about 10 times in a podcast. Randomly skips songs after the first 30 seconds. Have to reboot ap just to do it all over! Thought it was maybe my phone, but the ap is the same across all devices of mine and same complaints from my sister. I've had buggy aps, but I can say this is the least stable app that I have ever used.",1,4,,0,415,83,galaxy device stop play constantly probably 10 time podcast randomly skip song 30 second reboot ap think maybe phone ap device complaint sister ve buggy ap stable app
2022-06-25 00:35:26,"It keeps playing misuc I didn't add on my playlist and won't play anything that's actually in my playlist. I can't even choose what song I want to listen to, it's like someone asking what you want but gives you something completely different anyways",1,0,,0,249,44,keep play misuc not add playlist will not play actually playlist not choose song want listen like ask want give completely different anyways
2022-06-27 16:44:32,Love this app. I'm a big fan of harry potter and unfortunately after I finish one of the books the podcast shutsdown. I don't know if it happens because I don't have the premium version. Beside that everything is good.,4,1,,1,218,40,love app big fan harry potter unfortunately finish book podcast shutsdown not know happen not premium version good
2022-06-09 10:47:54,Its really a very good app..i can make my own playlist..but i have one problem that i can't download songs without taking subscription.,4,0,,1,135,23,good appi playlistbut problem not download song take subscription
2022-06-07 02:43:46,It's auto close and I don't know why,1,0,,0,36,8,auto close not know
2022-06-15 22:12:59,I pay for premium and have downloaded so many songs yet when my data or WiFi is off I cannot play them!!!! It's extremely frustrating when I was on my flight today and can't play music!!!!!,1,0,,0,189,36,pay premium download song datum wifi play extremely frustrating flight today not play music
2022-06-12 08:14:09,Itzy not shy is not playing but other songs are playing please fix this problem,4,0,,1,79,15,itzy shy play song play fix problem
2022-06-29 14:56:49,The last update of Spotify is totally sucks. I can't played all my favorites music anymore if im offline and all my downloaded playlist is totally gone. What happened Spotify fixed all the bug and changes and all the mess you done. And its restricted the plan even you pay premium. Please back the old update. I loved the application but this is very disappointed and frustrating. Im using Spotify from the start and paying premium every monthly.,1,0,,0,446,78,update spotify totally sucks not play favorite music anymore offline download playlist totally go happen spotify fix bug change mess restrict plan pay premium old update love application disappointed frustrating spotify start pay premium monthly
2022-06-22 16:39:06,It's really a good app I love it coz it doesn't contain alots of ads,5,0,,1,68,15,good app love coz not contain alot ad
2022-07-02 08:50:25,My only and favorite app for music. I pay for premium to skip all the commercials but enjoy the fact you can follow friends playlists and make multiple playlists of your own in the library. Best music app thus far. 💚,5,4,,1,216,41,favorite app music pay premium skip commercial enjoy fact follow friend playlist multiple playlist library good music app far
2022-06-28 16:06:44,"I few songs I couldn't get on there because they were remixes, but otherwise it's great! Not a single ad with premium either😌 it also continues to play the songs when my screen goes off and my notifications don't interrupt!👏",4,0,,1,224,40,song not remixe great single ad premium continue play song screen go notification not interrupt
2022-06-24 14:18:04,"Awesome I like this music app I really enjoy music in very high quality but some movies missing like rakshak, itihaas, mrityudaata, tere mere sapne, diljale etc",5,0,,1,160,27,awesome like music app enjoy music high quality movie miss like rakshak itihaas mrityudaata tere mere sapne diljale etc
2022-06-11 20:35:08,It has just been really annoying and whenever I want a song to play it plays a random song I do not know and when I press play in my play List Again random song i don't know,1,0,,0,173,38,annoying want song play play random song know press play play list random song not know
2022-07-08 04:50:30,First time user - thumbs up! Not sure what it can do yet.,5,0,,1,57,13,time user thumb sure
2022-06-17 15:49:46,This app is amazing it has all the artists and songs I want,4,0,,1,59,13,app amazing artist song want
2022-07-05 00:42:23,WHY THE HELL DOES THIS NEW UPDATE KEEP MAKING MY MUSIC PAUSE LIKE EVERY 20 SECONDS. ITS VERY ANNOYING!! I DO NOT PAY PREMIUM EVERY MONTH FOR THIS. PLEASE FIX BUG!!,4,0,,1,163,31,hell new update make music pause like 20 second annoying pay premium month fix bug
2022-06-17 05:32:55,I've had the app for a few months with premium. It was great until I went offline for a while and when I went back online none of my Playlists were showing up. I tried logging on to my account from a different device and it showed all my Playlist.,2,0,,0,247,50,ve app month premium great go offline go online playlist show try log account different device show playlist
2022-06-14 10:39:14,Superp app and enjoying every moment of it.,5,0,,1,43,8,superp app enjoy moment
2022-06-21 17:20:27,I think it comes down to preference but I enjoy using Spotify more than other music platforms and do recommend at least trying spotify.,5,0,,1,135,24,think come preference enjoy spotify music platform recommend try spotify
2022-06-01 12:37:52,Great platform to stream music 🎶,5,0,,1,32,6,great platform stream music
2022-06-18 08:10:12,"Please remove the ""smart"" shuffle to be honest it's not smart it's dumb when I click the song I want to listen it gives me a song don't want no wonder why people think SoundCloud is better your app will fail if you keep this up",1,0,,0,227,46,remove smart shuffle honest smart dumb click song want listen give song not want wonder people think soundcloud well app fail
2022-06-09 12:51:26,Its a great app to listen to music there is a bunch of different songs there best app ever<3,5,0,,1,92,19,great app listen music bunch different song good app ever3
2022-06-21 13:32:22,the best! they have a lot of songs!,5,0,,1,35,8,good lot song
2022-06-05 06:47:38,I'm not sure if anyone has been having similar issues but basically since March the app has been freezing and crashing. It won't load artwork and it takes five minutes for a song to load. I'm a very busy person who doesn't have time to wait for a song to load every time I turn on the app. I have switched to YouTube premium with music until Spotify gets it together. I have used it exclusively for the last five years but the app performance is so bad that I finally canceled my premium sub.,1,178,,0,492,95,sure have similar issue basically march app freeze crash will not load artwork take minute song load busy person not time wait song load time turn app switch youtube premium music spotify get exclusively year app performance bad finally cancel premium sub
2022-06-07 01:35:43,"I have been using this app since the day it was launched in India. This app has one of the best music recommending engine in India. The best feature is playing songs remotely between devices, it is addictive. The ads drove me crazy so I have shifted to premium which has some extra features (Ads are extremely annoying after a week!!). I highly recommend using spotify.",5,10,,1,369,66,app day launch india app good music recommend engine india good feature play song remotely device addictive ad drive crazy shift premium extra feature ad extremely annoying week highly recommend spotify
2022-06-16 07:27:51,"Great app, especially with premium.",5,0,,1,35,5,great app especially premium
2022-07-04 21:12:18,"Even without premium I can still enjoy my music, it's a very very nice and enjoyable app.",5,0,,1,89,17,premium enjoy music nice enjoyable app
2022-06-15 14:36:37,In this app there is all songs which is currently available and unavailable so plz try it.,5,0,,1,90,17,app song currently available unavailable plz try
2022-06-24 11:20:59,GIVE THE OPTION TO DISABLE THE VOLUME SYNC WITH SPOTIFY CONNECT FOR CHRIST SAKE!!! I have multiple Connect devices and I don't want them locked together at the same volume. THIS IS A BIG ISSUE THAT IS AN EASY FIX FOR YOU!! Listen to your (paying) users because a quick Google search shows this is a common issue. 5 stars if this petty issue is fixed.,2,1,,0,350,66,option disable volume sync spotify connect christ sake multiple connect device not want lock volume big issue easy fix listen pay user quick google search show common issue star petty issue fix
2022-07-02 03:56:41,"No ads, just music",5,0,,1,18,4,ad music
2022-06-25 01:55:58,"i cant play songs seprate anymore. it comes up as a playlist, and that's extreamly annoying. you cannot skip more then 6 songs per hour without premium. the only thing i really like about this app is you can play things with the screen off and stuff.",2,1,,0,250,47,not play song seprate anymore come playlist extreamly annoying skip song hour premium thing like app play thing screen stuff
2022-06-25 15:43:54,Best collection of songs in multilanguages,5,0,,1,42,6,good collection song multilanguage
2022-06-19 11:19:55,I would give it five stars but the sound is a little off otherwise great selection of music and podcast!,4,0,,1,104,20,star sound little great selection music podcast
2022-07-02 11:39:34,Because of I listen all bts song in Spotify,5,0,,1,43,9,listen bts song spotify
2022-06-13 23:19:39,I love that I can play whatever I want whenever I want! I also discover new artists by playing Spotify's suggestions! I never go a day without it!,5,0,,1,146,28,love play want want discover new artist play spotifys suggestion day
2022-06-25 23:50:47,"App constantly crashes. Personally, I have a hard time navigating. The list of recently played songs should be easier to access from your queue. My queue constantly clears when I accidentally click a song (when I may just want to go to the album or add it to my queue) but then when I try to start a new playlist, it will go back to a queue I had from days ago. Also very annoying that podcasts and music are all together, so it's hard to go back to your queue after listening to a podcast.",2,257,,0,490,96,app constantly crash personally hard time navigate list recently play song easy access queue queue constantly clear accidentally click song want album add queue try start new playlist queue day ago annoying podcast music hard queue listen podcast
2022-07-02 23:39:20,Spotify without premium is very stupid,2,0,,0,38,6,spotify premium stupid
2022-06-13 00:45:22,It's saying I'm not connected to wifi and not letting me play any music. It also deleted all my playlists.,2,1,,0,106,20,say connect wifi let play music delete playlist
2022-06-22 14:49:02,"The song which will not be found anywhere, it will be found here, it is a good app.",5,0,,1,83,18,song find find good app
2022-06-18 03:43:47,How can you guys okay with your app..I can neither log into nor make a new account...how inappropriate. I've been trying from so long but it all gone waste. I can't enter in your app. It keep saying something went wrong. I don't know what is wrong on creating a new ID. Just something you guys.,1,0,,0,294,56,guy okay appi log new accounthow inappropriate ve try long go waste not enter app say go wrong not know wrong create new guy
2022-06-25 04:24:18,The best application to listen to music,5,0,,1,39,7,good application listen music
2022-06-05 03:06:43,At first I thought this app was good but you can listen to music and watch the lyric video on PS but on iPad or tablet you can listen to the video no lyrics and then on phone you can't listen to the full video unless you have premium so I would have given it a five star until I figured this out. I hope I helped..🙃,2,0,,0,315,67,think app good listen music watch lyric video ps ipad tablet listen video lyric phone not listen video premium give star figure hope help
2022-06-14 08:55:06,"This app is ruined now. I pay a subscription for the app to randomly crash, songs to play with no sound and have to be restarted. I listen most days and I can't remember the last time I played a play list and didn't have to unlock my phone to restart the app or go back on to figure out why the music stopped.",1,1,,0,309,64,app ruin pay subscription app randomly crash song play sound restart listen day not remember time play play list not unlock phone restart app figure music stop
2022-06-12 14:35:32,its a very nice app to refresh our mind by listening music .....I am using this app for 1 year but there are two thing that I don't like that firstmost - we can't downlod songs without premium and second one is adds after every 2-3 songs there is an add ....putting add is fine but a lot of add sometimes irritate us then I close the app after getted annoyed ...otherwise this is the best app as we cn use this app background also ..,5,0,,1,433,86,nice app refresh mind listen music app year thing not like firstmost not downlod song premium second add 23 song add put add fine lot add irritate close app gette annoy good app cn use app background
2022-07-06 05:53:37,It says ad free music ad free music only in between ads 💥🔪🔪🔪😭,1,0,,0,61,13,say ad free music ad free music ad
2022-07-09 07:04:59,"2022.07.08 Would like to be able to save queue as playlist. Would like to be able to scroll back in queue an arbitrary number of titles. When playlist is playing, be able to add songs to queue, rearrange playlist sequence, and ""save changes to playlist?"" prompt at end of playlist... 🤷‍♂️",4,112,,1,288,51,20220708 like able save queue playlist like able scroll queue arbitrary number title playlist play able add song queue rearrange playlist sequence save change playlist prompt end playlist
2022-07-02 06:28:48,I love the content....but this app continually crashes. The podcast keeps playing but there is no way to stop it without closing the app completely. Been this way for months.,1,0,,0,174,30,love contentbut app continually crash podcast keep play way stop close app completely way month
2022-06-03 20:16:21,"Everyday. I use this everyday. One feature I would love to see is basic chat capabilities between followers. Only text and links from within the app, for easy sharing of music between followers.",4,1,,1,194,33,everyday use everyday feature love basic chat capability follower text link app easy sharing music follower
2022-06-14 16:38:50,Very fast and accessable,5,0,,1,24,4,fast accessable
2022-06-24 10:26:55,Woww spotify is so beautiful you can see all internal musical song in spotify app so you download now 😇,5,0,,1,103,20,woww spotify beautiful internal musical song spotify app download
2022-05-31 07:48:07,"When the app works, it's fantastic! For over two months I have only been able to listen to the app for a few hours before it will no longer pause, skip, show the correct information for what is playing, etc. I usually have to force stop the app and open it again or have to restart my phone completely. I'm a monthly subscriber and have been for over two years. I don't understand why this app can be so great one day then be complete trash for months after an update.",2,239,,0,468,91,app work fantastic month able listen app hour long pause skip correct information play etc usually force stop app open restart phone completely monthly subscriber year not understand app great day complete trash month update
2022-07-04 21:42:52,Nothing else needs to be said... Finding artist I am looking for!,5,0,,1,65,12,need say find artist look
2022-06-29 01:24:19,The best and easiest music option,5,0,,1,33,6,good easy music option
2022-07-01 19:14:26,would be neat if this app could show lyrics. and hate tha I've gotta save the whole album when I'm in fact only need one song,4,0,,1,125,26,neat app lyric hate tha ve get to save album fact need song
2022-07-05 17:50:24,Great music selection..,4,0,,1,23,3,great music selection
2022-07-01 22:37:33,I am using Spotify premium and Podcasts are not working anymore. Big downgrade. Do sth about it and soon.,1,0,,0,105,19,spotify premium podcast work anymore big downgrade sth soon
2022-06-17 15:45:40,"Easy to use, less adverts. Allows me to do other things whilst listening to my favourite music. However not too happy with limited skip song in an hour.",4,0,,1,152,28,easy use advert allow thing whilst listen favourite music happy limited skip song hour
2022-06-24 06:22:34,This app will force you in every way to buy its premium and after 3-4 songs it again given you 3 ads,1,0,,0,100,22,app force way buy premium 34 song give ad
2022-06-11 06:19:20,I m facing problem from last week ...app stops working shows not internet connection while all other apps are working smoothly..please help me resolve this issue,4,0,,1,161,26,face problem week app stop working show internet connection app work smoothlyplease help resolve issue
2022-07-05 20:28:54,I will be in the middle of a podcast and it'll change to another episode of a different podcast,2,0,,0,95,19,middle podcast ll change episode different podcast
2022-06-27 22:40:44,"No way to sort a Playlist by least recently played. Lots of requests for this. No fix year after year. They can do it they just choose not to. Still the same, 5 years in",1,0,,0,169,35,way sort playlist recently play lot request fix year year choose year
2022-06-30 13:50:25,Last update ruined playback. Pocast keeps stopping for no reason.,1,2,,0,65,10,update ruin playback pocast keep stop reason
2022-07-05 22:34:45,My app won't even open... I have tried reinstalling it and it still won't work..,1,0,,0,80,15,app will not open try reinstall will not work
2022-07-07 11:21:29,I can't open the app this is trash,1,1,,0,34,8,not open app trash
2022-06-30 21:03:50,"Normally I would put 5 stars as I love Spotify. But while I thought the issue had been fixed, I updated the app today and once again, while connected to any Bluetooth device, my music is stopping randomly, multiple times, on EVERY SINGLE song. It's not an issue with my phone as I do not have this issue with any other media streaming app, and it's not the Bluetooth device because it happens on multiple devices. Please fix this.",4,277,,1,430,79,normally star love spotify think issue fix update app today connect bluetooth device music stop randomly multiple time single song issue phone issue medium stream app bluetooth device happen multiple device fix
2022-06-17 22:04:54,Terrible in app experience. No playlist selection can make up for the UI.,1,0,,0,73,13,terrible app experience playlist selection ui
2022-07-07 07:23:25,Y'all can find almost every song/mashup/remixes here!!,5,0,,1,54,7,find songmashupremixe
2022-06-02 02:22:24,"Its too many ads and i have only 6skips for hour i dont wanna get the premium i dont have money, i kinda hate this app",1,0,,0,118,26,ad 6skips hour not wanna premium not money kinda hate app
2022-06-28 19:03:00,It really works. The quality is excellent and the music choices available are abundant. Great App. *****,5,0,,1,104,17,work quality excellent music choice available abundant great app
2022-07-06 04:33:36,"it literally is stuck on the logo and wont let me play my songs, go to home page or anywhere its just stuck at the logo.",1,0,,0,120,26,literally stick logo will not let play song home page stuck logo
2022-06-09 15:59:13,Give a chancee to your mind to throw out your bad feelings only by listening music or songs from this wonderful app.,5,0,,1,116,22,chancee mind throw bad feeling listen music song wonderful app
2022-06-18 13:20:25,"Kindly do remove adds that related to religious,, Often I'm seeing Hindu related mantra being played during the adds interval,, Kindly look into it & resolve it asap ,, let's not disturb other religions!!",1,0,,0,204,34,kindly remove add relate religious see hindu relate mantra play add interval kindly look resolve asap let disturb religion
2022-06-22 01:40:44,Love that it is simple to use. Love all the choices. Now I listen to podcasts too. I'm 65 and was nervous about using but I love it!!,5,0,,1,133,28,love simple use love choice listen podcast 65 nervous love
2022-07-06 20:00:51,"Been away for a bit, app got worse! I seriously don't get how this can happen. Every time I open the app I get stuck in the ad loops! Like seriously how many ads do I have to listen to. I have to close the app and reopen it. Talk about making it so u subscribe. I'll definitely be finding another app. Horrible!",1,1,,0,311,63,away bit app get bad seriously not happen time open app stick ad loop like seriously ad listen close app reopen talk make subscribe ill definitely find app horrible
2022-06-21 12:34:39,"I've been using Spotify for over 4 years. Premium is great, for the most part. I'm annoyed that it randomly erases my queue or, most recently, isn't even allowing me to view my queue (rebooted the app, then the phone, then uninstalled/reinstalled to see if that fixed it). Other than those annoying gaffes, I enjoy the plethora of music and podcasts available. The ability to change playback speed is phenomenal, though it would be even more awesome if that option was available for music.",4,82,,1,489,84,ve spotify year premium great annoyed randomly erase queue recently not allow view queue reboot app phone uninstalledreinstalle fix annoying gaffe enjoy plethora music podcast available ability change playback speed phenomenal awesome option available music
2022-06-30 22:44:41,"Spotify is literally the best. You can listen to any song you want and it's better than the competition. Only downside is the 4 advertisements that play every 15 minutes. Other than that though, Spotify is great.",5,0,,1,212,37,spotify literally good listen song want well competition downside advertisement play 15 minute spotify great
2022-06-06 08:33:29,It's decent.. Much Much better on a computer..,4,0,,1,46,8,decent well computer
2022-06-06 00:48:03,Ads are definitely a little aids but it's better than everything else.,4,0,,1,70,12,ad definitely little aid well
2022-07-07 23:59:08,I don't want to give money just to listen to a specific song,1,0,,0,60,13,not want money listen specific song
2022-06-14 20:59:28,Spotify has been their for me at my lowest and highest .,5,0,,1,56,12,spotify low high
2022-06-23 09:52:44,"Ive been using spotify for a long time , and i usually buy the mini premium , but now i cant buy the mini premium because its always error or unable to reconnect , please fix this. Im from indonesia so i usually use a 3rd party payment such as ovo or gopay but it always says unable to reconnect and i have to buy premium mini from the spotify website rather than buying through the app.",1,0,,0,387,77,ve spotify long time usually buy mini premium not buy mini premium error unable reconnect fix indonesia usually use 3rd party payment ovo gopay say unable reconnect buy premium mini spotify website buy app
2022-06-21 16:15:51,Great! I love seeing the lyrics and the recommend selections are SPOT on 😉,5,0,,1,74,14,great love see lyric recommend selection spot
2022-06-28 22:00:11,If I had chance I wouldn't give one star because too many ads are so disappointing that's why please if you don't want to hear ads repeatedly then don't download this app. The main problem is that after 1 to 2 songs again and again bloody boring ads. The Worst app I have ever downloaded 😑 😒,1,0,,0,291,57,chance not star ad disappointing not want hear ad repeatedly not download app main problem song bloody boring ad bad app download
2022-06-23 06:05:37,Love this app it play all the right music no matter what genre era decade whatever I recommend you download and get a premium package to really enjoy it's features but the free version is great also,4,0,,1,198,37,love app play right music matter genre era decade recommend download premium package enjoy feature free version great
2022-06-06 16:30:28,I love how it personalized a Playlist for me.,5,0,,1,45,9,love personalize playlist
2022-06-25 19:33:35,Amazing but a little more like YouTube 👍,4,0,,1,40,8,amazing little like youtube
2022-05-31 04:22:58,Bad experience too much of adds always irritating stop the worst app,1,0,,0,68,12,bad experience add irritate stop bad app
2022-05-30 19:13:47,Two songs followed by 7 ads sucks,2,0,,0,33,7,song follow ad suck
2022-06-27 19:06:08,I love Spotify plays all my music,5,0,,1,33,7,love spotify play music
2022-06-01 07:09:39,"Just... So good. Such a wide range of songs and the fact that you can actually turn off your device when you are listening is a life saver as a person who is on his phone too much. Plus, you can listen to a great range of podcasts as well! One of my most used apps, and I'm proud that it's this instead of YT Music.",5,31,,1,315,66,good wide range song fact actually turn device listen life saver person phone plus listen great range podcast app proud instead yt music
2022-06-12 10:52:19,Too many ads,4,0,,1,12,3,ad
2022-06-17 05:07:47,"Non-stop exuberance, only next to God's Presence. Great worship!!",5,0,,1,65,9,nonstop exuberance god presence great worship
2022-06-16 12:58:45,"The advertisements state that you get an ad once every half an hour. It's more like every ten minutes. And it won't be one or two ads. It isn't unusual to get three ads in a row. Usually, they last about 30 seconds each. Even more so: it'll play four or five songs in your playlist and then it'll go on to play something entirely different. It won't even fit the genre you were listening to before. Very frustrating.",1,2,,0,416,79,advertisement state ad half hour like minute will not ad not unusual ad row usually 30 second ll play song playlist ll play entirely different will not fit genre listen frustrating
2022-07-01 20:24:12,"The amount you pay for premium is ridiculous, given that you have access to almost every song you want to find and that you can even download it to listen to it while offline.",5,0,,1,175,34,pay premium ridiculous give access song want find download listen offline
2022-06-08 14:53:11,Love the selection of music,5,0,,1,27,5,love selection music
2022-07-07 04:19:18,I use spotify every single day. Also get Premium,5,0,,1,48,9,use spotify single day premium
2022-06-22 17:32:06,Fairly simple to use but for some reason occasionally the equaliser function goes a bit wonky and stops working.,4,0,,1,112,19,fairly simple use reason occasionally equaliser function go bit wonky stop work
2022-06-25 11:58:34,"The easiest music player I have ever used....original and cleaned music and songs are there...You can create playlist as your preference and list manually....especially in laptop web version and for tablets, it's fully free but cannot download music....there are ads available but which is not much annoying...So, newcomers why are you still waiting here...just tap the install button & explore the unlimited music universe...",5,0,,1,426,64,easy music player usedoriginal clean music song thereyou create playlist preference list manuallyespecially laptop web version tablet fully free download musicthere ad available annoyingso newcomer wait herejust tap install button explore unlimited music universe
2022-06-14 09:09:19,I can now listen to my favorites genre,4,0,,1,38,8,listen favorite genre
2022-06-12 07:23:32,"Since the latest update my Spotify app cannot see other Spotify connect speakers, such as Sonos. Strangely, the Spotify web player can see them, so I have to open the web player on my phone to connect, and then this app can see the connected speaker. Worked fine before the update. Please fix!",1,0,,0,293,53,late update spotify app spotify connect speaker sonos strangely spotify web player open web player phone connect app connected speaker work fine update fix
2022-06-24 04:27:07,Many ad and not connection to internet,1,0,,0,38,7,ad connection internet
2022-06-26 18:59:16,I can appreciate the ability to set up a bundle of music you can enjoy for hours.,4,0,,1,81,17,appreciate ability set bundle music enjoy hour
2022-06-15 13:48:51,Best music platform!! A +,5,0,,1,25,5,good music platform
2022-05-31 09:57:37,"it use to be good,lets just say its not anymore.it doesnt let me acess it i tried re installing it but it still doesnt work,AND WHATS WITH ALL THESE ADS? there meant to be every 30 min.but for me its almost 7 in 10 min.",1,0,,0,219,45,use goodlet anymoreit not let acess try instal not workand ad mean 30 minbut 10 min
2022-06-13 04:11:07,Amazing! I'm able to replay my favorite songs,5,0,,1,45,8,amazing able replay favorite song
2022-07-07 14:25:44,All of my favorite podcasts from all aspects of my recreational life to my professional life in one place.,5,0,,1,106,19,favorite podcast aspect recreational life professional life place
2022-06-14 17:12:44,I jst like the colourfulll grapichs. It really feels good to hear the song with lyrics. I think its really good song app with very nice algorithm,5,0,,1,145,27,jst like colourfulll grapich feel good hear song lyric think good song app nice algorithm
2022-07-08 00:11:27,It is because you don't have the right lyrics for a song,1,0,,0,56,12,not right lyric song
2022-06-01 21:36:05,This app use to be a good app but now it's just bad. I make a playlist with my fav songs and I can't even play them and I can't even listen to my song that I chose without going through other songs first. THIS APP IS A NIGHTMARE.,1,0,,0,229,49,app use good app bad playlist fav song not play not listen song choose go song app nightmare
2022-06-27 23:04:35,Best streaming service ever!,5,0,,1,28,4,good streaming service
2022-06-25 02:51:00,So many ads and I've had Spotify since before the pandemic it's just gotten worse most of the time also plays the songs you skip ever other day,1,0,,0,143,28,ad ve spotify pandemic get bad time play song skip day
2022-06-28 12:39:05,Anyone having issues with music cutting in and out while hooked to blue tooth?,4,0,,1,78,14,have issue music cut hook blue tooth
2022-06-23 19:27:20,I can't get threw a day of work or home for that matter without my Spotify best app I ever used,5,0,,1,95,21,not throw day work home matter spotify good app
2022-06-22 12:41:43,You'll love it! A whole wide variety of music that can be found!!!,5,0,,1,66,13,ll love wide variety music find
2022-06-27 09:16:51,Everything in this app is okay but ads are the major issues .. I m not saying to close it but decrease the timings ......,5,0,,1,121,25,app okay ad major issue say close decrease timing
2022-06-21 21:43:34,"I liked it, it work with payment and without payment, well obviously is better with paying, butsize is amazing, I recommended",5,0,,1,125,21,like work payment payment obviously well pay butsize amazing recommend
2022-06-12 02:27:29,Great app everything seems to work as it should,5,0,,1,47,9,great app work
2022-07-03 17:07:01,"Since the last upgrade, 6.28.22 Spotify no longer works.",1,0,,0,56,9,upgrade 62822 spotify long work
2022-07-08 07:48:53,So manyyyy ads 😐😐,2,0,,0,17,4,manyyyy ad
2022-07-05 12:20:03,"Pretty good other than the queue option. When you want to go to the previous queued track, the queue gets lost for some reason and it plays a different song?!",4,0,,1,158,30,pretty good queue option want previous queue track queue get lose reason play different song
2022-06-22 19:16:52,I love Spotify. Every song I wish to listen to is there. Great app,5,0,,1,66,14,love spotify song wish listen great app
2022-06-20 17:31:41,Shittiest app ever every time I go to a song I pick it goes to some random song I've never heard before,1,0,,0,103,22,shitti app time song pick go random song ve hear
2022-06-24 04:50:58,Best music app I ever used foreals ! Always finding the songs I want an more ! An the playlist they be making !! Sheesh slaps for days !💯🙏🔥🎧,5,2,,1,140,29,good music app foreal find song want playlist make sheesh slap day
2022-07-07 09:24:53,"Frequently force close and current play button is missing, both in app and in my phone notification (also lock screen?.",1,2,,0,119,20,frequently force close current play button miss app phone notification lock screen
2022-07-04 02:38:09,I love the app. Its just too intelligent,5,0,,1,40,8,love app intelligent
2022-06-06 02:30:22,The app is not working on mobile data. Even though the connection is very good. Please help. Thankyou.,1,0,,0,102,18,app work mobile datum connection good help thankyou
2022-06-21 17:40:52,"I love it beos there are international songs koren,English 5 ⭐",5,0,,1,62,11,love beo international song korenenglish
2022-06-20 03:07:50,Easy to use and navigate.,5,0,,1,25,5,easy use navigate
2022-06-09 11:43:13,way to many ads and it plays random songs that aren't on the Playlist even though I turned that off in the settings,1,1,,0,115,23,way ad play random song not playlist turn setting
2022-05-31 22:03:39,"I love Spotify, but sometimes there Playlist are repetitive",5,0,,1,59,9,love spotify playlist repetitive
2022-06-14 12:18:16,Best app for listening music. Download this app. It's free to use and this is good. Download this app and enjoy. 5 star because it's great.,5,0,,1,139,26,good app listen music download app free use good download app enjoy star great
2022-05-31 13:57:05,"After the most recent update, Spotify keep closing whenever i try to play any song, idk where the problem is. It was working fine in the previous version but it's just not working now. My phone is iqoo z3.",2,1,,0,205,39,recent update spotify close try play song idk problem work fine previous version work phone iqoo z3
2022-06-01 21:05:28,Love Spotify! I create my own playlists that are safe for my kids and in the classroom.,5,0,,1,87,17,love spotify create playlist safe kid classroom
2022-07-08 11:14:54,this app is useless! so many times listening a podcasts and suddenly stopped and can't play it back until restart my phone and so many other issues that u don't expect from a company that big shame on you spotify really.,1,0,,0,220,41,app useless time listen podcast suddenly stop not play restart phone issue not expect company big shame spotify
2022-07-09 09:31:30,I love to hear Ads 😌❤its so SATISFYING.... But Sometimes musics play and INTERRUPT the Ads 😔....i request to Fixed this Problem.... So i enjoy ads Peacefully.... Great App🙏😊,4,0,,1,173,29,love hear ad satisfying music play interrupt ad request fixed problem enjoy ad peacefully great app
2022-06-18 05:17:00,Very nice app It is the best music +songs app ❤️❤️❤️👋👋🥰🥰💝😃😄😄😄😄😄💕👍👍👍👍👍👍l like this app,5,0,,1,85,14,nice app good music song app like app
2022-06-21 16:57:56,Too much advertisements.,2,0,,0,24,3,advertisement
2022-06-11 15:18:53,Spotify is a good app I enjoy listening and using it but I hate how when I'm creating an playlist with looped songs it adds random songs I don't want in there and won't let me get rid of them all,4,0,,1,195,41,spotify good app enjoy listen hate create playlist loop song add random song not want will not let rid
2022-06-15 05:28:45,I am having problems in listening songs as whenever I search for a song it ask me to go online and search even though I am online and every online app is working problem except this one from few weeks,2,0,,0,200,40,have problem listen song search song ask online search online online app work problem week
2022-07-02 06:39:41,"After every song I would get about 3-4 ads. Features are very limited, limited skips, shuffle only overall a really bad app. I would reccomend only using the desktop version but ads are really incessant there too.",1,0,,0,213,37,song 34 ad feature limited limited skip shuffle overall bad app reccomend desktop version ad incessant
2022-06-19 00:51:09,"I used to love this app because I could choose which songs that I wanted to listen to in my playlist. Now, I'm forced to listen to them all just to get to the song I want to hear. You have ruined this app Spotify, congratulations, now, I will never use this app again.",1,0,,0,268,54,love app choose song want listen playlist force listen song want hear ruin app spotify congratulation use app
2022-06-10 08:24:34,"I've heard 3 songs and 9 advertisements. I time the ""30 min of free listening"" and it's 22 min between advertisements. Also, pay the artists that you're making money off of. I'm not paying for a subscription when artists only get a couple cents from you.",1,0,,0,254,46,ve hear song advertisement time 30 min free listening 22 min advertisement pay artist make money pay subscription artist couple cent
2022-06-14 22:40:05,The only place I get my music from! Spotify!!,5,0,,1,45,9,place music spotify
2022-06-01 02:55:58,Best music app ever But now I am facing an issue as I am using new phone and unable to login. Have tried all the option to login but failed. Please help me,5,1,,1,155,33,good music app face issue new phone unable login try option login fail help
2022-06-24 05:03:57,This app keeps on sucking me since I updated. It does not play the song that I have recommended but it will rather be streaming another song that I have not even seen it.,1,0,,0,170,34,app keep suck update play song recommend stream song see
2022-06-16 17:19:34,excellent music app,5,0,,1,19,3,excellent music app
2022-06-09 20:08:34,Super easy listening on all levels.,5,0,,1,35,6,super easy listen level
2022-06-20 10:23:53,Best music player ever! 😋,5,0,,1,25,5,good music player
2022-06-09 06:05:42,I can't play songs the update is trash,1,0,,0,38,8,not play song update trash
2022-07-04 03:49:11,Spotify is the best music app but adds are dispointed,5,0,,1,53,10,spotify good music app add dispointe
2022-06-06 04:43:58,Paid for premium and can't play a damn single music. Keeps on crashing after pressing the play button. What an app. Will give zero star if there was an option.,1,0,,0,159,30,pay premium not play damn single music keep crash press play button app zero star option
2022-07-03 14:22:54,Worked great until a software update. Now all the Playlist on my phone appear empty and Spotify claims it can't connect to the internet whenever I use search to fine music...,2,1,,0,174,31,work great software update playlist phone appear spotify claim not connect internet use search fine music
2022-06-15 09:41:39,It's an amazing app so much so that I use it every day it even makes personalized playlists for you based on the types of music you like,5,0,,1,136,28,amazing app use day make personalized playlist base type music like
2022-06-17 02:32:43,CALM THE ADS. I WANT MUSIC NOT ADS. FOR EVERY SONG I GET 3 ADS. RIDICULOUS. And why the hell would you get rid of the preview. I'm done with Spotify. When I initially wrote the review I was mad about ADS but no now they are WORSE. 1 ad for every song. And I'm not paying 120 a year to not listen to ADS. Now crashes every time I exit the app and go back in witch I do very often to skip the ads. This app is absolutely bs. Do not get it.,1,11,,0,437,95,calm ad want music ad song ad ridiculous hell rid preview spotify initially write review mad ad bad ad song pay 120 year listen ad crash time exit app witch skip ad app absolutely bs
2022-07-04 17:02:50,"What a sad excuse to make me pay for subscription. This app is horrifically hard to use. It's like telling a 2 year old how to do things. You tell the app to play this song, but except it plays something completely different all because ""you didn't pay the subscription.""",1,0,,0,271,50,sad excuse pay subscription app horrifically hard use like tell year old thing tell app play song play completely different not pay subscription
2022-07-03 09:01:50,"I loved this app but recently when updated I cannot play songs from the playlistd that I made and when i press the play button it says that I get only 6 skips per hour. I mean like ""WHAT THE HELL"". I want to play the songs in an order i have set my self. Not mixed. And whenever i play a song spotify premium keeps coming off. I'm deleting this song until this is fixed. Until then Bye.",1,33,,0,386,79,love app recently update play song playlistd press play button say skip hour mean like hell want play song order set self mixed play song spotify premium keep come delete song fix bye
2022-06-29 10:20:28,"I don't if it's just me or what, but I hate it when the share lyrics button removed on my spotify, I'd suggest to put that feature again.",5,2,,1,137,28,not hate share lyric button remove spotify suggest feature
2022-06-19 16:34:27,"Used to be good, since the UI chamges it sucks.",2,0,,0,47,10,good ui chamge suck
2022-06-06 19:15:08,Been having issues for over a week now just crashes everytime I use it and I have already uninstalled and reinstalled it a couple of times and updated it,1,0,,0,153,29,have issue week crash everytime use uninstalle reinstall couple time update
2022-07-07 19:41:47,Wonderful songs apps,4,0,,1,20,3,wonderful song app
2022-06-06 10:05:06,App is closing automatically when I open,1,1,,0,40,7,app close automatically open
2022-06-11 05:03:39,"This app is a great platform for listening your favourite music. As I'm a BTS army this app is so good for me. It gave me perfect blend for me + BTS. I loved this app. No for only k-pop it's a great app for bollywood, Hollywood,punjabi and many other language songs. Thanks Spotify for this amazing facilities. And I hope you'll improve it more ( it's already a great app)...",5,0,,1,375,71,app great platform listen favourite music bts army app good give perfect blend bts love app kpop great app bollywood hollywoodpunjabi language song thank spotify amazing facility hope ll improve great app
2022-07-04 06:06:46,"It's a nice app I enjoy it but it misbehave after using it for some time, it doesn't show playlist you can't select a specific song in the playlists available. I know the is need for upgrade to premium but the limitation you have put in place are not important you can find another way not denying people to select their song of choice. At least downloading for offline is enough limitation for those who are not on premium. Anyway it's a good app.",4,0,,1,448,84,nice app enjoy misbehave time not playlist not select specific song playlist available know need upgrade premium limitation place important find way deny people select song choice download offline limitation premium good app
2022-06-22 03:15:26,I like new music and the old music and all other music different backgrounds thanks,4,0,,1,83,15,like new music old music music different background thank
2022-06-20 00:10:08,"App no longer works properly for me. I can start music or a podcast but it stays on a blank home screen. Doesn't show what's currently playing at all. Also can't pause or interact in any way with toolbar. The only way to stop a song or podcast is to completely close the app. Cleared the cache and checked for updates but nothing. The last time Spotify worked properly for me was when I paid for premium, which is interesting. The only thing stopping me from deleting is that Pandora is somehow worse",1,17,,0,500,93,app long work properly start music podcast stay blank home screen not currently play not pause interact way toolbar way stop song podcast completely close app clear cache check update time spotify work properly pay premium interesting thing stop delete pandora bad
2022-06-29 21:01:34,Almost each and every song I can think of is here.,5,0,,1,50,11,song think
2022-06-10 18:14:34,i love how spotify gave me a three month free trial i really apricated it,4,0,,1,73,15,love spotify give month free trial apricate
2022-07-06 21:57:40,App sucks and non functional. Monthly payments for this BS! If I'm paying money for something it should always be functional and bug free,1,3,,0,137,24,app suck non functional monthly payment bs pay money functional bug free
2022-07-04 16:55:39,"I've noticed they use fake artist names on songs they got off of epidemic sound, not cool, they also have record labels using bots to Inflate artists views...",2,0,,0,158,28,ve notice use fake artist name song get epidemic sound cool record label bot inflate artist view
2022-06-03 05:14:14,Endless choices great deals.,5,0,,1,28,4,endless choice great deal
2022-06-18 08:07:44,Enjoyable and excellent performance,5,0,,1,35,4,enjoyable excellent performance
2022-06-03 07:41:49,Lots of ads and can't pick/skip to the song that we want,2,0,,0,56,12,lot ad not pickskip song want
2022-06-18 08:20:00,Am giving 2 star because am in Nigeria and I can't even subscribe. Will be uninstalling the app soon,2,0,,0,100,19,give star nigeria not subscribe uninstalle app soon
2022-06-24 05:19:42,Love Spotify!! I use it literally everyday!,5,0,,1,43,7,love spotify use literally everyday
2022-06-26 14:38:38,It is super good! I really recommend this app. But why 4 stars? I love it but I think that it gives too many ads.,4,0,,1,113,25,super good recommend app star love think give ad
2022-06-28 14:06:00,"Good quaility sound, and easy to acces to.",5,0,,1,42,8,good quaility sound easy acce
2022-06-02 01:20:41,Easy to use. With lyrics. Without ad. Awesome app.,5,0,,1,50,9,easy use lyric ad awesome app
2022-07-05 16:15:03,"All good 👍. I can change even the cover of my playlists , What else do I need. But there should also be an option to turn off notification of any artist.",5,0,,1,153,32,good change cover playlist need option turn notification artist
2022-06-15 14:22:56,Ok let's get straight to it because I'm about to get upset Spotify is the best app I've used in a million years! Ha thought it was a complaint didn't you...gotcha?,5,0,,1,163,31,ok let straight upset spotify good app ve million year ha think complaint not yougotcha
2022-06-27 10:01:27,"Spotify give me Always Running from Teyarch and Malukah and I will pay you money. This is an outrage. Also, I still can't filter different albums/artists. Double outrage",2,56,,0,169,28,spotify run teyarch malukah pay money outrage not filter different albumsartist double outrage
2022-07-06 14:25:48,"Playing meditation music at night - cuts off after 30 seconds. During the day, can drive 8hrs and not have it cut off. Adjusted all the settings so that it has full background access, no luck. Super disappointed.",1,0,,0,212,38,play meditation music night cut 30 second day drive 8hrs cut adjust setting background access luck super disappoint
2022-07-01 20:25:00,Cant control phone volume from GW4. Have to come out of Spotify and then load up media controller to control phone volume,2,0,,0,121,22,not control phone volume gw4 come spotify load media controller control phone volume
2022-07-08 11:03:11,ads more than songs,1,0,,0,19,4,ad song
2022-06-15 18:19:43,Why. Why. Why. Why does Spotify keep deleting my saved songs on my SD Card?????,1,0,,0,79,15,spotify delete save song sd card
2022-06-12 18:01:41,Just uninstalled.. 1st u have to sign-up with Gmail or Facebook.. & then more over u also have to give them email adress. So much for some songs which are also available on YouTube,1,0,,0,180,34,uninstalled 1st signup gmail facebook email adress song available youtube
2022-06-13 13:38:30,It would be a five star if you could just pick the song that you want when you want without the subscription.,4,0,,1,109,22,star pick song want want subscription
2022-07-01 10:05:40,Too much ads,1,1,,0,12,3,ad
2022-07-03 12:40:03,Because Is easy to go back in the days true Spotify.,5,0,,1,52,11,easy day true spotify
2022-06-11 05:02:01,Great app but ads are annoying,4,0,,1,30,6,great app ad annoying
2022-06-30 14:48:09,"Recently, today I could not play my liked songs, all it does is play songs I've not even seen nor heard of, and I'm starting to get angry.edit:it has been a few weeks now and it still does this, it won't stop, I try to play song from my Playlist, but it goes and play I don't have on it, and it is just so stupid, I can't believe your famous business is failing this badly to give the user what they want.",2,0,,0,405,83,recently today play liked song play song ve see hear start angryeditit week will not stop try play song playlist go play not stupid not believe famous business fail badly user want
2022-06-14 08:49:22,I really enjoy it. Making your own playlist listening to songs you love with new recommends. It amazing!!! Literally amazing!!! :) I would suggest a sleep mode where the music turns off after the prescribed time. I listen to music while sleeping and it would be epic to have it on spotify,5,3,,1,288,52,enjoy make playlist listen song love new recommend amazing literally amazing suggest sleep mode music turn prescribed time listen music sleep epic spotify
2022-06-17 03:37:15,"I love it. I like that I'm able to pause, rewind and fast-forward my favorite podcasts",5,0,,1,86,16,love like able pause rewind fastforward favorite podcast
2022-07-02 11:34:46,Sound quality is perfect but too many ads without premium subscription which is disgusting. That's it.,4,0,,1,102,16,sound quality perfect ad premium subscription disgusting
2022-07-07 13:50:37,"7/7/22 - The app had been working fine for a while, but is now suffering from the Samsung/Android issue. The playing now bar doesn't show up and the app stops playing randomly in the middle of songs and podcasts. 1/13/21 ‐ I've been using Spotify for about a year now (with a paid account) but recently the app has stopped playing anything. Will definitely cancel my service and uninstall if it continues.",2,3,,0,405,72,7722 app work fine suffer samsungandroid issue playing bar not app stop play randomly middle song podcast 11321 ve spotify year pay account recently app stop play definitely cancel service uninstall continue
2022-07-07 15:53:43,The app is good only if you purchase premium.,5,0,,1,45,9,app good purchase premium
2022-07-01 16:17:33,Wonderfully easy app to use which has huge flexibility and amazing features many of which I have not used properly yet. Highly recommended for anyone who wishes to have audio playing as part of their life.,5,0,,1,205,36,wonderfully easy app use huge flexibility amazing feature properly highly recommend wish audio playing life
2022-07-05 12:50:00,Way too many ads,2,1,,0,16,4,way ad
2022-05-30 19:17:45,4stars because it is good the only thing that I don't like is playing on my Playlist that I did not add there and have the setting for that off but still does it.,4,0,,1,162,34,4star good thing not like play playlist add setting
2022-06-14 11:15:57,i like it so so so so so so so so very much ..... this is my first loving app.... all app except this are futile ... this is the best app in the world.....,5,0,,1,155,35,like love app app futile good app world
2022-06-10 11:59:43,Ill give this a 1 star because first of all this app is annoying when you make your own Playlist instead of listening on the skng that u added this a annoying different song played this so annoying i have to use all of my free skip to play the music that i wanted and second of all when you search a music then after u click it instead of playing the music that i reached another music was played c'mon what the heck is this i just wanted to listen to the music that i added and search for so please,1,0,,0,499,102,ill star app annoying playlist instead listen skng add annoying different song play annoying use free skip play music want second search music click instead play music reach music play cmon heck want listen music add search
2022-06-13 13:52:08,"Increased number of ads. I get it, you can get premium, and that's why they are doing it - however, Pandora does one ad, then secession songs. Spotify is several ads, a handful of songs, several more ads. Lame!",2,0,,0,210,39,increase number ad premium pandora ad secession song spotify ad handful song ad lame
2022-06-20 05:11:58,Would Be perfect if they added more songs. It would definitely beat YouTube music. Only thing holding it back,4,0,,1,109,19,perfect add song definitely beat youtube music thing hold
2022-07-06 03:39:35,Easy to use and add songs,5,0,,1,25,6,easy use add song
2022-07-06 05:58:56,"The mobile version is absolute thrash I can't even choose the song to play, i can only choose a playlist with full of songs that i don't like.",1,0,,0,142,28,mobile version absolute thrash not choose song play choose playlist song not like
2022-06-09 21:55:03,"It's a good app but recently I have had a huge problem with listening to music. Whenever I am using the app, it doesn't let me leave the app and listen to music. I have to stay in the app no matter what. I have tried connecting to wifi for it to load but it does nothing. I can't even turn my phone off or the music won't play.",2,1,,0,327,69,good app recently huge problem listen music app not let leave app listen music stay app matter try connect wifi load not turn phone music will not play
2022-06-16 01:04:40,"The 30 minute ad free thing is a lie , you watch the video and 2 songs later it plays an ad",1,0,,0,91,22,30 minute ad free thing lie watch video song later play ad
2022-06-18 07:24:40,Many Punjabi songs not available on this app like sohni sohni song i search a song many times but reasult is always same .,2,0,,0,122,24,punjabi song available app like sohni sohni song search song time reasult
2022-06-18 22:48:50,Playlists are being rearranged at the speed of light- this is clearly a bug and reinstalling did not work to fix it,1,0,,0,115,22,playlist rearrange speed light clearly bug reinstalling work fix
2022-06-10 19:05:02,The app is working awful!!!!,1,0,,0,28,5,app work awful
2022-07-01 19:33:42,Like the music but it is a pain that spotify auto connects every time I get in the car or on the bike. Even if I was listening to a podcast or some other music streaming service. Probably delete it before the week is out unless I find out how to stop it.,2,0,,0,254,53,like music pain spotify auto connect time car bike listen podcast music streaming service probably delete week find stop
2022-07-02 02:41:50,I love Spotify just Awesome ❤️,5,0,,1,30,6,love spotify awesome
2022-06-12 22:55:42,I listen to music on a journey suggested by the app and rediscover lost loves I great way to relax and recharge the batteries,5,0,,1,125,24,listen music journey suggest app rediscover lose love great way relax recharge battery
2022-07-01 14:00:43,It is a amazing but the playlist i want is not available,4,0,,1,56,12,amazing playlist want available
2022-06-04 06:09:01,"Worst, after creating an account, it shows something went wrong try again. This is showing for the past one week...Worstify",1,0,,0,123,20,worst create account show go wrong try show past weekworstify
2022-06-25 00:28:09,Has almost every song I search and it's a very good app,5,0,,1,55,12,song search good app
2022-06-10 02:23:16,I want to listen jain bhajans on spotify but there is very short list of bhajans...... But spotify is much better than saavan..,5,1,,1,127,23,want listen jain bhajan spotify short list bhajan spotify well saavan
2022-06-28 16:45:38,"Except ads being how bad spotify ads are, this is a good app",4,0,,1,60,13,ad bad spotify ad good app
2022-05-30 17:30:46,"Why did they have to get ride of the preview of the song you want? Because it made it easy to know if it's the right song, and also the fact that if you want to add songs you don't know, you could jusy listen to a bit of it. You don't just look at the title and say ""oh yeah, this isn't a title of a song I've hear of before, and that there are many songs with similar names"" I don't get why you'd get ride of something so useful, I swear if it's only on premium-",1,0,,0,463,99,ride preview song want easy know right song fact want add song not know jusy listen bit not look title oh yeah not title song ve hear song similar name not ride useful swear premium
2022-06-02 17:28:23,Please help me.. I can't get the app to work for longer than 3 min tops then it stops and I have to press play again.. its set to run in background. I actually unsubscribed 2 months ago due to this problem and I thought it would be sorted by now.,1,0,,0,246,51,help not app work long min top stop press play set run background actually unsubscribe month ago problem think sort
2022-07-02 14:30:47,"The app keeps having an error where it doesn't show what's playing, which means you can rewind, fast forward or pause. SO ANNOYING!!",1,0,,0,132,23,app keep have error not play mean rewind fast forward pause annoying
2022-05-31 18:40:00,I love this app but I recommended of you can to get premium so then you can skip and not have to listen to adverts,5,0,,1,114,25,love app recommend premium skip listen advert
2022-06-20 18:54:14,Too many ads,1,0,,0,12,3,ad
2022-06-13 14:47:49,"What to say means, the best app for relaxing mind and enjoying all types music and other stuff. Love this app.",5,0,,1,110,21,mean good app relax mind enjoy type music stuff love app
2022-06-05 17:12:44,"This app is crashing on my IQOO Z5 Device after 4 -5 days of installation , please do something !",1,1,,0,97,20,app crash iqoo z5 device day installation
2022-06-01 02:43:48,If any playlist on very fastly nice 🤗🤗,4,0,,1,38,8,playlist fastly nice
2022-06-12 14:16:27,I like spotify because it is much easier to find songs and songs i love it contains all the music i love and it does not lag or any of those sort i love spotify and thankyou for putting effort un it,5,0,,1,198,42,like spotify easy find song song love contain music love lag sort love spotify thankyou put effort un
2022-06-27 10:14:46,I love Spotify!!!!! Still loving it!!!🎶,5,0,,1,39,6,love spotify love
2022-07-06 16:20:42,Good sound quality ❤️❤️,5,0,,1,23,4,good sound quality
2022-06-07 17:12:59,the premium student haha. they only choose the rich kids uni/college. my college are not even on the list,2,0,,0,105,19,premium student haha choose rich kid unicollege college list
2022-07-08 00:56:08,The app won't even launch on my phone Just keeps showing the Spotify logo I'm disappointed,1,1,,0,90,16,app will not launch phone keep show spotify logo disappointed
2022-06-22 12:41:00,So nice but if you can just make it easier to search the songs thanks😁,5,0,,1,70,15,nice easy search song thank
2022-07-05 23:37:13,I did love using Spotify! Not anymore since I'm ANNOYED that ALL of my playlists are gone for some reason...,1,0,,0,108,20,love spotify anymore annoyed playlist go reason
2022-07-09 05:26:56,All good but I don't like ads too much ads,4,0,,1,42,10,good not like ad ad
2022-07-07 14:30:41,Great so far easy to use .like the new music that it suggests not everyone likes this feature. But love being able to listen to music,4,0,,1,133,26,great far easy use like new music suggest like feature love able listen music
2022-06-02 04:11:56,The best music platform available!,5,0,,1,34,5,good music platform available
2022-07-09 04:32:35,can't like anymore songs,1,0,,0,24,4,not like anymore song
2022-05-31 01:34:27,"What is going on with your app? As of this morning (31/05/22) it now will not play podcasts other than ones I've already listened to. Have tried (twice) to uninstall then reinstall Spotify and it will not resolve issue. I hate my job enough already, and now i can't even drown out the clowns i work with.",1,0,,0,304,57,go app morning 310522 play podcast one ve listen try twice uninstall reinstall spotify resolve issue hate job not drown clown work
2022-06-22 22:51:05,"Ok I love the app and all, but recently the new update is absolute garbage if you don't have premium. There's an ""add songs"" feature and usually you can listen to their 15 second preview to determine whether it's good enough to add but they TOOK IT AWAY? Update: THEY ACTUALLY PUT IT BACK YAY",4,13,,1,292,55,ok love app recently new update absolute garbage not premium add song feature usually listen 15 second preview determine good add take away update actually yay
2022-07-04 05:26:50,"Ever since the update, all playlists on spotify are telling me there is no music on then. But saying I can start a playlist. It's anoying.",2,0,,0,138,26,update playlist spotify tell music say start playlist anoying
2022-06-15 05:59:59,I enjoy the seemless experience of the app.,5,0,,1,43,8,enjoy seemless experience app
2022-06-30 05:24:38,"Spotify been a best platform for me,keep it up guys",5,0,,1,51,10,spotify good platform mekeep guy
2022-07-02 00:00:22,I love that app but there is stuff like stupid stuff that you need vip and I don't want to pay to do this little things,4,0,,1,119,26,love app stuff like stupid stuff need vip not want pay little thing
2022-05-31 03:50:59,"Hi Team, When I was play the song in Spotify app.the app will close automatically and music was not played..can u pleas resolve this issue.",1,0,,0,139,25,hi team play song spotify appthe app close automatically music playedcan plea resolve issue
2022-07-09 12:05:46,"WOW!! ....all of a sudden my login doesn't work. Even though I'm 100% positive it is correct. This morning my app asks me to login? Why? This hasn't happened before, so obviously you are having some problems. Just found an email in my account telling me to change my password because of 'suspicious behaviour'.... yeah because logging into Spotify on my Xbox is suspicious!? Thanks for the stress this morning, didn't need that. I won't be renewing....my way of teaching you a lesson.",1,0,,0,484,83,wow sudden login not work 100 positive correct morning app ask login not happen obviously have problem find email account tell change password suspicious behaviour yeah log spotify xbox suspicious thank stress morning not need will not renewingmy way teach lesson
2022-06-23 18:18:32,"I only put it to 4 stars because when I add it to favourites and play it the song is just short, and I hope you guys do an fix it cause I now only use it ones a month, and I love the app",4,0,,1,186,45,star add favourite play song short hope guy fix cause use one month love app
2022-06-12 17:44:54,"AMAZING Music Application,I've been with Spotify premium for a while now!. A helluva 🏍️🏍️Ride !🏍️🏍️. And love the service it's provided!😎😎❤️❤️ Edit: sorry for the low rating. I haven't updated this in years ! STILL A HELLUVA RIDE!!🔥🔥 Love this service till the end of my life!🍃🌿",5,0,,1,278,47,amazing music applicationive spotify premium helluva ride love service provide edit sorry low rating not update year helluva ride love service till end life
2022-07-03 06:43:42,I've been using spotify for years and overall it's okay I just don't like that after every 2 or 3 songs there's an add.,4,0,,1,119,24,ve spotify year overall okay not like song add
2022-06-03 13:52:09,Best app i find all the kpop songs i want to,5,0,,1,44,11,good app find kpop song want
2022-07-03 12:33:52,good app for nice song,5,0,,1,22,5,good app nice song
2022-06-04 15:15:57,Great music app except the adds all other things are quit well. My experience with Spotify is really mindblowing.,5,0,,1,113,19,great music app add thing quit experience spotify mindblowe
2022-06-05 17:38:19,Great Expeirience; I can also Appreciate the 30 minutes Free Listening after an AD it makes me want to at least check out the ad..Great Experience,5,0,,1,146,26,great expeirience appreciate 30 minute free listening ad make want check adgreat experience
2022-06-10 16:00:11,"Every song I enjoy is here, even old unpopular songs can be found. Never turn on the radio again",5,0,,1,96,19,song enjoy old unpopular song find turn radio
2022-07-01 00:41:58,I'm honestly thinking about canceling my family plan cause you removed shuffle play all my song bring it back and I'll stay,1,0,,0,123,22,honestly think cancel family plan cause remove shuffle play song bring ill stay
2022-07-03 13:43:13,Its easy to use spotify apps music,5,0,,1,34,7,easy use spotify app music
2022-06-25 16:17:20,"I love Spotify, there are times when I don't have anyone to talk to i just go to my Spotify find the perfect song with the lyrics to keep me going. 100%",5,0,,1,152,32,love spotify time not talk spotify find perfect song lyric go 100
2022-06-23 05:12:11,Love it for my favorite podcasts,5,0,,1,32,6,love favorite podcast
2022-06-19 20:16:46,This is probably the best app to listen to music,5,0,,1,48,10,probably good app listen music
2022-07-01 11:25:44,Had a few issues but mostly enjoy it. Been using Spotify for year's and for me it's the best. Some song's are missing or can't be played but that's ok.,5,0,,1,151,30,issue enjoy spotify year good song miss not play ok
2022-06-05 13:31:04,What I despise about this godforsaken app is that it AUTOMATICALLY WITHOUT WARNING put my music i was listening to on EVERY tv of the house. I also had to take 2 HOURS to fix one of the tv's that stopped working due to the sudden cause of it happening. Im editing this review a few mintues later to add 2 things 1 YOU HAVE TO LISTEN TO A DIFFERENT SONG TO STOP THE SONG THAT WAS PLAYING (atleast i didnt know how to stop the song) and you can just use youtube and or another device to listen to music,1,0,,0,500,101,despise godforsaken app automatically warn music listen tv house hour fix tv stop work sudden cause happen edit review mintue later add thing listen different song stop song play atleast not know stop song use youtube device listen music
2022-06-15 20:45:52,"Spotify is the worst streaming service I have ever used. I don't think it's functioned correctly on android longer than a week in YEARS at this point. There were plenty of issues before this update, but after it I cannot choose any songs in my playlists AT ALL. It registers the click, and does nothing. Premium user, phone is up to date, app is up to date, unisntalled/reinstalled, cleared cache & data, restarted/reset my phone, reset my wifi. The problem is spotify itself, like always.",1,80,,0,489,85,spotify bad streaming service not think function correctly android long week year point plenty issue update choose song playlist register click premium user phone date app date unisntalledreinstalle clear cache datum restartedreset phone reset wifi problem spotify like
2022-06-12 19:34:10,its keeps on telling me app doesn't has stopped and doesn't want to play any songs.,1,0,,0,83,16,keep tell app not stop not want play song
2022-06-18 21:30:52,Love the freedom of having any music I want any time I love Spotify thank you,5,0,,1,77,16,love freedom have music want time love spotify thank
2022-06-23 22:42:04,Its great but it glitches sometimes!,4,0,,1,36,6,great glitche
2022-07-05 15:17:54,"No mather what i do, it will keep playing. I close and it playes again.. damn stupid app...",1,0,,0,91,18,mather play close play damn stupid app
2022-06-26 10:04:22,Group session can't work properly!,1,1,,0,34,5,group session not work properly
2022-06-28 04:44:17,"So money hungry, forcing me to pay premium just so I can skip more songs and listen to the ones I want listen too smh",1,0,,0,117,25,money hungry force pay premium skip song listen one want listen smh
2022-05-30 15:50:45,"In my personal opinion Spotify is better than Amazon, based on I can get the same experience here on Spotify for free where as Amazon's payed sub has adds",5,0,,1,154,29,personal opinion spotify well amazon base experience spotify free amazon pay sub add
2022-06-21 03:37:26,System keeps shutting down when trying to play a song..,5,0,,1,55,10,system keep shut try play song
2022-06-25 18:33:03,"Spotify working very bad connected via Bluetooth in the car! I have Samsung Galaxy Note 10 plus. Bluetooth version - 5.0, A2DP.... the music constantly breaks, stops and begins. Is there a solution to this problem?",1,1,,0,214,36,spotify work bad connect bluetooth car samsung galaxy note 10 plus bluetooth version 50 a2dp music constantly break stop begin solution problem
2022-06-04 17:58:51,I love listening to Pat McAfee everyday and David Spade thank you,5,0,,1,65,12,love listen pat mcafee everyday david spade thank
2022-06-17 09:05:45,Often crashes when trying to start playing a file.,2,0,,0,50,9,crash try start play file
2022-05-30 15:30:18,Best App for music!,5,0,,1,19,4,good app music
2022-06-25 04:21:41,Its the best app for listening songs I really like the different album for different moods and from different countries,5,0,,1,119,20,good app listen song like different album different mood different country
2022-06-19 02:08:06,Enchanting all music languages under one roof,5,0,,1,45,7,enchant music language roof
2022-07-02 13:36:05,"I have very eclectic musical tastes and Spotify connects me to music I love from all genres and eras. It has also been a wonderful way for me to connect musically with my son as we expand each other's musical universe. I find it also has more content in my favorite genres such as old reggae, than the other leading service. I joined Spotify a few years ago and it has improved my life in so many great ways.",5,1,,1,408,79,eclectic musical taste spotify connect music love genre era wonderful way connect musically son expand musical universe find content favorite genre old reggae lead service join spotify year ago improve life great way
2022-06-10 19:00:18,Now playing bar keeps disappearing at random. Requires me to force stop and reopen app,1,0,,0,86,15,play bar keep disappear random require force stop reopen app
2022-06-27 16:30:50,Please reduce some ads 🥴,4,0,,1,24,5,reduce ad
2022-06-24 22:58:53,Great music library with useful features. Phone app isn't as great for organizing playlists as its PC counterpart though.,4,0,,1,121,19,great music library useful feature phone app not great organize playlist pc counterpart
2022-06-27 05:30:55,It's a great platform for streaming your favourite,4,0,,1,50,8,great platform stream favourite
2022-06-02 06:57:29,I have been trying and trying to cancel my subscription but there is no cancel my plan in my spotify account.. please stop charging me ..,1,0,,0,137,26,try try cancel subscription cancel plan spotify account stop charge
2022-06-26 00:49:29,Spotify have everything that you could possibly want to listen to.,5,0,,1,66,11,spotify possibly want listen
2022-06-04 15:44:36,"I paid premium , i cant listen songs . Songs arent loading.",1,0,,0,59,12,pay premium not listen song song not load
2022-06-01 04:23:45,"After the update I cannot like songs or download songs and play lists... I have a galaxy note 8, I have been to the support page but there are no solutions to this problem... I used spotify everyday but ever since this problem I found myself using it less",2,0,,0,255,49,update like song download song play list galaxy note support page solution problem spotify everyday problem find
2022-06-18 02:51:08,The lyrics are so good. It feels great using it.,4,0,,1,48,10,lyric good feel great
2022-06-21 14:52:02,Best app for music!Umm if childrens are reading this post pls don't do this. Means I realy like this app so listen songs in toution like realy and school uuuuu 😅😅 pls students/childrens don't do this. Ummm but this app is good I love it and for high quality music so I listen songs during tuotion ummmmmm during school also!,5,2,,1,324,60,good app musicumm children read post pls not mean realy like app listen song toution like realy school uuuuu pls studentschildren not ummm app good love high quality music listen song tuotion ummmmmm school
2022-06-26 08:29:58,The best music experience you can ever have...,5,0,,1,46,8,good music experience
2022-06-10 07:54:27,It's really irritating me.. There is no option for correct song Play on. Absolutely a damaze app..😠😠😠😠 Motherchod App is too more improvement needed..,1,0,,0,150,24,irritate option correct song play absolutely damaze app motherchod app improvement need
2022-06-12 13:50:37,I have been using premium for over 3 years now and it's the best app you'll get for music and podcast,5,5,,1,101,21,premium year good app ll music podcast
2022-06-28 05:22:45,It's easy to get music on Spotify,5,0,,1,33,7,easy music spotify
2022-06-02 16:57:11,When I try the app it is good but on the 2nd day theres a bug that I can't play any music because if I play a music or anything it will force stop even with wifi connections. I tried to uninstall and install it but nothing still have the bug. Pls help,2,0,,0,251,53,try app good 2nd day bug not play music play music force stop wifi connection try uninstall install bug pls help
2022-06-25 12:06:36,To to to totototototototototototototototototototototototototototototototo much of ads,1,0,,0,85,7,totototototototototototototototototototototototototototototototo ad
2022-06-08 05:27:58,"Lately paying for premium doesn't seem worth it. Their app is awful. I've had issues with it randomly skipping songs, starts playing after I pause it in my car, and now it won't show the controls at the bottom. Several times today I had the issue of getting into my car and it say ""Spotify is trying to play"" while playing music, but the app wasn't open on my phone. If this continues I'm ending my subscription. Very unfortunate considering how long I've been a premium member.",2,194,,0,478,87,lately pay premium not worth app awful ve issue randomly skip song start play pause car will not control time today issue get car spotify try play play music app not open phone continue end subscription unfortunate consider long ve premium member
2022-07-04 06:32:14,Downloads always seem to disappear when I need them,1,0,,0,51,9,download disappear need
2022-05-31 09:11:28,I love all the podcast,5,0,,1,22,5,love podcast
2022-06-17 22:18:52,Great love that I can make my own Playlist easy to do for a senior person who loves old and new artists. THANKS.,5,0,,1,112,23,great love playlist easy senior person love old new artist thank
2022-07-06 11:02:23,"Hi Spotify devs, I like using Spotify but as of late the app has been unresponsive. I logged out of my Spotify account and since then the app would open but I wouldn't be able to login or access the homepage or anything. The app stays stuck on a screen just showing the Spotify logo. Can someone help me fix this please",1,2,,0,319,62,hi spotify devs like spotify late app unresponsive log spotify account app open not able login access homepage app stay stuck screen show spotify logo help fix
2022-06-19 23:29:40,"What's happened? Spotify just stop working with no reason. Since the last update the app just stop off working for NOTHING. The Spotify's premium users, should have more quality. What's whong?",1,0,,0,192,31,happen spotify stop work reason update app stop work spotifys premium user quality whong
2022-06-26 12:41:49,"I love the app , it's filled with all my favourite songs but the ads between, i hate em. So, shove your ads in ur as.",4,0,,1,117,26,love app fill favourite song ad hate em shove ad ur
2022-06-08 02:09:57,A bit buggy but it's still rad Pay your artist Spotify,4,0,,1,54,11,bit buggy rad pay artist spotify
2022-07-04 07:57:52,Almost unusable after update. Crashes and laggs all the time.,1,0,,0,61,10,unusable update crash laggs time
2022-05-31 23:07:05,So fun I can turn phone off and still listen 🖤🖤🖤🖤🖤🖤,5,0,,1,51,11,fun turn phone listen
2022-06-10 07:13:18,I love listening to music on this app. Good tunes for you to listen in the car or walking. Do recommend .also very good with headphones/eaebuds.,5,0,,1,144,26,love listen music app good tune listen car walking recommend good headphoneseaebud
2022-06-18 22:28:36,"Music quality, volume normalization, playlists, and ease and versatility of streaming on different devices are all great. Group sessions could use work. Music recommendations aren't as advanced as Spotify wants you to think - nothing will top early-Pandora's Music Genome Project. Most spotify-built playlists are worded vaguely as to what they actually are, and podcasts are shoved in your face throughout the app. Finally, 'offline mode' is straight B.S. It requires an Internet connection.",4,11,,1,492,74,music quality volume normalization playlist ease versatility streaming different device great group session use work music recommendation not advanced spotify want think earlypandoras music genome project spotifybuilt playlist word vaguely actually podcast shove face app finally offline mode straight bs require internet connection
2022-06-16 14:06:27,"What the is happening with this app???!!!?? The songs are playing very very half like what is going on??!!! You literally need to put shuffle on that I don't want too.. I'm just getting so angry I also updated it but still nothing happened??!!?,😡😡😡😡This app has become very disgusting cuz now I can't play my favourite part of the song nor listen to it easily F- Spotify you better reply Plz plz fixx this",1,0,,0,405,74,happen app song play half like go literally need shuffle not want get angry update happenedthis app disgusting cuz not play favourite song listen easily spotify well reply plz plz fixx
2022-07-03 12:14:18,"Review has moved from five stars to one. 6yr premium customer, miss 1 payment, my account is removed from Spotify and all music lost. no contact number. Will be using competitors apps.",1,1,,0,184,32,review move star 6yr premium customer miss payment account remove spotify music lose contact number competitor app
2022-07-08 20:05:02,The main problem for me it's the absence of Belarusian language. It would be great to use the app in my lang,4,0,,1,108,22,main problem absence belarusian language great use app lang
2022-06-08 19:56:24,Better recommendations than any other music service providers. Nothing's quiet like it!,5,0,,1,87,12,well recommendation music service provider nothing quiet like
2022-07-08 08:20:32,Easy to navigate & share between devices. But it doesn't always play videos,4,0,,1,75,13,easy navigate share device not play video
2022-06-26 22:45:39,"Single handedly killing the music industry and yet I give it $11.99 a month. If you want to get depressed, search for 'love' and see 'all songs' .... You've never heard of any of these artists and you will never have the time of day to listen to all this music. I wish curating my playlist was easier: it's hard without the pictures. The web app is so slow. But I can only change the playlist display pic on the web app. Wish I could do that on mobile. Pay your artists, Spotify. You can afford it!",4,0,,1,498,97,single handedly kill music industry 1199 month want depressed search love song ve hear artist time day listen music wish curate playlist easy hard picture web app slow change playlist display pic web app wish mobile pay artist spotify afford
2022-07-01 00:25:49,it has all songs and I love how you can have a Playlist also a suggestion is where u can watch the music video while listening to the song,5,1,,1,138,29,song love playlist suggestion watch music video listen song
2022-06-17 01:03:26,I used to love this app it was the best free or you could do the premium at a good price BUT my wife has made several playlists and they no longer just play just the songs on the playlist they.also play the recommended or added songs and she does not like that so why has it changed so much? We were going to do some songs for a picnic we were having it was playing songs we did not want,2,0,,0,387,81,love app well free premium good price wife playlist long play song playlist theyalso play recommend add song like change go song picnic have play song want
2022-07-03 02:38:49,I can find all the music i like. Especially all the old stuff that is hard to find on other apps!,5,0,,1,97,21,find music like especially old stuff hard find app
2022-06-18 07:29:33,Love this app but the ads are irritating and can't listen to my fav song offline,4,0,,1,80,16,love app ad irritate not listen fav song offline
2022-07-02 07:06:46,Best music app on the planet,5,0,,1,28,6,good music app planet
2022-06-01 11:54:36,It's only good for like 2 3 years after that it just repeats the same 15 songs doesn't matter what play list you look up or what radio station you create. It's starting to get annoying,2,0,,0,184,36,good like year repeat 15 song not matter play list look radio station create starting annoying
2022-06-11 05:41:31,Best musical app i have ever seen,5,0,,1,33,7,good musical app see
2022-07-06 21:10:08,"Very nicee but Someone hacked my account and every time it plays we're no strangers to love. You know the rules and so do I. You know commitments what I'm thinkin of, you wouldnt get this from any other guy!♡ I just wanna tell you how I'm feeling",5,0,,1,246,48,nicee hack account time play stranger love know rule know commitment thinkin not guy wanna tell feel
2022-06-03 02:35:12,"App doesn't find nearby devices making it pretty much useless, unless you only listen on your phone",1,0,,0,99,17,app not find nearby device make pretty useless listen phone
2022-06-22 14:44:43,Excellent Online Music Platform....... And it also needs some improvements... Overall I loved it....,4,0,,1,100,14,excellent online music platform need improvement overall love
2022-06-11 11:07:42,Please return the shuffle button for daily playlists,1,0,,0,52,8,return shuffle button daily playlist
2022-07-05 01:12:31,There appears to be more and more bugs happening every day. It's a shame the overall rating doesn't fully capture the current experience using the mobile app. Every issue I'm experiencing I can find in other users ratings.,2,0,,0,222,38,appear bug happen day shame overall rating not fully capture current experience mobile app issue experience find user rating
2022-07-08 20:08:11,I love this app but I had to uninstall then reinstall but everytime I open the app it just stays on the logo tried 3 times it's not working,2,0,,0,139,29,love app uninstall reinstall everytime open app stay logo try time work
2022-06-04 11:07:13,"Spotify is honestly not only my personal favorite, but the best music app out there. The premium they offer is so cheap, and beyond worth it!!",5,4,,1,142,26,spotify honestly personal favorite good music app premium offer cheap worth
2022-06-21 19:20:52,Good app easy to use 1 issue recently music streaming was stopping after 30 seconds and not starting again for at least a minute. Seems to be working fine again now.,4,0,,1,165,31,good app easy use issue recently music streaming stop 30 second start minute work fine
2022-06-18 13:13:39,"Love it! The interface, UI UX, stopped using all other music app... But I am finding it hard to make payment tho ..",5,0,,1,115,23,love interface ui ux stop music app find hard payment tho
2022-07-08 14:49:34,The App is amazing but the newest update has been quite Annoying. When I'm trying to play my playlist it always goes to some recommended songs which I can't skip.,2,0,,0,162,30,app amazing new update annoying try play playlist go recommend song not skip
2022-06-06 20:48:10,The best music me personally I love ASHNIKKO and she's like soooooooo pretty 😁,5,0,,1,78,14,good music personally love ashnikko like soooooooo pretty
2022-07-07 03:27:04,It was a great app except now it cuts in and out sometimes for some reason. Sometimes it won't even play. Please fix this,5,0,,1,121,24,great app cut reason will not play fix
2022-06-12 18:47:49,Love listening to book and music. They have a very good selection. Very easy to use.,4,0,,1,84,16,love listen book music good selection easy use
2022-07-03 11:17:33,Spotify is good because it's got all my favourite songs on.,5,0,,1,59,11,spotify good get favourite song
2022-06-23 18:07:18,One of the best music streaming services out there. The premium membership is definently worth the price for no ads and higher music quality. Spotify also has a discover weekly playlist that based on your listening preferences will find new music for you. All in all Spotify is an amazing app give it a shot.,5,1,,1,308,55,good music streaming service premium membership definently worth price ad high music quality spotify discover weekly playlist base listening preference find new music spotify amazing app shot
2022-06-18 14:01:26,Best music platform ever,5,0,,1,24,4,good music platform
2022-05-30 19:53:23,Useless. Only keep ask paying for membership. If only want paid users advertise as paid app. Not as free app. Ridiculous app sure.,1,0,,0,130,23,useless ask pay membership want pay user advertise pay app free app ridiculous app sure
2022-06-02 21:58:35,Just plain terrible. Will not show my downloaded podcast when I go offline. If I could find another to use I would.,1,0,,0,115,22,plain terrible download podcast offline find use
2022-06-03 17:27:34,Thanks to Team Very best and vast collection of old and new songs super,5,0,,1,71,14,thank team good vast collection old new song super
2022-07-02 15:24:27,"THIS IS A GOOD APP ESPECIALLY FOR SOMEONE WHO LIKES MUSIC !! (man i can't really function well without spotify honestly) The only problem is, why can't I subscribe to a premium plan using smart courier? As a student, that's the only way I can pay for premium. It only says ""oops, something went wrong, please try again."" which happened to me lots of times. The GETPIN method used to work really well but now I can't get a pin. What to do? Or are you able to fix this? :(",5,0,,1,470,91,good app especially like music man not function spotify honestly problem not subscribe premium plan smart courier student way pay premium say oops go wrong try happen lot time getpin method work not pin able fix
2022-06-16 10:08:29,App is horrible. Won't stop asking me about Bluetooth. To select a JRE episode I have to scroll forever then tap it you can't hit play from the search engine you'll tap it and it does nothing. Been an issue for around a year or more lol,2,0,,0,236,47,app horrible will not stop ask bluetooth select jre episode scroll forever tap not hit play search engine ll tap issue year lol
2022-06-13 17:56:49,"Has to stop playing me russian songs ! I only have Ukrainian songs in my lists, but more than half the songs it's reccomending are russian...",1,0,,0,141,26,stop play russian song ukrainian song list half song reccomending russian
2022-06-24 18:03:51,Very good aap whichever I hope to play my favorite song this aap fulfill my desire Thank you very much spotify,5,0,,1,110,21,good aap whichever hope play favorite song aap fulfill desire thank spotify
2022-06-02 02:24:51,My favorite music app. Hands down. I don't deal with ANY issues. Ever. Well other than all the spanish ads when I don't speak the language but that's manageable. Totally recommend,5,0,,1,179,31,favorite music app hand not deal issue spanish ad not speak language manageable totally recommend
2022-06-21 17:30:33,app is good but I agree with the reviews 😵‍💫 but cmon let us chose whatever song we want but with ads I prefer to listen to my music in order but atleast with ads instead of paying to chose what song I want to listen to ad free😭😭😭,5,0,,1,230,49,app good agree review cmon let chose song want ad prefer listen music order atleast ad instead pay chose song want listen ad free
2022-06-08 21:13:12,This is the best thing in th world and it has all of the best songs,5,0,,1,67,16,good thing th world good song
2022-06-12 04:26:36,My favorite app better then Pandora and YouTube music,5,0,,1,53,9,favorite app well pandora youtube music
2022-06-08 17:56:24,"Poor customer support. With how much money Daniel Ek makes off this, he should at least spend a couple more bucks to provide quality customer support with a phone number. Daniel Ek stop being a cheap dildo.",1,0,,0,206,37,poor customer support money daniel ek make spend couple buck provide quality customer support phone number daniel ek stop cheap dildo
2022-06-15 12:27:30,"everytime I opened music that I want , it's will changed to recommend song that I don't like, and I can't even skip",1,0,,0,115,23,everytime open music want change recommend song not like not skip
2022-06-16 20:35:45,The app will stop play when the screen timeout and I'll have to log out and back in. Also the audio will stop and the player will disappear so I can't pause or skip. Closing the app does not fix it. It is happening more often which is very frustrating since I pay for a subscription.,2,1,,0,283,56,app stop play screen timeout ill log audio stop player disappear not pause skip close app fix happen frustrating pay subscription
2022-06-27 01:23:00,Variety and awesome music,5,0,,1,25,4,variety awesome music
2022-06-09 02:16:54,Great app 👍. It has a lot of ads but if you buy premium it's great.,5,0,,1,67,16,great app lot ad buy premium great
2022-06-27 06:50:03,5 ads before I can listen to one song,2,0,,0,37,9,ad listen song
2022-06-20 20:20:10,Hi I love this app so much but there is only 1 problem why I can't open ishowspeed shake song can. U please fix this ;( i can't quit this app I love it so much,5,0,,1,159,36,hi love app problem not open ishowspeed shake song fix not quit app love
2022-06-22 10:56:44,"""Local"" songs get flagged as unplayable constantly, they dropped support for Kenwood / JVC head units, it uses far more data than it has any right to, syncs terribly and requires a lot of fuffing around to do basic functions. There's not much there worth your time - they've gotten the user base, and now they're complacent and no longer care about making the user experience any good.",1,2,,0,385,68,local song flag unplayable constantly drop support kenwood jvc head unit use far datum right sync terribly require lot fuffe basic function worth time ve get user base complacent long care make user experience good
2022-06-18 08:15:33,"I wish I could rate this app more but that's definitely not happening. My experience with this app has been nightmarish considering all I wanted to do was listen to music. First, this app is about music, right? Well, in my case, the music DID NOT EVEN PLAY. It would show it was playing, but it wouldn't make any sound. I can assure you this had nothing to do with my device volume. As for the playlists, THEY NEVER EVEN LOADED. This does not have anything to do with WiFi, either.",1,41,,0,481,91,wish rate app definitely happen experience app nightmarish consider want listen music app music right case music play play not sound assure device volume playlist load wifi
2022-06-30 23:19:56,I didn't realize until it went away that it starts you off with a free sample of premium. I liked the app until premium went away. Now you can't even pick the songs you want. You can only shuffle playlists. And if you try making your own Playlist Spotify adds songs to it that have nothing to do with the ones you added yourself. Over all I'm very disappointed with my experience with this app. It's pretty cool with premium but the free version is disappointing.,1,24,,0,463,86,not realize go away start free sample premium like app premium go away not pick song want shuffle playlist try make playlist spotify add song one add disappointed experience app pretty cool premium free version disappointing
2022-06-29 04:51:17,To many adds . After a song you get a add this goes on and on.,1,0,,0,62,16,add song add go
2022-07-07 18:21:04,"Great app for playing music, although when I search up a song I want to play, after all the adverts have played, I have to skip through multiple different songs and sometimes I don't have enough skips to get to the song I want so most of the time I go on yt and play it because I can't be bothered waiting for songs i don't know to finish playing!",4,0,,1,347,70,great app play music search song want play advert play skip multiple different song not skip song want time yt play not bother wait song not know finish play
2022-06-28 21:39:28,Android app seems to get stuck in a loop when playing a large playlist - about 1000 songs. Seems to repeat 20 - 40 songs over and over. Deleting and reinstalling the app fixes is but only temporarily.,4,0,,1,200,38,android app stick loop play large playlist 1000 song repeat 20 40 song delete reinstall app fix temporarily
2022-05-31 02:03:30,I hear music that not played on the radio I enjoy my selection of music,5,0,,1,71,15,hear music play radio enjoy selection music
2022-06-24 19:25:22,Best music app around.,5,0,,1,22,4,good music app
2022-06-06 09:41:57,Very good good good good app...... appreciate it!!!!!!!!! Please,5,0,,1,64,9,good good good good app appreciate
2022-07-07 08:19:48,"Hi 👋. I love Spotify, I received Spotify premium for free for 2 weeks. Thank you Spotify. I found it great and I will still keep using Spotify as is until I get a good feel for the app.",4,0,,1,185,39,hi love spotify receive spotify premium free week thank spotify find great spotify good feel app
2022-06-19 15:22:00,If you have premium this app is so cool and you can find most songs in good quality. It also recommends a lot of really good songs for me!,5,0,,1,138,29,premium app cool find song good quality recommend lot good song
2022-06-15 02:00:01,Its the problem with login. I have an account logged in with my number and damn..after the recent update it sucks. I have been using spotify and its the best so as far concerned..the ads are too many.. please fix any problem with bugs and the system...and please look into the problem where i cant even get log in,5,2,,1,313,59,problem login account log number damnafter recent update suck spotify good far concernedthe ad fix problem bug systemand look problem not log
2022-06-30 12:36:09,I like to listen the songs,5,0,,1,26,6,like listen song
2022-07-06 14:29:46,Great app for music,5,0,,1,19,4,great app music
2022-06-15 17:15:41,Its just the best music app,5,1,,1,27,6,good music app
2022-07-02 08:37:49,I just love Spotifyyyyyyy!!!!,5,0,,1,29,4,love spotifyyyyyyy
2022-06-18 16:12:05,This app is so so so so ruined they have to make it so I can at least choose any song I want they can keep any other feature all I want is to play my favorite songs that's all and they have ruined pls make it so you can choose any song you want,1,0,,0,244,55,app ruin choose song want feature want play favorite song ruin pls choose song want
2022-06-03 05:18:58,i play mt playlist. bu instead spotify keep on playing other music which i am not recognize and not even in my playlist list,2,0,,0,124,24,play mt playlist bu instead spotify play music recognize playlist list
2022-06-13 18:25:44,"Its worse app m trying from yesterday neither I can't search any song nor able to play songs in my playlist eyery time it pop up ""oops!! Something went wrong"" . Disgusting!! Not it's trouble playing my songs I don't it stop in the middle of any song Disgusting application",1,1,,0,272,50,bad app try yesterday not search song able play song playlist eyery time pop oops go wrong disgusting trouble play song not stop middle song disgusting application
2022-06-02 11:05:25,Expensive plans as well as garbage free version. Switched back to YouTube again,1,0,,0,79,13,expensive plan garbage free version switch youtube
2022-06-24 09:02:39,Just love love this app my speaker is on all the time 5 star,5,0,,1,60,14,love love app speaker time star
2022-06-06 19:24:19,"I pay for the family membership and it's worth every penny. I don't have to deal with ads, can queue up whatever songs I want, change songs when I want, and the selection of music to add to playlists is practically infinite. Even if I can't find the exact song I'm looking for I can upload it myself from another source. An overall awesome app! Don't listen to the cancel culture nonsense.",5,389,,1,389,72,pay family membership worth penny not deal ad queue song want change song want selection music add playlist practically infinite not find exact song look upload source overall awesome app not listen cancel culture nonsense
2022-07-05 17:02:16,100% satisfied with this app. We can search and hear any songs and make playlist. Love this app👍🏻👍🏻👍🏻,5,0,,1,101,18,100 satisfied app search hear song playlist love app
2022-07-04 14:18:28,Brilliant app. I use it all the time. The only thing wrong with it is that for phone users the music is stuck on shuffle if you don't have premium. If you removed this it'd make the app better to use. Otherwise it's a handy thing to have.,4,0,,1,238,48,brilliant app use time thing wrong phone user music stick shuffle not premium remove app well use handy thing
2022-07-08 16:57:55,Because this app have so many ads and also some songs are not.,4,0,,1,62,13,app ad song
2022-06-27 13:10:05,"Unless connected with mobile data, it shows no connection and the wifi access to app is allowed",1,5,,0,95,17,connect mobile datum show connection wifi access app allow
2022-06-15 08:51:25,One if the best music apps ever they have everything you want,5,0,,1,61,12,good music app want
2022-06-25 08:09:04,"When i first started useing this app it was all amazing but after the add free trial for new users ended it became a little worse since the add but yk I understand so i didn't mine much, but not too long ago idk what Happened something ended that made it impossible to hear music u chose, cant skip that much anymore, can put the song in a specific time or go back to the previous 1, and before i used to slide the screen in the middle to see the other song and now u can do anything without premium",1,1,,0,499,101,start use app amazing add free trial new user end little bad add yk understand not long ago idk happen end impossible hear music choose not skip anymore song specific time previous slide screen middle song premium
2022-06-01 09:54:04,I can't play the songs it's showing you are offline but i have put net pack,2,0,,0,75,16,not play song showing offline net pack
2022-06-23 01:27:08,Been using it for years. Great app.,5,0,,1,35,7,year great app
2022-07-01 00:07:09,I can listen to the music I prefer.,5,0,,1,35,8,listen music prefer
2022-06-25 03:14:28,"This is good, but can we get a ""friends activity"" in mobile version, please, make it realtime.",2,0,,0,94,17,good friend activity mobile version realtime
2022-06-28 07:34:30,I can find almost anything I want to listen to.,5,0,,1,47,10,find want listen
2022-07-03 09:39:39,Spotify's is an amazing app to listen to music but the only problem is that we can't keep the songs in the order we wish for and there is a big problem of ads in between....We can't break free of ads until we upgrade to premium...,4,0,,1,230,46,spotifys amazing app listen music problem not song order wish big problem ad betweenwe not break free ad upgrade premium
2022-06-20 14:45:24,"If you like loud music Spotify is not for you, I have premium and I tried all the settings and equalizer and the volume doesn't compare to SoundCloud or others. Every app sounds fine in headphones except for Spotify. Volume limiting is un-American and shouldn't be allowed or what's the point of having expensive headphones?",1,0,,0,324,55,like loud music spotify premium try setting equalizer volume not compare soundcloud app sound fine headphone spotify volume limiting unamerican not allow point have expensive headphone
2022-06-03 04:16:38,I need lyrics but all songs don't have lyrics,1,0,,0,45,9,need lyric song not lyric
2022-05-31 17:45:03,Its keep crashing after i start playing music,1,1,,0,45,8,crash start play music
2022-06-22 13:24:14,"I'm a premium user. When playing downloaded songs offline the app will suddenly stop or crash even if the phone screen is on. This has been for a long time and i have been praying that an update will fix this. After many updates, however, the issue persist. The same issue was experienced in the phones of my wife and daughter. Please resolve this once and for all. We are paying for premium just to play our songs offline and this persisting issue is not fair to us.",1,507,,0,467,88,premium user play download song offline app suddenly stop crash phone screen long time pray update fix update issue persist issue experience phone wife daughter resolve pay premium play song offline persisting issue fair
2022-06-18 16:06:54,"Listen on Spotify every day. If I want to listen to a particular artist, I can.",5,0,,1,79,16,listen spotify day want listen particular artist
2022-06-05 18:10:25,"Used to have no problem playing any songs, but suddenly the app crashes everytime I started to click the play button! I have to restart my phone every once in a while due to this issue. Please fix it!",2,0,,0,200,39,problem play song suddenly app crash everytime start click play button restart phone issue fix
2022-06-03 14:12:26,Sometimes The Playlist I am playing not plays the next song it plays any other song from a old playlist I selected (Even After I close and open again it doesn't get fixed). Kindly make a refresh button for songs or playlist. Thank You,4,0,,1,234,44,playlist play play song play song old playlist select close open not fix kindly refresh button song playlist thank
2022-06-27 07:50:57,If you buy premium you will recieve no add but if you use it for free there are songs between the advertisement 😂,1,0,,0,113,23,buy premium recieve add use free song advertisement
2022-05-30 16:29:22,I downloaded the new update & now the show sound like Mickey mouse on drugs! Talk fast can't understand! Fix this app and stop all the stupid updates,1,0,,0,149,28,download new update sound like mickey mouse drug talk fast not understand fix app stop stupid update
2022-06-10 20:08:46,Great app for enjoying personal music,5,0,,1,37,6,great app enjoy personal music
2022-06-12 00:01:50,Shite app very slow keeps saying I don't have an Internet connection when I do can't believe I pay for this shite,1,0,,0,113,22,shite app slow keep say not internet connection not believe pay shite
2022-06-14 09:02:09,I have never seen a app like Spotify to listen to song.best app👍❤️,5,0,,1,66,13,see app like spotify listen songb app
2022-06-23 18:17:12,Wonderful app easy to use,5,0,,1,25,5,wonderful app easy use
2022-06-05 21:54:39,It's really dumb how I can't cancel my premium on the app and the fact that they don't have a call center for help is a big downside since I can't contact them personally to cancel a subscription to an account I can no longer access,1,0,,0,232,46,dumb not cancel premium app fact not center help big downside not contact personally cancel subscription account long access
2022-06-10 09:05:19,Absolutely love it 100 out of 100,5,0,,1,33,7,absolutely love 100 100
2022-07-06 00:54:10,"Don't use this app, don't give your money to Spotify. Switch to bandcamp and actually support artists and not be force fed platform exclusives daily or be bombarded with ads in your listening. Latest update appears to have completely borked the shuffle function, frequently goes over songs that were playing only minutes before.",1,2,,0,328,53,not use app not money spotify switch bandcamp actually support artist force fed platform exclusive daily bombard ad listening late update appear completely borke shuffle function frequently go song play minute
2022-06-30 05:35:07,This app contains no songs from இணைந்த கைகள் movie in tamil movie and many other tamil movie song,1,0,,0,97,18,app contain song    movie tamil movie tamil movie song
2022-06-25 12:42:33,Great choices of music!!!,4,0,,1,25,4,great choice music
2022-06-17 14:55:21,"I have no idea if something's wrong with my Phone, but the new GUI is so confusing now, I can't choose specific songs on my playlist and it forces me to listen to suggestions, this is not improving the app in any way, shape, or form, please revert this back to the old GUI.",2,0,,0,273,54,idea something wrong phone new gui confusing not choose specific song playlist force listen suggestion improve app way shape form revert old gui
2022-06-05 06:02:49,"I have had spotify for a couple months now and I have not had one problem with it! It's great, all the music you can think of. This is why I reccomend spotify and why I gave it 4 stars. Great app!",4,0,,1,196,42,spotify couple month problem great music think reccomend spotify give star great app
2022-06-20 04:17:08,"I really hate this app, i can't even listen to the music i like because you have to be premium, really don't recommend this and would prefer any othe music app",1,0,,0,159,31,hate app not listen music like premium not recommend prefer othe music app
2022-06-13 10:50:42,"Decent, when it works. It's always been buggy, but now it straight up deletes my offline music on my galaxy watch. One of the primary features of the app. It's like no one at Spotify does UAT before posting updates.",2,0,,0,215,40,decent work buggy straight delete offline music galaxy watch primary feature app like spotify uat post update
2022-07-06 14:34:41,The app is super awesome... i got no complains... I'm so so happy... Some songs don't have lyrics i think they have to sort that out but so far so good👍🏾,4,0,,1,153,31,app super awesome get complain happy song not lyric think sort far good
2022-06-09 11:43:03,getting crashed again and again,1,0,,0,31,5,get crash
2022-06-12 12:39:06,"Really good selection and the ads aren't that bad , I actually get a lot of candy ads n and up buying reese's lol ! I'm enjoying using it at home outside doing yardwork, keep carrying Joe Rogan, and small artists like The Sober Junkie And Whiteloaf .",5,0,,1,250,48,good selection ad not bad actually lot candy ad buy reese lol enjoy home outside yardwork carry joe rogan small artist like sober junkie whiteloaf
2022-06-26 06:30:02,So far so good keep up the good job,4,0,,1,35,9,far good good job
2022-06-14 13:30:39,I can't even play the music I want because it's playing something else I don't like!!! Fix it now!!,1,0,,0,99,19,not play music want play not like fix
2022-07-04 14:35:04,"It is so accessible when using another app, and I am satisfied while using this app",4,0,,1,83,16,accessible app satisfied app
2022-05-30 19:47:38,"Very confusing UI, hard to find things like my queue, podcasts I'm following, etc. Can't seem to turn off shuffle by default. I'll play an album, turn off shuffle, then the next song is not from the album I'm playing? Very bizarre behavior and overall bad UX. It's a shame, because the content is great and the desktop version has a more straightforward ux (though not great there, either).",2,2,,0,390,69,confusing ui hard find thing like queue podcast follow etc not turn shuffle default ill play album turn shuffle song album play bizarre behavior overall bad ux shame content great desktop version straightforward ux great
2022-06-24 13:54:15,"Good app, but it is glitchy in the car and doesn't start playing automatically and randomly stops after a song. Also for no reason it stops you from liking songs. To fix it you have delete it and reinstall it. This has happened since I got it and it should be fixed.",4,0,,1,266,52,good app glitchy car not start play automatically randomly stop song reason stop like song fix delete reinstall happen get fix
2022-06-07 04:13:13,Love this app! But it keeps on shutting down everytime I start playing music. Is it only me? Or anybody else experiencing the same?,4,0,,1,131,24,love app keep shut everytime start play music anybody experience
2022-06-09 11:42:23,"Very decent app to listen music, the ads do irritate a bit, but that's fine since it's free!",5,0,,1,92,18,decent app listen music ad irritate bit fine free
2022-07-01 16:35:01,Always opens when connected to Bluetooth via vehicle. O select option not to auto start...still auto start. Would give 5 stars but this kills it for me.,1,0,,0,152,27,open connect bluetooth vehicle select option auto startstill auto start star kill
2022-06-01 06:53:49,I've been using Spotify for years and never has it even given me problems!!,5,0,,1,75,14,ve spotify year give problem
2022-06-04 11:13:43,"I brought the premium plan still Every time I click Spotify icon, it opens and closes automatically. It never allows me to play music on this app. Worst experience.",1,1,,0,164,29,bring premium plan time click spotify icon open close automatically allow play music app bad experience
2022-06-20 19:40:33,Good app great for podcasts and motivation,5,0,,1,42,7,good app great podcast motivation
2022-06-28 13:49:10,Thank you so much for fixing the bugs!!!❤️❤️,5,1,,1,44,8,thank fix bug
2022-06-09 22:17:52,"Everything is so good on premium. Sometimes it just doesn't want to play the song already playing after reopening the app, not a big issue at all. Premium was a good idea to get.",5,0,,1,178,34,good premium not want play song play reopen app big issue premium good idea
2022-06-05 16:48:43,It's Spotify. I have had a Premium account for forever. Great way to listen to music to decide whether to invest in a cd or lp or concert ticket. Updated score as popup ads are back.,1,3,,0,182,36,spotify premium account forever great way listen music decide invest cd lp concert ticket update score popup ad
2022-06-13 23:11:03,Spotify Spotify is the best,5,0,,1,27,5,spotify spotify good
2022-06-27 06:50:16,IM TRYING TO MAKE MY OWN PLAYLIST BUT SPOTIFY KEEPS PUTTING SOME SONGS IN MY PLAYLIST I KEEP TRYING TO MAKE A NEW PLAYLIST BUT ITS NOT WORKING I JUST WANNA MAKE MY OWN PLAYLIST PLEASE FIX THIS IF YOU DONT FIX IT IM FINNA DELETE THE APP,1,0,,0,235,48,try playlist spotify keep put song playlist try new playlist work wanna playlist fix not fix finna delete app
2022-06-01 23:36:23,I am able hear some of the best song ever this is why I gave Spotify 5 stars,5,0,,1,76,18,able hear good song give spotify star
2022-06-18 11:33:03,It finds your type of music 🎶 or suggests something in your taste of music it delivers!!,5,0,,1,88,17,find type music suggest taste music deliver
2022-06-13 17:20:20,I love being able to create my own playlists. I have over 50 in different music genres. Having the commercial-free Premium Package is the best of all!👍🏽🤩,5,0,,1,153,27,love able create playlist 50 different music genre have commercialfree premium package good
2022-06-06 04:53:41,Great music service plus not taking away sales from else where and very helpful,5,0,,1,79,14,great music service plus take away sale helpful
2022-06-28 22:56:58,"All the music I could ever want, and more! It's my understanding that Spotify doesnt censor out dissenting views in podcasts, That is why I signed up. So refreshing to see an organization with integrity!",5,0,,1,203,35,music want understanding spotify not censor dissent view podcast sign refreshing organization integrity
2022-06-18 08:05:00,Very nice but Dont Advertasment,5,0,,1,31,5,nice not advertasment
2022-06-30 07:06:23,"It's good app for music lover ,specialty who use music when they work",4,0,,1,69,13,good app music lover specialty use music work
2022-06-28 12:32:44,Ads should be limited,4,0,,1,21,4,ad limit
2022-06-14 13:01:26,This is the best app to listen songs .,5,0,,1,38,9,good app listen song
2022-06-29 16:34:41,"This is a great application, but you could have made settings to translate song lyrics to any language",4,0,,1,102,18,great application setting translate song lyric language
2022-06-05 14:54:55,Best app for listening music ever !,5,0,,1,35,7,good app listen music
2022-06-30 16:56:28,I used to have pandora but switched to this and never looked back highly recommend switching💯👌,5,0,,1,94,16,pandora switch look highly recommend switching
2022-06-08 18:27:35,Nice and easy to use.,5,0,,1,21,5,nice easy use
2022-06-02 18:20:48,Wish it had lossless audio for it's premium members like Apple Music...,5,0,,1,71,12,wish lossless audio premium member like apple music
2022-06-26 08:31:26,Very nice means for your favourite songs.,5,0,,1,41,7,nice mean favourite song
2022-06-30 15:13:35,Love being able to travel intimate to whatever decade I'm feeling atvthe moment!,5,0,,1,80,13,love able travel intimate decade feel atvthe moment
2022-05-31 09:15:34,"Pay for premium but the app is really buggy recently, have to log I'm and out, uninstall and reinstall, can't play podcasts....",1,0,,0,127,22,pay premium app buggy recently log uninstall reinstall not play podcast
2022-06-16 14:27:23,"Good app,but adds are annoying.",4,0,,1,31,5,good appbut add annoying
2022-06-13 17:51:52,So easy to use and so good cause ypu can listen to music even when you're phone is turned off and when on other apps,5,0,,1,116,25,easy use good cause ypu listen music phone turn app
2022-07-03 04:13:18,Honestly this app is just all around amazing. I have no bad things to say.,5,0,,1,74,15,honestly app amazing bad thing
2022-06-26 02:00:06,I gave this a low rating only because when I downloaded the app NOW it started screwing with my phone to the point where I had to delete it. The app never did it a year ago it just started and it is still the same phone,2,0,,0,219,47,give low rating download app start screw phone point delete app year ago start phone
2022-07-03 21:04:32,"Absolutely amazing ,i enjoy using this app .Its easy to use 😘",5,0,,1,61,12,absolutely amazing enjoy app easy use
2022-06-09 11:52:00,Why is it taking so long to play a song one after another????,1,0,,0,61,13,take long play song
2022-06-02 07:00:23,"Wouldn't play My Slaps any other way but Spotify!!! What I want,When I want,How I want!!!",5,0,,1,89,16,not play slap way spotify wantwhen wanthow want
2022-06-05 10:07:25,When I click on a song it plays this song I'm not clicking on,1,0,,0,61,14,click song play song click
2022-06-17 01:52:18,Music familiar 🎶 and I like it,5,0,,1,30,7,music familiar like
2022-06-16 13:14:18,"It's a good app, but the ads are sometimes annoying. Also it lags a lot, i don't know if my WiFi or my phone is the problem, but yeah overall good app.",5,0,,1,151,32,good app ad annoying lag lot not know wifi phone problem yeah overall good app
2022-07-05 23:28:28,"Right now as soon as I start vacation it is not working, not loading. I've uninstalled, reinstalled, forced stopped, restarted my phone. This is beyond annoying!!! Edit, got a new phone and app still not working!!! Everyone else in my family plan has a working spotify except myself and I am the plan account holder.",1,1,,0,316,55,right soon start vacation work load ve uninstalle reinstall force stop restart phone annoying edit get new phone app work family plan working spotify plan account holder
2022-06-28 08:14:13,Spotify is the best thing since sliced 🍞,5,0,,1,40,8,spotify good thing slice
2022-07-09 02:52:25,Best aap to listen music,5,0,,1,24,5,good aap listen music
2022-06-14 15:23:36,"Great App, links across devices and plays the things I love. Ideally you should subscribe to Spotify for optimum usage",5,0,,1,118,20,great app link device play thing love ideally subscribe spotify optimum usage
2022-06-03 09:29:12,"I really like the app,As it has every song! Its fun and you cab turn sound on while recording! This helps alot with making my trends and know when the song is starting.Thank you!!",5,0,,1,179,34,like appa song fun cab turn sound record help alot make trend know song startingthank
2022-06-23 23:25:27,It's really easy to use,4,0,,1,23,5,easy use
2022-06-23 10:18:13,"App is crashing,fix this as soon as possible.After opening App get crahed. You have not fix the app crash.Not fixed yet. Usless appyou guys can't fix app crash.",1,1,,0,160,28,app crashingfix soon possibleafter opening app crahe fix app crashnot fix usless appyou guy not fix app crash
2022-07-01 01:17:54,Very enjoyable and easy to use,5,0,,1,30,6,enjoyable easy use
2022-06-10 03:41:03,The thing that annoyed me is the shuffle why do you have to buy the premium to turn off the fricking shuffle it doesn't make sense Its better to watch on youtube,1,0,,0,161,32,thing annoy shuffle buy premium turn fricke shuffle not sense well watch youtube
2022-06-24 13:40:06,"Very nice app , but too much ads",4,0,,1,32,8,nice app ad
2022-06-05 02:46:02,Motherhacker podcast plays unexpectedly every day and I can't clear my history,1,0,,0,78,12,motherhacker podcast play unexpectedly day not clear history
2022-06-10 22:56:37,It's not letting me listen to music please tell me I don't have to get the premium just to listen to music,1,0,,0,106,22,let listen music tell not premium listen music
2022-06-04 01:13:14,Love listening to the radio station specially while I'm on my ice cream truck selling ice cream,5,0,,1,95,17,love listen radio station specially ice cream truck sell ice cream
2022-06-12 13:27:06,Gameing Also Gameing This is ironic but the Joe rogan experience is the game winner like for Joe rogan,5,0,,1,102,19,game game ironic joe rogan experience game winner like joe rogan
2022-06-21 21:01:16,Why did you feel the need to limit skipping songs and not allow to go back without premium,1,0,,0,90,18,feel need limit skip song allow premium
2022-06-25 12:22:40,It's really good and all but songs sometimes get deleted and that's pretty annoying,4,0,,1,83,14,good song delete pretty annoying
2022-06-04 14:55:48,Very worst app. So many Ads coming,1,0,,0,34,7,bad app ad come
2022-06-18 10:18:25,For some reason its accessible on my laptop but when I try on my device it just doesn't let me login I and I can't understand why,4,0,,1,129,27,reason accessible laptop try device not let login not understand
2022-05-31 00:44:54,I cant play music...and app shutdown after that...I use Vivo23e...pls fix this,5,1,,1,78,12,not play musicand app shutdown thati use vivo23epls fix
2022-06-27 06:15:09,"This app is just amazing We can listen all types of songs there And also of our fav artist like BTS,Neha kakkar,arjit singh,blackpink etc I love this app very much purple you 💜",5,0,,1,176,33,app amazing listen type song fav artist like btsneha kakkararjit singhblackpink etc love app purple
2022-06-27 14:35:01,"Too many ads. Just ridiculous. One ad= one song, again one ad= one song",1,1,,0,71,14,ad ridiculous ad song ad song
2022-07-06 08:40:47,Too much advertisement .. too much disturbing ...,1,0,,0,49,8,advertisement disturbing
2022-06-14 13:00:48,I love the music you offer!,5,0,,1,27,6,love music offer
2022-06-18 01:38:25,I really enjoy Spotify it includes all my favourite podcasts.,5,0,,1,61,10,enjoy spotify include favourite podcast
2022-07-02 07:20:21,Fine app if you want to pay for the service and I try to listen without premium service and you got to go through 10 ads before playing and you can only listen to your list as they play it and if you skip you only get 6 skips per hour to listen to your own song list. Wasn't this way when I started this app about a month ago... It's a shame,1,3,,0,341,73,fine app want pay service try listen premium service got 10 ad play listen list play skip skip hour listen song list not way start app month ago shame
2022-06-26 09:23:08,"This app is genuinely pissing me off. Can't listen to the songs I pick as somehow the app picks something completely unrelated instead. I'm not willing to spend money on features that I have for free on other streaming apps, but it would seem Premium is the only option for this app to even have a good experience. I'm uninstalling.",1,0,,0,332,60,app genuinely piss not listen song pick app pick completely unrelated instead willing spend money feature free streaming app premium option app good experience uninstalle
2022-06-29 13:42:05,"Love it!!!!!!! Music old and new, podcasts, make and share playlists.",5,0,,1,69,11,love music old new podcast share playlist
2022-06-18 15:39:21,"Never likes any streaming apps, they were BS and gave no real advantages. But I could not live without spotify. Often when my playlist ends, auto play similar songs works so well, that I find new songs I like and don't even notice that playlist ended half hour ago 😅 also, app itself is really good, like it a lot, I can download songs to play offline.",5,12,,1,352,67,like streaming app bs give real advantage live spotify playlist end auto play similar song work find new song like not notice playlist end half hour ago app good like lot download song play offline
2022-06-15 14:16:55,"When i click on the song i want to play, it plays a different song :( how to fix?",4,0,,1,81,19,click song want play play different song fix
2022-06-10 11:22:30,I love this app and this app will be helpful for k-pop Stan's cause when a new song idols made and after some sec we can find it in Spotify....but sometimes for the ads I get distracted by the song so that's a only trouble for me nothing more I just love this app✨💜,5,0,,1,265,54,love app app helpful kpop stan cause new song idol sec find spotifybut ad distract song trouble love app
2022-06-15 08:17:01,Well I just got back yesterday and a few mins ago I was listening to my music and I had to restart my phone and it uninstalled the app and I reinstalled it then it told me I couldn't use my previous login 😡😡😡😡😡,1,0,,0,210,44,get yesterday min ago listen music restart phone uninstalle app reinstall tell not use previous login
2022-06-23 16:30:58,I can't say anything. Just awesome experience. I'm using it now with free benefits offered by you.😍😍😍😍 But plans are Little bit higher.😔,5,0,,1,136,23,not awesome experience free benefit offer plan little bit higher
2022-06-21 16:45:10,Too much ads,2,0,,0,12,3,ad
2022-06-07 07:50:32,"Really good , crashes sometimes",5,0,,1,31,5,good crash
2022-06-23 02:18:15,This app has amazing sound quality.but can't download music from this app and many as issues also after all good 👍,2,0,,0,114,21,app amazing sound qualitybut not download music app issue good
2022-07-05 00:09:22,This app doesn't let your critique anything; whether it be like racist or single minded podcasts like behind the bastards or necronomipod. I find it quite humorous that such a large business could be so reckless when so many of their podcast creators destroy lives without little to any evidence.,1,0,,0,296,50,app not let critique like racist single minded podcast like bastard necronomipod find humorous large business reckless podcast creator destroy life little evidence
2022-07-04 01:16:49,"This app was ok but it freezes the music while playing games, then when you press play, it restarts the song or skips ... Fix pls",1,0,,0,129,26,app ok freeze music play game press play restart song skip fix pls
2022-06-25 19:24:29,Good when the app isn't broken. Constantly pausing my music isn't fun,1,0,,0,69,12,good app not break constantly pause music not fun
2022-06-22 05:30:49,I can say this the best music app Much love Spotify,5,0,,1,51,11,good music app love spotify
2022-06-26 01:49:53,Very good mood settings..satisfied and approved!,5,0,,1,48,6,good mood settingssatisfie approve
2022-06-28 00:09:40,Good music good set up,4,0,,1,22,5,good music good set
2022-07-02 11:27:18,Super music player i enjoy it,5,0,,1,29,6,super music player enjoy
2022-06-06 01:22:16,I love it no adds and you can listen to favorite songs on different apps so very highly recommended,5,0,,1,99,19,love add listen favorite song different app highly recommend
2022-06-13 14:30:51,Very good music recommendations,5,0,,1,31,4,good music recommendation
2022-06-18 06:53:16,Many ads irritating,1,0,,0,19,3,ad irritate
2022-06-27 18:41:28,App can't not open without shutting down my phone. I've tried changing my password restarting my phone removing Google smart lock redownloading the app several times and nothing helps. Does not open the app at all!,5,0,,1,214,36,app not open shut phone ve try change password restart phone remove google smart lock redownloade app time help open app
2022-06-20 09:58:48,"Great interface with other apps!! Love you guys!!...Great sound definition too!! You clean up an original artists sound with augmentation to increase sound quality...well done!! So apps I have subscribed to leave me feeling very much ""let Down""...but not you guys. I am glad I have spent my money WISELY. To all you audiophiles out there check out this ""APP YOU WILL BE RIGHT BACK"".......I promise ..Great App!!",5,0,,1,411,68,great interface app love guysgreat sound definition clean original artist sound augmentation increase sound qualitywell app subscribe leave feel let downbut guy glad spend money wisely audiophile check app right backi promise great app
2022-07-03 02:35:34,Best one for the underground stuff.,5,0,,1,35,6,good underground stuff
2022-06-26 11:22:14,"Back in the day, Spotify was really good. You could use the free version, try it out and then decide if you want to buy it or not. A lot of premium functions where on the free version and the only thing you could do with the premium was download the songs. Now days they have become money grabbers. That's the only thing they think of. The free version is unusable. You cannot play a specific song , they add more song to you playlist and force you to buy it. I guess everything is money these days.",1,0,,0,499,98,day spotify good use free version try decide want buy lot premium function free version thing premium download song day money grabber thing think free version unusable play specific song add song playlist force buy guess money day
2022-05-30 16:46:20,But don't updated because if you not updated they the lyrics will be their but if you updated then I can fine the lyrics 🥺 pls fixed it,4,0,,1,135,28,not update update lyric update fine lyric pls fix
2022-07-03 02:49:13,Make it fully free cause we all need music!. ill give yah five stars you gotta be kidding with the extra pay just to use it with a Fitbit like woooooooooow just stop!,2,0,,0,166,33,fully free cause need music ill yah star get to kid extra pay use fitbit like woooooooooow stop
2022-06-03 02:24:32,Great platform to listen songs🎵,1,0,,0,31,5,great platform listen song
2022-05-31 12:08:09,Great music choices! Sound is great! Love it! Keep the sound playing in background but be able to mute or pause button control could be added forvconvenience!,5,0,,1,158,27,great music choice sound great love sound play background able mute pause button control add forvconvenience
2022-06-24 19:40:56,Total changed from good to worst😭💔 i even cant play my playlist youtube music is now even better,1,0,,0,96,18,total change good bad not play playlist youtube music well
2022-06-17 04:20:26,Its good but you can't have more than one person on the acc at a time,4,1,,1,69,16,good not person acc time
2022-06-28 18:33:06,So far it's okay we'll just grab more later when it starts playing a list of songs that I really like,4,0,,1,101,21,far okay grab later start play list song like
2022-06-14 23:13:20,Spotify is the way...,5,0,,1,21,4,spotify way
2022-07-03 14:39:59,Love Spotify. Great app!,5,0,,1,24,4,love spotify great app
2022-07-06 02:01:27,"it's a wonderful music app, and i definitely recommend. however, one issue i have is the imbalance between the different platforms. pc, almost everything you want from the app besides ""no ads"". tablet, quality is kinda the same on PC, but different because it's a tablet. phone, god, it needs to improve. ads, sure whatever, i get it. but not being able to choose what song to listen to and only 6 skips an hour? what if someone can't afford a tablet or PC? rethink this, because it's stupidly unfair",4,1,,1,500,90,wonderful music app definitely recommend issue imbalance different platform pc want app ad tablet quality kinda pc different tablet phone god need improve ad sure able choose song listen skip hour not afford tablet pc rethink stupidly unfair
2022-06-13 11:52:56,So far the apps works fine. Please strike a deal with Umobile Malaysia so that I can subscribe from them and don't need to buy gift card anymore for 3 months subscribtion. TQ Spotify,5,0,,1,182,34,far app work fine strike deal umobile malaysia subscribe not need buy gift card anymore month subscribtion tq spotify
2022-06-02 15:50:28,Really really it was very gud music player..not only for music..u can search for ur mood lik gym.. For travelling.. For God songs..for peace.. Really awsome..i kept so many music apps..after I downloaded it.. I deleted.. Every apps..,5,0,,1,233,38,gud music playernot musicu search ur mood lik gym travel god songsfor peace awsomei keep music appsafter download delete app
2022-07-05 05:40:59,I absolutely love spotify. I can play any music I want for free,5,0,,1,63,13,absolutely love spotify play music want free
2022-07-03 09:32:38,Spotify is interested song 😊😊😇😇,5,0,,1,31,5,spotify interested song
2022-06-18 17:39:52,New App. SO far so good after 6 months will add +* PS. Best of all types of music!,4,0,,1,82,19,new app far good month add ps good type music
2022-06-05 09:39:54,Updating again Even more unhappy with this app! It's been months now since it stopped working properly. It won't recognise my chromecast anymore! It can hardly connect to my car radio! Constantly closes itself even though when I WANT to exit the app it won't close in the background AT ALL unless I force stop the app. Honestly can't believe I'm paying premium for this many bugs??,1,5,,0,381,67,update unhappy app month stop work properly will not recognise chromecast anymore hardly connect car radio constantly close want exit app will not close background force stop app honestly not believe pay premium bug
2022-06-02 10:18:11,Easy to use and great range of music and podcasts.,5,0,,1,50,10,easy use great range music podcast
2022-06-22 19:12:33,Not able to block other apps from disrupting music,2,0,,0,50,9,able block app disrupt music
2022-06-06 00:10:37,Queue doesn't work sometimes. Oftentimes the control panel doesn't show up on the notification bar. Podcasts don't update regularly. Appears to be programmed by literal infants. Why tf am I even paying 10 bucks for this unreliable buggy mess ?! Edit: New Update came out. Didn't fix a thing. Still terrible. 2nd Edit: New update. Zero fixes. It's getting ridiculous y'all...,2,1,,0,374,61,queue not work oftentime control panel not notification bar podcast not update regularly appear program literal infant tf pay 10 buck unreliable buggy mess edit new update come not fix thing terrible 2nd edit new update zero fix get ridiculous
2022-06-19 02:05:31,Sometime network issue otherwise amazing,4,0,,1,40,5,network issue amazing
2022-06-04 17:53:38,Great place for music hub! New customer,5,0,,1,39,7,great place music hub new customer
2022-06-11 00:04:26,Great selection of 50-80's rock and country.,5,0,,1,44,7,great selection 5080s rock country
2022-06-30 19:05:58,love this app!!! podcasts also help me a lot.,5,0,,1,45,9,love app podcast help lot
2022-06-09 00:45:29,Amazing app and you should totally consider getting it if you don't already have it. The only down side about it is you have ads if you don't get premium buuut premium is ONLY $9.99.,5,0,,1,182,35,amazing app totally consider get not ad not premium buuut premium 999
2022-06-16 23:04:41,"China style censorship, need more free speech platforms like Rumble. Alex Jones was correct so you banned him and others. Banned.video for real information. Stand with freedom or lose.",1,0,,0,184,29,china style censorship need free speech platform like rumble alex jones correct ban bannedvideo real information stand freedom lose
2022-07-02 06:20:25,"This may be a good app until I wanted to play a song, a specific one to say. But it always shows a ""suggested"" song that I dont want and I cant even stand it anymore so please fix this cause all we want is some music.",1,0,,0,217,47,good app want play song specific show suggest song not want not stand anymore fix cause want music
2022-06-03 19:15:01,I'm very satisfied with all the options and how easy the app is to use.,5,0,,1,71,15,satisfied option easy app use
2022-06-08 01:57:47,"Spotify doesnt play the whole song most people complained.. I cleared cachae, data, and uninstalled it...it didnt work..im getting a better app🤪🤞🤑",1,0,,0,146,22,spotify not play song people complain clear cachae datum uninstalled itit not workim get well app
2022-06-21 22:21:44,Spotify constantly disconnects my bluetooth. Will not play songs. Pushs for Bluetooth. Why? Why are you pushing Bluetooth? I'm a hair away from canceling. Still no blocking capability! You're up to no goof like any other platform right now.,1,0,"Hey Jennifer, thanks for letting us know about this. We'll need a few more details to investigate so we can fix this up. We'd recommend reaching out to our support team by heading to https://support.spotify.com/ and searching for ""Contact us"". They'll be able to help with the rest of troubleshooting.",0,240,39,spotify constantly disconnect bluetooth play song pushs bluetooth push bluetooth hair away cancel block capability goof like platform right
2022-06-12 13:13:39,Very best music 🎵🎶 app I love it 🤗🤗🤗🤗🤗,5,0,,1,38,9,good music app love
2022-06-17 14:53:32,I have downloaded this app 6 times in a week and it keeps disappearing from my phone's apps. I don't understand why it keeps doing it and I'd like for it to stop but idk how. Help??,4,0,,1,181,37,download app time week keep disappear phone app not understand keep like stop idk help
2022-06-08 09:59:35,"I get an ad every 2 minutes, the skips are limited and I cant listen to the songs I want to. Do I need to say more?",1,0,,0,115,27,ad minute skip limited not listen song want need
2022-07-06 21:38:09,Love the different station and ease of use to find the artists and songs I like 👍,5,0,,1,81,17,love different station ease use find artist song like
2022-06-09 23:59:26,Nice songs on the play list🙂👍,5,0,,1,29,6,nice song play list
2022-06-11 21:29:35,The watch app is unreliable to the point of uselessness. The phone app constantly fails to connect to other devices playing music.,1,0,,0,130,22,watch app unreliable point uselessness phone app constantly fail connect device play music
2022-06-01 02:36:43,"The App keeps saying I'm offline every single time. I've tried ah available methods but still. To be honest, it's very irritating. You guys should a way to fix this considering the fact I've seen a lot of people complain about this problem.",1,0,,0,240,43,app keep say offline single time ve try ah available method honest irritate guy way fix consider fact ve see lot people complain problem
2022-06-04 20:08:14,"Love it, couldn't ask for nothing better. It knows your type of music from your playlists, found so many new amazing songs. I just wish when free trial Spotify premium comes out you don't need to put in card info since I don't have anything to put into the info. Other than that it's Amazing.",5,0,,1,292,55,love not ask well know type music playlist find new amazing song wish free trial spotify premium come not need card info not info amazing
2022-06-30 19:21:44,I was listening to music suddenly it stopped and they logged me out i am trying to log in several times with my one plus 7 but it is showing something went wrong,5,0,,1,161,33,listen music suddenly stop log try log time plus show go wrong
2022-06-26 06:53:52,Last update is so disappointing. You cannot play a single song without playing playlist. Shufft on playlist is pathetic,1,0,,0,119,19,update disappointing play single song play playlist shufft playlist pathetic
2022-06-22 01:39:35,"Pretty cool,but sometimes i ain't able to listen to all the songs",5,1,,1,65,12,pretty coolbut be not able listen song
2022-06-19 20:41:23,"Wish there was a cheaper option.$9.99 a month just to be able to skip more, replay, and skip backwards is ridiculous.",4,0,,1,117,21,wish cheap option999 month able skip replay skip backwards ridiculous
2022-06-30 17:40:23,The annoying back to back ads just spoils the whole mood.,1,0,,0,57,11,annoying ad spoil mood
2022-06-04 11:24:04,It is a very nice music app but there are lots of adds,4,0,,1,54,13,nice music app lot add
2022-06-25 23:37:50,Been able to listen to music that I haven't heard for years thank you Spotify,5,0,,1,77,15,able listen music not hear year thank spotify
2022-07-08 20:21:15,Great app great access to music but I wish you could listen to songs without wifi without getting premium.,5,0,,1,106,19,great app great access music wish listen song wifi get premium
2022-06-16 14:52:14,"The lyrics don't show up for me! I've uninstalled the app and cleared the cache many times, but it didn't help! Please fix it!!! Update: I updated the creators and after few days it finally worked!!!✨",5,1,,1,200,36,lyric not ve uninstalle app clear cache time not help fix update update creator day finally work
2022-06-28 23:08:14,Great app only problem is it is to big for me to keep on my phone Would be good if it was possible to move app to SD card,2,0,,0,121,29,great app problem big phone good possible app sd card
2022-06-23 07:25:36,new update removed my ability to add the app as a widget on my home screen.,4,1,,1,75,16,new update remove ability add app widget home screen
2022-06-04 12:27:16,Great music playlist,5,0,,1,20,3,great music playlist
2022-06-04 07:35:09,WHEN I PLAY A SONG IT TAKES ME TO THE HOME PAGE AND STOPS THE SONG PLEASE FIX IT,1,0,,0,80,19,play song take home page stop song fix
2022-06-23 08:57:52,"Please stop adding songs to my playlist 🙏 , you are ruining my day with those songs",2,0,,0,83,17,stop add song playlist    ruin day song
2022-06-18 14:20:42,"Pakistani song played on Indian plotform, how could Spotify do that? ... Very Disappointed with this cheating.. 😡😡",1,0,,0,114,18,pakistani song play indian plotform spotify disappointed cheating
2022-05-30 21:03:15,Spotify thinks you're too stupid to know what you want to listen to. That's the only conclusion I can come to. For the last several months they refuse to fix a glich that changes the playlist you selected to whatever Spotify thinks you aut to listen to. It's even more fun when it changes your kids play list to something kids shouldn't listen to.,1,4,,0,347,64,spotify think stupid know want listen conclusion come month refuse fix glich change playlist select spotify think aut listen fun change kid play list kid not listen
2022-06-28 05:42:32,Pay for premium & Podcast still have automatic ads on top of a podcasts sponsor too. We are entering the age of none stop ads.,2,2,,0,126,25,pay premium podcast automatic ad podcast sponsor enter age stop ad
2022-06-21 03:59:02,It's so amazing I use this app every single day!,5,0,,1,48,10,amazing use app single day
2022-07-05 16:59:21,"Even after paying for premium, it's not getting reflected.",5,0,,1,58,9,pay premium get reflect
2022-07-06 08:54:37,Auto play random songs. It is non sense frustrating. I have set auto play off and it still skip and plays random stuff. Utter garbage. Good quality in song is not answer to the random song recommendation.,1,0,,0,204,37,auto play random song non sense frustrating set auto play skip play random stuff utter garbage good quality song answer random song recommendation
2022-06-08 17:53:49,"When I open the app and click the play button for Playing a song, the app has crashed. Annoying...",1,0,,0,98,19,open app click play button play song app crash annoying
2022-06-15 16:07:11,It's the best music platform,5,0,,1,28,5,good music platform
2022-06-14 23:35:37,Thanks Excellent and very power fully good,5,0,,1,42,7,thank excellent power fully good
2022-06-28 14:39:49,I love this I can save the music that I listened 💗,4,0,,1,50,12,love save music listen
2022-06-12 02:59:06,Best music app i have ever tested,5,0,,1,33,7,good music app test
2022-06-23 19:58:26,Still a solid choice for music,4,0,,1,30,6,solid choice music
2022-06-10 22:49:52,Too many ads,1,0,,0,12,3,ad
2022-06-17 09:14:54,Impossible to use on lock screen anymore. Tried everything I could find Samsung Galaxy S20 FE Android 12,2,0,,0,104,18,impossible use lock screen anymore try find samsung galaxy s20 fe android 12
2022-06-18 16:39:38,"Have the premium service and I can pick the song, the artist, or the genre of music anywhere, anytime I like with no ads or interruptions. Unlimited skips if something doesn't fit my groove. Play straight through an album, a Playlist, or go random through liked songs. Even voice commands with Google and integration with Waze are a breeze. Two thumbs up 👍 👍",5,5,,1,358,64,premium service pick song artist genre music anytime like ad interruption unlimited skip not fit groove play straight album playlist random like song voice command google integration waze breeze thumb
2022-06-20 15:58:47,The thing I love about Spotify is if you have something you're listening to and you listen to it can you come back the next day and listen to it again I just love this app and it has every song you can think of.,5,1,,1,211,45,thing love spotify listen listen come day listen love app song think
2022-07-09 07:25:14,"I have used this app for the last 2 years straight, always use premium, it's an essential",5,0,,1,89,17,app year straight use premium essential
2022-07-03 20:21:29,"Fantastic app. Had it for years, only sucks when your broke for a bit you lose playlist but they do keep it until your back on top. Great quality sound.",5,0,,1,152,30,fantastic app year suck break bit lose playlist great quality sound
2022-06-25 12:57:31,One of the weakest app I have used in my life after every song there is advertisement like come on the guy who invented this app and the way he is running the advertisement on it is a very stupid brain grow up its 2022,1,0,,0,218,45,weak app life song advertisement like come guy invent app way run advertisement stupid brain grow 2022
2022-06-21 02:26:39,This is getting worse and worse. 6 ads before you play music is ridiculous.,1,51,,0,75,14,get bad bad ad play music ridiculous
2022-06-26 04:48:16,"How about instead of the ""We added"" part you just let me have my playlist JUST with what I added?",2,0,,0,97,20,instead add let playlist add
2022-06-05 10:32:36,When I click on song to play then app close automatically.,1,0,,0,58,11,click song play app close automatically
2022-06-16 21:30:37,I don't know why they changed the option to heart a song on the locked screen. It was really helpful,4,0,,1,100,20,not know change option heart song locked screen helpful
2022-06-17 10:54:15,"I enjoyed listening to my music new and old, especially when I'm on my runs,bike riding.music free your soul and spirit.",5,0,,1,120,21,enjoy listen music new old especially runsbike ridingmusic free soul spirit
2022-06-03 08:32:20,It plays random songs that are not even in my playlist. I restart the app and the song that's not in my playlist is still playing.,2,0,,0,130,26,play random song playlist restart app song playlist play
2022-06-29 01:03:30,The songs are spirit filled songs they are beautiful,5,0,,1,52,9,song spirit fill song beautiful
2022-06-08 19:23:00,Good however I can't move the app from my system storage to my sd card...,4,0,,1,73,15,good not app system storage sd card
2022-06-20 13:04:45,I'm not able to add some song in playlist 😞😞,1,0,,0,44,10,able add song playlist
2022-06-30 04:41:30,"Autoolay problem. I've disabled the setting, but spotify still plays songs that are suggested instead of the actual songs that are in my Playlist. I have premium though, it's just straight up dogshit. Use youtube instead.",1,0,,0,221,36,autoolay problem ve disable setting spotify play song suggest instead actual song playlist premium straight dogshit use youtube instead
2022-06-15 19:02:05,I have been trying to change my subscription but can't find it. Not showing on my account. I don't know the third party. I can't be charged all the time automatically,1,0,,0,166,31,try change subscription not find show account not know party not charge time automatically
2022-06-09 01:58:42,Sensational music choice but make it easy for listening by not force play a Playlist we're not on it my faves then I was forced to hip hop,5,0,,1,138,28,sensational music choice easy listen force play playlist fave force hip hop
2022-07-03 04:24:28,I love it real simplicity,5,0,,1,25,5,love real simplicity
2022-06-19 19:30:48,Notification bar glitches.,5,1,,1,26,3,notification bar glitch
2022-06-01 15:01:58,Stop adding songs to my playlist,2,0,,0,32,6,stop add song playlist
2022-07-04 09:16:21,App keeps turning off since the last update,1,1,,0,43,8,app keep turn update
2022-06-30 04:18:19,App is very very nice song,5,0,,1,26,6,app nice song
2022-06-12 02:19:25,Music is flawless with spotify,5,0,,1,30,5,music flawless spotify
2022-05-31 01:05:20,"May switch to another service, have used spotify for years and it has been mostly a good streaming service. Until now, errors like: songs randomly not playing while on wifi or in good service, songs missing from my liked songs, at times you occasionally go to like a song and the heart doesn't light up so you're not sure if it's liked or not, additionally the sorting of Playlist is and always has been clunky. Right now it's streaming from phone to TV and playing but won't play on phone itself",2,2,,0,496,91,switch service spotify year good streaming service error like song randomly play wifi good service song miss liked song time occasionally like song heart not light sure liked additionally sorting playlist clunky right streaming phone tv playing will not play phone
2022-05-31 03:49:41,"Great music or podcast streaming app. Would recommend because its easy and simple to use. I use it on my xbox and it makes listening to things easier, there are a few issues but it works quite well because I can even connect my phone to it.",5,1,,1,240,47,great music podcast stream app recommend easy simple use use xbox make listen thing easy issue work connect phone
2022-06-27 12:51:38,"When I click on a sound , another start playing",1,0,,0,47,10,click sound start play
2022-07-09 03:30:28,Last two updates have ruined the app. Turns off mod song and shuffle is stuck on. So frustrating.,2,0,,0,97,18,update ruin app turn mod song shuffle stick frustrating
2022-07-01 10:19:32,Typical scum bag company makes it difficult to unsubscribe. Their algorithm is a waste of time it wont fund anythi g si.ilar to what u listen to.,1,1,,0,145,27,typical scum bag company make difficult unsubscribe algorithm waste time will not fund anythi siilar listen
2022-06-30 00:16:18,Stop those ads,4,0,,1,14,3,stop ad
2022-06-21 13:14:36,I really love this music app...alot,2,0,,0,35,6,love music appalot
2022-06-17 13:34:11,My Spotify app has stopped working completely. Can't play a song. Every playlist is shown as blank screen. Please solve it. I need Spotify.,2,1,,0,139,24,spotify app stop work completely not play song playlist show blank screen solve need spotify
2022-06-29 19:09:10,I love using this app just I want to close the app tab and play the music but otherwise l love it its great it has podcasts and plenty of music and its not to hard to find a song they also reccommend good songs for you its really nice! 10/10,5,0,,1,241,51,love app want close app tab play music love great podcast plenty music hard find song reccommend good song nice 1010
2022-06-23 19:09:29,Amazing for listening to music,5,1,,1,30,5,amazing listen music
2022-07-04 19:55:43,Absolutely ultimate music customized just for you. 15 year member,5,0,,1,65,10,absolutely ultimate music customize 15 year member
2022-06-21 05:42:29,It don't never put on the songs that I asked for to put on that's annoying,1,0,,0,74,16,not song ask annoying
2022-06-29 10:30:08,There are a lot of ads but hey its free. Aside from the ads I absolutely love this app. I like all diff types of music and this app has many options. I can listen to whatever I feel like at the moment.,5,1,,1,201,43,lot ad hey free aside ad absolutely love app like diff type music app option listen feel like moment
2022-06-17 02:15:06,I love Spotify's choice in recommendations . Also the variety in their generated music playlist.,5,0,,1,96,15,love spotifys choice recommendation variety generate music playlist
2022-07-05 18:56:15,I love the selection of music. Oldies that I knew my granny loved that I couldn't find elsewhere.,5,0,,1,97,18,love selection music oldie know granny love not find
2022-06-21 08:56:25,"Very nice music app with almost all music I know on it. Easy to make playlists and share music. Only too bad you cannot orden your playlists very efficiently. I listen to a lot of different genres and I have about 30+ playlists, which I cannot arrange top to bottom. Also showing your account to other spotify users, or accessing others accounts is a bit confusing but not entirely impossible, however, anyone who visits your account will initially only see your last 3 playlists. no clue why........",4,13,,1,500,87,nice music app music know easy playlist share music bad orden playlist efficiently listen lot different genre 30 playlist arrange show account spotify user access account bit confusing entirely impossible visit account initially playlist clue
2022-06-15 00:39:11,"Okay over all but even though I have premium, Spotify still plays ads. Never gonna buy any of the products and makes me hate the sponsors of the ads even more (Tim Hortons and Justin Bieber s u c k). Thanks Spotify 🤮 If I was the one paying for my premium, I'd probably find another music service.",2,0,,0,297,58,okay premium spotify play ad go to buy product make hate sponsor ad tim horton justin bieber thank spotify pay premium probably find music service
2022-06-21 02:41:25,One of the best apps I've found for music. There's very little you can't find on Spotify. No annoying adds. Runs smoothly. Love it!,5,0,,1,131,24,good app ve find music little not find spotify annoying add run smoothly love
2022-06-07 04:58:55,GOD THIS APP IS SO ANNOYING !! THE ADS ARE SO ANNOYING AND I ONLY GET FIVE SKIPS??? SPOTIFY SUCKS I DONT WANT YOUR STUPID PREMIUM BULL.,1,0,,0,135,27,god app annoying ad annoying skip spotify suck not want stupid premium bull
2022-06-09 20:16:24,"When did this app drop the bar so low that it has become such trash. Constant disconnections, anytime you pause and go back to the shuffle it plays all the songs that just played. It's honestly a pain in the butt just to make it work normally. Raise the bar and fix your ish.",2,0,,0,275,54,app drop bar low trash constant disconnection anytime pause shuffle play song play honestly pain butt work normally raise bar fix ish
2022-06-17 11:09:36,Wonderful! Awesome! Spectacular!,5,0,,1,32,3,wonderful awesome spectacular
2022-06-30 01:27:24,Inspitr of that good app for songs,5,0,,1,34,7,inspitr good app song
2022-07-08 16:41:52,"It provides best music quality than any other app, as it is more essential for good music experience. It has millions of songs and podcasts. So just enjoy listening music on Spotify. 😉☺",4,0,,1,185,33,provide good music quality app essential good music experience million song podcast enjoy listen music spotify
2022-06-23 17:35:38,Is in awesome music app. I love it,5,0,,1,34,8,awesome music app love
2022-07-03 19:39:12,"Opens to a black screen on Android 12, then crashes. Reinstall didn't fix the issue.",1,0,,0,84,15,open black screen android 12 crash reinstall not fix issue
2022-06-02 11:13:27,Nevermind last week this app was good but when the new update came it changed which is more worst since i can't play any music anymore.,1,0,,0,135,26,nevermind week app good new update come change bad not play music anymore
2022-06-27 17:35:56,After years of having a free account I have decided to get a premium subscription and I will never go back. I use this app for hours each day and it works well. Only issueI have is some of my liked songs will be unliked or become duplicated in my liked songs playlist.,5,0,,1,268,53,year have free account decide premium subscription use app hour day work issuei liked song unlike duplicate liked song playlist
2022-06-01 05:41:47,Bring back Pandora where you can play music on your watch without having to do anything on your phone. I don't understand why I have to be logged in on my watch and on my phone in order for Spotify to work on my watch.,1,0,,0,218,45,bring pandora play music watch have phone not understand log watch phone order spotify work watch
2022-06-24 14:17:07,"The reason a fee paying customer does not recieve ""lyrics"" when they're actually paying good money for the favility, is because hhe failt is at Spotify. Customer's shouldn't need to uninstall and reinstall and fanny around with their phones and trying all other manner of fixes. The fault is at Spotify not on thousands of people's phones like the stupid fixes posted on YouTube and a thousand other places suggest.",1,0,,0,415,70,reason fee pay customer recieve lyric actually pay good money favility hhe failt spotify customer not need uninstall reinstall fanny phone try manner fix fault spotify thousand people phone like stupid fix post youtube thousand place suggest
2022-06-02 19:19:03,It's a great way to listen to music and do something else😊😊😊,5,0,,1,60,12,great way listen music
2022-06-22 00:41:15,"Too many ads, and that isn't 30 minutes, it's like ten minutes.",5,0,,1,63,12,ad not 30 minute like minute
2022-06-27 02:45:11,It's amazing app to song platform,5,0,,1,33,6,amazing app song platform
2022-06-15 06:28:06,"Excellent streaming capabilities,wide variety of songs and podcast",5,0,,1,66,8,excellent stream capabilitieswide variety song podcast
2022-07-09 11:13:13,the videoke feature doesn't show in my device until now,4,0,,1,55,10,videoke feature not device
2022-07-07 09:07:08,Worst aapi search the songs but another song is playing,1,0,,0,55,10,bad aapi search song song play
2022-06-05 13:42:07,This is a best app for music playing and the 🎶 a song,5,0,,1,53,13,good app music play song
2022-06-21 16:00:30,Best musice platform on the planet 🌏 ✌️,5,0,,1,39,8,good musice platform planet
2022-06-18 21:34:58,"Wonderful, ideology ads a bit much",5,0,,1,34,6,wonderful ideology ad bit
2022-07-05 13:51:21,"I loved this app so much! I used it every day for hours and got premium. But recently my account won't let me play anything, and it changed the entire set up of my library, removing all my playlists. I tried to make another account and it's the same thing! I would be so happy if you could fix it! Because I love this app, I just can't play anything! (Problem solved! Thanks Spotify!)",5,2,,1,384,74,love app day hour get premium recently account will not let play change entire set library remove playlist try account thing happy fix love app not play problem solve thank spotify
2022-06-16 15:16:00,"It's free, has the music I like, there are a lot of commercials but they gotta pay their bills too, so not gonna hate on them for it. Overall pretty satisfied.",5,0,,1,159,31,free music like lot commercial get to pay bill go to hate overall pretty satisfied
2022-06-18 05:45:14,Love this! My kind of companion and the9 SC band's as well!,5,0,,1,59,12,love kind companion the9 sc band
2022-06-18 08:45:59,Very nice app with wide selection.,5,0,,1,34,6,nice app wide selection
2022-06-28 17:16:58,I always have service even working in a warehouse if I go out of town. I listen to music like people watch TV. Music is therapy and it's a constant thing in my house. I love the no ads/ commercials either,5,0,,1,204,41,service work warehouse town listen music like people watch tv music therapy constant thing house love ad commercial
2022-06-12 11:29:04,"Good, pleasent searches, good variety, appealing to all, considered people that couldn't afford to pay premium rates, and allowed the joy of music to all, a good well enforced music player!",5,0,,1,189,31,good pleasent search good variety appeal consider people not afford pay premium rate allow joy music good enforce music player
2022-07-03 14:00:01,Unable to dismiss the advertisements .. fix it,5,0,,1,46,8,unable dismiss advertisement fix
2022-06-04 05:12:00,"good app, too many ads. had it for 2+ years. you listen to 2 or 3 songs and get 4 ads. imo its too much",4,5,,1,103,25,good app ad year listen song ad imo
2022-06-24 07:18:44,Really like how I can create a playlist ..,5,0,,1,42,9,like create playlist
2022-05-31 01:03:40,"It wouldn't let me sign in, kept telling me I have no internet connection. Then when I did get in, after I select the episode I want to listen to, it keeps skipping through all episodes until it gets to the end of the playlist. Then it just starts playing random songs! I do not want Dermot Kennedy thank you very much..",1,1,,0,320,62,not let sign keep tell internet connection select episode want listen keep skip episode get end playlist start play random song want dermot kennedy thank
2022-07-05 13:30:06,"Randomly skips my songs, won't let me pick specific songs in my playlist, literally missing basic functions you can find in 99% of other music players if you don't buy premium, they want to make it as mind numbing and painful to use their app as possible so you can give them money for something that others can give you for free! Atleast with youtube I can pick songs from my playlist to play without skipping through my playlist with shuffle.",1,3,,0,444,81,randomly skip song will not let pick specific song playlist literally miss basic function find 99 music player not buy premium want mind numb painful use app possible money free atleast youtube pick song playlist play skip playlist shuffle
2022-06-29 04:09:34,"I love the downloads, although sometimes I would like for them to download a little faster, and if they had that singalong lyrics 2 that would be great",4,0,,1,151,28,love download like download little fast singalong lyric great
2022-07-05 22:31:02,"FIX SPOTIFY, I have explicit content on, yet it won't let me play the songs, FIX THIS PLEASE.",1,0,,0,93,18,fix spotify explicit content will not let play song fix
2022-06-13 07:09:08,i jave to redownload every few months cuz it suddenly decides tk stop working,4,0,,1,77,14,jave redownload month cuz suddenly decide tk stop work
2022-06-27 17:21:38,"Why can't I edit my suggestion experience, I don't want to see endless lists of music playlists.",1,0,,0,96,17,not edit suggestion experience not want endless list music playlist
2022-06-29 17:30:30,I am not able to open Spotify it just freezes when I try to open it on the main screen I can't listen to songs 😭 HELP!!!,2,0,,0,120,27,able open spotify freeze try open main screen not listen song help
2022-07-01 03:37:53,Cool app but why do u have2go2the extremes 2 delete sumthin.. Besides that 2 👍's up,4,0,,1,83,16,cool app have2go2the extreme delete sumthin
2022-06-05 16:45:58,"I've been using Spotify for a while now but I'd give it a 5 star, but since they took away the little preview for the songs and the ability to view other songs shuffled with it. The ad's are annoying but you get used to it. All I'm asking is to bring back the preview of the songs and to view the songs with it 😞😞",4,0,,1,313,66,ve spotify star take away little preview song ability view song shuffle ad annoying ask bring preview song view song
2022-07-09 05:52:02,I'm speechless this app is amazing.,5,0,,1,35,6,speechless app amazing
2022-06-22 02:03:53,Nice selection of music and them stories U share . Thanks for the music it's easier than in 1970' seeking music.,4,0,,1,112,21,nice selection music story share thank music easy 1970 seek music
2022-06-07 17:32:07,"Your loss... I tried to buy the premium package but Spotify kept telling me my card wasn't valid, even though my card is and there is a tiny bit of money in my bank account... That's ok because YouTube music account set up now.",1,0,,0,227,44,loss try buy premium package spotify keep tell card not valid card tiny bit money bank account ok youtube music account set
2022-06-07 02:59:03,"Very disappointed with this app. Idk why it's logging me out again and again. Also everytime I open it, it shows no internet connection even though I'm connected.",5,0,,1,162,28,disappointed app idk log everytime open show internet connection connect
2022-07-03 04:52:57,"Excellent quality overall! I very much appreciate that a person can close the app and still have the music playing. Also, WIDE VARIETY OF GENRES! Anything you can think of!",5,0,,1,172,30,excellent quality overall appreciate person close app music play wide variety genre think
2022-06-22 17:20:14,Worst app ever...i purchased premium duo twice to listen song with my friends.. In mobile app it show your package is active and in web it say no package purchase.. are you guys high or what? If you want free money just beg. Don't make stupid app's or just for once fix the issues.,1,0,,0,281,54,bad app everi purchase premium duo twice listen song friend mobile app package active web package purchase guy high want free money beg not stupid app fix issue
2022-06-14 17:44:45,Add to Playlist option doesn't appear when connected via Android Auto. Not sure if its the car or the app...,5,0,,1,108,20,add playlist option not appear connect android auto sure car app
2022-06-26 21:51:34,After update. Unable to control with my sport gear 3 watch. Would give negative stars if possible. It is really that bad!!!,1,0,,0,123,22,update unable control sport gear watch negative star possible bad
2022-06-29 10:29:28,This is a good app. And enjoying the song . sounds Quality is good.,4,0,,1,67,14,good app enjoy song sound quality good
2022-06-24 21:40:48,My recently listened to section had disappeared and plus half of my homepage is ads for podcasts that I couldn't care less about even though I've never listened to a podcast on Spotify before. This app keeps getting worse with each new update.,1,6,,0,243,43,recently listen section disappear plus half homepage ad podcast not care ve listen podcast spotify app keep get bad new update
2022-06-04 19:50:37,Terrible! Plays the same songs over and over...does not shuffle ever. Skips songs with out me pressing the button. Plays the same songs ive heard just hours before opening app again.,1,0,,0,182,31,terrible play song overdoe shuffle skip song press button play song ve hear hour open app
2022-06-26 16:12:00,Very poor integration with driving mode. Consistently plays random and erroneous songs when trying to make a selection using the voice assistant. Spotify pauses the assistant in driving mode when it's narrating outside of Maps. Issues reported time and time again. No fix in sight.,1,3,,0,281,45,poor integration drive mode consistently play random erroneous song try selection voice assistant spotify pause assistant drive mode narrating outside map issue report time time fix sight
2022-06-28 21:06:34,I don't play much music on my phone and I'm excited to use this app! Superb!,5,0,,1,76,16,not play music phone excited use app superb
2022-06-02 11:11:25,"Full of glitches these days. I often spend alot of time making a queue of songs, only to scroll up and find it hasn't registered it and all that effort was a waste of time. And you can't view your library in any logical order, like alphabetically. It's decent for music availability, but really annoying functionally",2,1,,0,316,56,glitch day spend alot time make queue song scroll find not register effort waste time not view library logical order like alphabetically decent music availability annoying functionally
2022-06-02 07:42:39,Been using Spotify for years - price to quality ratio is astounding,5,0,,1,67,12,spotify year price quality ratio astounding
2022-06-01 07:01:16,Excellent app and content,5,0,,1,25,4,excellent app content
2022-06-10 06:47:37,This has been a great deal with the best variety of affordable music to suit anyone's tastel,5,0,,1,92,17,great deal good variety affordable music suit anyone tastel
2022-07-07 09:04:52,"I rate you 4 because I ended up having 2 accounts,tngiba n Tngiba I wonder whether you going to charge twice",4,0,,1,108,21,rate end have accountstngiba tngiba wonder go charge twice
2022-05-31 21:42:57,Worth the premium and when it's free,4,0,,1,36,7,worth premium free
2022-07-08 15:58:08,"Love Spotify generally, but reading reviews I've been suffering a problem that many others are experiencing. Function bar disappearing, not allowing me to pause etc, also affects pausing using my headphones. Music keeps stopping on its own accord. It is so frustrating!!!",2,0,,0,271,42,love spotify generally read review ve suffer problem experience function bar disappear allow pause etc affect pausing headphone music keep stop accord frustrating
2022-06-29 23:50:37,"Music is perfect, podcasts are great idea for great information",5,0,,1,63,10,music perfect podcast great idea great information
2022-06-26 04:38:59,One of the best apps I downloaded so far. I get great use out of it.,5,0,,1,68,16,good app download far great use
2022-06-23 19:17:23,Always enjoyed this app. Every type of experience and type of music you need.,5,0,,1,77,14,enjoy app type experience type music need
2022-06-09 09:24:08,Very very nice app but sometime adds come so that is irritating 😁,5,0,,1,65,13,nice app add come irritate
2022-06-06 07:04:20,My Spotify app is closing automatically when I open and playing the song WT should I do now,1,0,,0,91,18,spotify app close automatically open play song wt
2022-07-08 22:34:31,So many songs there have only been a small handful I can't find or a certain version. Sometimes a song is taken off which sukc cause it was the only on there. Up to 1561 songs and still climbing. Love it,5,0,,1,203,41,song small handful not find certain version song take sukc cause 1561 song climb love
2022-06-03 15:13:41,"Awfull app . I thought there was something wrong with my phone or my car's android entertainment system but it was actually spotify app. Doesn't even work properly 🤷🏻‍♂️ .Constantly pausing randomly . Transitioned to tidal this week , well i can say for sure I'm never going for spotify again👎🏻. Tidal is little bit more expensive , but it offers way better sound quality AND THE MAIN THING IS THAT IT ACTUALLY WORKS UNLIKE SPOTIFY.",1,3,,0,432,76,awfull app think wrong phone car android entertainment system actually spotify app not work properly constantly pause randomly transition tidal week sure go spotify tidal little bit expensive offer way well sound quality main thing actually work unlike spotify
2022-06-21 07:24:56,Love it 😀 wayyyy better than pandora or any other music streaming services by a long shot. I haven't had any negative experiences other than when I started my spotifiy premium trial and it didn't let me listen without internet :/ overall the best streaming service on the app store. I 100% would recommend and would even argue in favor to this application.,5,3,,1,356,63,love wayyyy well pandora music streaming service long shot not negative experience start spotifiy premium trial not let listen internet overall good streaming service app store 100 recommend argue favor application
2022-06-21 23:50:10,Absolutely useless for uploading your music when it doesn't really track all the accounts because when I put my account name in. It's says their isn't even an account in the first place.,1,0,,0,186,33,absolutely useless upload music not track account account say not account place
2022-07-01 01:15:27,"what happened to ads every other 30 minutes. Now it's ads every 4-5 songs. So damn annoying dude. Please consider adding less ads, or some kind of solution. Thanks.",1,0,,0,164,29,happen ad 30 minute ad 45 song damn annoying dude consider add ad kind solution thank
2022-06-11 20:55:22,I love this app but some adds problem,4,0,,1,37,8,love app add problem
2022-06-29 04:40:17,Very good music excellent to listen to . A fantastic variety of music to choose from,5,0,,1,84,16,good music excellent listen fantastic variety music choose
2022-06-19 09:43:07,"Spotify pls help me!!! I logged out of my acc so when I tried to log in again I realised that I forgot my password, after trying I clicked join without psw and since I wasn't getting any link to my email I kept or redoing it, now it says ""too many attempt try again later"" what shud I do?!! How shud I reset it?! Spotify pls tell me what I shud do",4,0,,1,347,73,spotify pls help log acc try log realise forget password try click join psw not get link email keep redo say attempt try later shud shud reset spotify pls tell shud
2022-06-15 19:23:22,"I like the old generation music and enjoy listening to eightees, ninetees music.",4,0,,1,80,13,like old generation music enjoy listen eightee ninetee music
2022-06-16 08:00:28,"Good sound quality, collection ok but unfortunately Indian collection is not enough, ad shows too much, Premium membership too much costly",5,0,,1,138,21,good sound quality collection ok unfortunately indian collection ad show premium membership costly
2022-07-09 08:21:00,The load time is wonderful and very short and you don't have to wait long to hear the next best thing.,5,0,,1,102,21,load time wonderful short not wait long hear good thing
2022-06-06 18:57:19,Great music selection?,5,0,,1,22,3,great music selection
2022-06-19 18:06:08,"I am updating from 3 years ago. In the last week I have lost my entire library which consisted of $4,000 songs. I just removed the app and put it in again and still no library. The first page is there with recent plays and podcasts, etc. What is going on? I see a lot of not so good reviews when Spotify used to have wonderful reviews. I sometimes use Bluetooth and there's no library for me to play. Fix this bug.",2,12,,0,414,82,update year ago week lose entire library consist 4000 song remove app library page recent play podcast etc go lot good review spotify wonderful review use bluetooth library play fix bug
2022-06-11 17:42:27,"The app wasn't playing the song I clicked on in the playlist. Tried multiple times, it was just playing completely other songs that weren't even on the playlist.",1,0,,0,161,28,app not play song click playlist try multiple time play completely song not playlist
2022-06-24 21:45:05,"4 stars for now, 5th one will be there when I can find the option to play songs from device which aren't available on Spotify. Otherwise, a good overall experience",5,0,,1,163,30,star 5th find option play song device not available spotify good overall experience
2022-06-09 18:56:02,"Great music suggestions. In the last few months - even though Spotify runs ""unrestricted"" (no battery optimization) - the music tends to stop after a while. When I turn on the screen it continues. When the screen turns of the music stops again. So far only restart helps. (Pixel 3, Vanilla Android)",2,6,,0,298,52,great music suggestion month spotify run unrestricted battery optimization music tend stop turn screen continue screen turn music stop far restart help pixel vanilla android
2022-06-28 19:32:40,Why does this crash constantly?,2,0,,0,31,5,crash constantly
2022-06-27 10:14:34,If u dont buy premium They will put up so many ads thst you will be forced to buy premium Basically either u uninstall or buy premium,1,0,,0,133,27,not buy premium ad thst force buy premium basically uninstall buy premium
2022-06-09 11:48:55,"Its an awesome app for streaming music. You need it trust me. Hey Spotify team. Help my account, I can't renew my subscription since last month. All the cards I've tried using isn't going through whats up?",5,0,,1,205,37,awesome app stream music need trust hey spotify team help account not renew subscription month card ve try not go
2022-07-03 09:42:38,"While listening to long 4-5 hour podcasts, Spotify will lose track of where you are and start the whole thing from the start multiple times a day",1,1,,0,145,27,listen long 45 hour podcast spotify lose track start thing start multiple time day
2022-06-21 20:03:16,It wont let me even log in I have to change my country and whenever I click on log in with google it always says theres a problem have another go please fix it let me use the app it never works i wanna make a new account using the same email!!!,1,0,,0,244,52,will not let log change country click log google say problem fix let use app work wanna new account email
2022-07-07 15:48:38,It's won't shuffle the songs I have in my library or my liked songs. Since the update it won't shuffle the songs.,2,2,,0,113,22,will not shuffle song library liked song update will not shuffle song
2022-06-30 23:53:00,"I love the app , there is nothing wrong with it . Just perfect. I rate it 100/100.Thank you",5,0,,1,91,19,love app wrong perfect rate 100100thank
2022-07-03 08:26:31,Changed my review because the app didn't work for me. I accidentally logged out from my acc but when I tried to login again the app just blank(black). Nothing. I've restarted my phone and reinstall the app but still the same thing happened.,1,0,,0,240,43,change review app not work accidentally log acc try login app blankblack ve restart phone reinstall app thing happen
2022-06-10 09:59:19,Great app with all genres of music!,5,0,,1,35,7,great app genre music
2022-07-01 09:09:35,"no functions for convenient listening (I can't even pick the concrete song in the playlist), no pluses at all, uncomfortable application",1,1,,0,136,21,function convenient listening not pick concrete song playlist plus uncomfortable application
2022-06-09 04:23:16,Spotify is one of the best for podcasts & songs,5,0,,1,47,10,spotify good podcast song
2022-06-09 09:00:03,Smooth with highest satisfacción,5,0,,1,32,4,smooth high satisfaccin
2022-07-02 14:11:20,Great sound quality!!,5,0,,1,21,3,great sound quality
2022-06-14 16:58:54,Overall experience of app is very good but the most irritating level of ads compared to other apps providing same service. Switching to other app just because of too many ads. I hope you guys read the reviews.,1,2,,0,209,38,overall experience app good irritate level ad compare app provide service switch app ad hope guy read review
2022-07-07 23:59:22,So bad. Ads that will lag your device [S10] and will pop up and start playing random song's at random times. Try YT music and audible The programs MUST be trolling.,1,0,,0,164,31,bad ad lag device s10 pop start play random song random time try yt music audible program troll
2022-06-27 23:49:33,"Awesome layout and very easy on the eyes, love it and recommend for those who love there music loud. Thank you.",5,0,,1,111,21,awesome layout easy eye love recommend love music loud thank
2022-06-25 22:55:04,It's the best app in the store. Couldn't live without it.,5,0,,1,57,11,good app store not live
2022-06-12 19:00:21,"The sound quality is amazing , I've been using the app for some time now. There is a major issue with the network and loading , all other apps (including other music apps) work absolutely fine on my phone with the current network. Except Spotify , it doesn't load at all. After many attempts at restarting the app , it sometimes works well. No problems with any other features though 👍",2,4267,,0,385,71,sound quality amazing ve app time major issue network load app include music app work absolutely fine phone current network spotify not load attempt restart app work problem feature
2022-06-20 14:08:06,Just deleted this app because they play songs that are not even part of the playlist which is annoying. 👎👎👎👎,1,0,,0,108,20,delete app play song playlist annoying
2022-06-26 16:10:10,"It was good when I first got it, I could skip and go back but now my skips are limited and I can restart it. Im not paying to skip and choose a song. I'm going to a different app",2,0,,0,178,40,good get skip skip limited restart pay skip choose song go different app
2022-05-30 20:00:35,It's dope. I only wish that this platform could introduce live streams for podcasts. And also introduce music and podcast videos.,5,0,,1,129,21,dope wish platform introduce live stream podcast introduce music podcast video
2022-06-12 08:06:07,The only thing I don't like is ads😣,4,0,,1,35,8,thing not like ad
2022-06-04 18:21:51,"Can't play any songs, the second one starts to play the app crashes, I've tried restarting my device clearing the cache of the app reinstalling and logging out and in again. Nothing works, Worked after may end update after a few days in the starting of june same glitch appeared. Makes me want to never use the app again",1,1,,0,320,59,not play song second start play app crash ve try restart device clear cache app reinstall log work work end update day starting june glitch appear make want use app
2022-06-25 09:14:45,"I love this app, w premium is really enjoyable. The only thing I'm missing is a ""friends activity"" page, just as we have in computer devices, but in phones and tablets",4,1,,1,167,31,love app premium enjoyable thing miss friend activity page computer device phone tablet
2022-06-18 17:53:57,Easy to navigate and has all my favourite music,5,0,,1,47,9,easy navigate favourite music
2022-06-11 19:39:01,"Great app, but leave the politics out of it. I don't need or care for you to give me a opinion on anything. I can research and find facts for myself. Stick to bringing music and podcasts unfiltered and unregulated.",1,0,,0,214,40,great app leave politic not need care opinion research find fact stick bring music podcast unfiltered unregulated
2022-06-22 15:00:53,Best clear song app but app sound slow please fix thoda,5,0,,1,55,11,well clear song app app sound slow fix thoda
2022-06-02 16:58:56,"It makes enough money without telling you that you can't let your family have a device on your account. Just greedy trashy children, with an app. Uninstalled!",1,0,,0,158,27,make money tell not let family device account greedy trashy child app uninstalled
2022-06-26 15:34:42,too many advertisements,1,0,,0,23,3,advertisement
2022-07-02 13:20:38,Unable to open the app,1,1,,0,22,5,unable open app
2022-06-29 11:38:29,Great selection of music and podcasts,5,0,,1,37,6,great selection music podcast
2022-06-18 17:31:55,Can't listen to my music it always pause when it plays,1,0,,0,54,11,not listen music pause play
2022-06-16 19:03:49,"Loved the app for a while, then I opened it to listen to my Playlist and the app no longer let's me play that Playlist and it added a bunch of songs to it. Mildly disappointed.",1,0,,0,176,36,love app open listen playlist app long let play playlist add bunch song mildly disappointed
2022-06-28 23:43:42,spotify is by far the best way to listen to the music you love to stream and its free and premium allows you to keep your downloads and listen to them offline with premium amazing,5,1,,1,179,35,spotify far good way listen music love stream free premium allow download listen offline premium amazing
2022-06-21 16:16:06,Hifi Lossless quality audio streaming has to come,1,0,,0,49,8,hifi lossless quality audio streaming come
2022-07-07 01:47:37,The ads are too long..,1,0,,0,22,5,ad long
2022-06-03 10:20:06,Advertisement in every half hour is worst,4,0,,1,41,7,advertisement half hour bad
2022-06-19 10:06:55,Best music app .love it,5,0,,1,23,5,good music app love
2022-06-27 01:23:41,The only bad part is the ads,4,0,,1,28,7,bad ad
2022-06-03 08:56:22,"Reasonable range of tunes, but a few artists",4,0,,1,44,8,reasonable range tune artist
2022-06-17 07:21:09,Really good and easy to use! I like this app and I hope others install it to listen to their favorite music! And plus I like the fact that it also has lyrics to it too.,5,0,,1,168,36,good easy use like app hope install listen favorite music plus like fact lyric
2022-07-09 12:37:17,"usually I love the app, but I'm having the same problems everyone else is reporting. Random pauses, stops playing and doesn't restart, and currently I can't view the song or podcast I'm currently playing so I can't pause or skip back and forth. It's fairly unusable at this stage which isn't acceptable for a paid service.",1,2,,0,322,56,usually love app have problem report random pause stop play not restart currently not view song podcast currently play not pause skip forth fairly unusable stage not acceptable pay service
2022-06-01 18:43:02,I enjoy the selection of music and podcasts. I do wish how I pick my podcasts download for the day would go in the order like Amazon let me. Otherwise I'm enjoying Spotify!,4,0,,1,172,33,enjoy selection music podcast wish pick podcast download day order like amazon let enjoy spotify
2022-07-09 02:35:31,"Amazing and easy to use app, so good to use. 💜👀",5,0,,1,47,11,amazing easy use app good use
2022-06-18 05:14:15,Ads after every song ridiculous,1,0,,0,31,5,ad song ridiculous
2022-06-21 09:21:47,This app is so amazing you can choose Song Download now,5,0,,1,55,11,app amazing choose song download
2022-07-01 12:15:33,This app is complete trash. Other apps that provide the same service are much more useful than spotify,1,1,,0,102,18,app complete trash app provide service useful spotify
2022-07-04 18:56:33,Overall good app but to many ads,5,0,,1,32,7,overall good app ad
2022-07-02 17:08:30,The best music library,5,0,,1,22,4,good music library
2022-07-02 16:56:50,Great App ( can be lagy),5,0,,1,24,6,great app lagy
2022-07-08 14:19:03,"I love your music ..thank you so much for sharing this ,great job..",5,0,,1,67,13,love music thank share great job
2022-05-30 23:52:42,What is wrong spotify why is it everytime i play its always auto close,1,0,,0,70,14,wrong spotify everytime play auto close
2022-07-08 14:03:35,Logedin on my family premium plane to listen to music on plan flight and loged out wen u landed and I now just can't get in I have uninstalled it 3 times and it won't work,2,1,,0,171,36,logedin family premium plane listen music plan flight log wen land not uninstalle time will not work
2022-06-13 07:22:56,"This app refuses to work. All home page playlists show as empty, none of my playlists show up in my library, the app spins forever instead of playing anything, and attempting to make a playlist immediately crashes the app. I also cannot open playlists that others have created. I don't know why anyone would use this if you cannot even play a single song.",1,4,,0,355,64,app refuse work home page playlist playlist library app spin forever instead play attempt playlist immediately crash app open playlist create not know use play single song
2022-05-31 00:43:09,It sucks! I purchased for the premium and the app keeps crashing!,1,0,,0,65,12,suck purchase premium app keep crash
2022-06-10 18:01:54,I've used Spotify for a long time and it's never failed to remain consistent. It's also been extremely quick to notify me when my favorite artists and bands have new music releasing.,5,0,,1,182,32,ve spotify long time fail remain consistent extremely quick notify favorite artist band new music release
2022-06-13 16:50:32,"Hot garbage. Please dont support them by buying premium, they dont deserve it.",1,0,,0,78,13,hot garbage not support buy premium not deserve
2022-06-18 20:09:30,This app is good to listen to music,4,0,,1,35,8,app good listen music
2022-06-28 16:02:33,"It's amazing but as a beginning artist is not too fair, still couldn't live without it. Luvz on Spotify",4,0,,1,103,19,amazing beginning artist fair not live luvz spotify
2022-06-08 11:48:42,"Training, hiking,or just washing up. All things are better when I listening to Spotify",5,0,,1,86,14,train hikingor wash thing well listen spotify
2022-07-03 01:09:28,My favorite entertainment for my ears.,5,0,,1,38,6,favorite entertainment ear
2022-06-20 13:00:58,Please add a multi select feature,5,0,,1,33,6,add multi select feature
2022-06-11 13:18:37,The music selection is top choice,5,0,,1,33,6,music selection choice
2022-06-24 18:26:34,I do not like how you add your own music to the ones I add to my liked music then I have to skipp threw then to get to mine,1,0,,0,123,30,like add music one add liked music skipp throw
2022-06-07 10:45:43,It is showing network connection error whenever I open the app or try to login Iam unable to play songs can you suggest me Something to solve this problem,1,1,,0,154,29,show network connection error open app try login iam unable play song suggest solve problem
2022-07-05 14:51:32,App won't open. Just crashes,1,0,,0,28,5,app will not open crash
2022-06-02 16:21:13,App keeps stopping playing every 15 to 30 seconds. So buggy overall. Garbage for such a huge company.,1,0,,0,101,18,app keep stop play 15 30 second buggy overall garbage huge company
2022-06-12 08:20:17,"False advertising- ""30 minutes ad-free"" There are ads every two or three songs, so the claim at the beginning that I can listen for 30 minutes without advertising is false. I timed how long between ads-- exactly 7minutes, not your flasely claimed ""30min ad free""! This would be illegal under Australian consumer law FYI.",1,0,,0,320,54,false advertising 30 minute adfree ad song claim beginning listen 30 minute advertising false time long ad exactly 7minutes flasely claim 30min ad free illegal australian consumer law fyi
2022-06-01 00:22:28,Spotify has just turned up side down in negative context ...three 30 sec ads in a go as if it thought we are it's ardent follower and lack other options.,1,0,,0,153,30,spotify turn negative context 30 sec ad think ardent follower lack option
2022-06-05 11:03:45,Love this app! Always listening to my music everyday on Spotify,5,0,,1,63,11,love app listen music everyday spotify
2022-06-14 23:31:54,"Thanks for taking away my widget, now I have to use a older version and not update your app :)",5,1,,1,94,20,thank take away widget use old version update app
2022-06-25 21:35:54,"The app was amazing when I could scroll through my Playlist. But after the update I can't. You can shuffle it and stuff but you can't scroll though and pick your music, that's why I downloaded in the first place because I could scroll through and pick the song I wanted and it would play from there. I don't know if this is a me problem but it's really irritating me and I might have to switch apps. Please fix this as soon as you can.",1,18,,0,435,86,app amazing scroll playlist update not shuffle stuff not scroll pick music download place scroll pick song want play not know problem irritate switch app fix soon
2022-06-11 01:00:51,"Spotify started inserting ads into podcasts, even for premium members.",1,0,,0,70,10,spotify start insert ad podcast premium member
2022-07-02 14:27:31,Superb quality & fabulous list of songs I'm thankful to your team.,5,0,,1,66,12,superb quality fabulous list song thankful team
2022-05-31 22:46:51,"Absolutley garbage app. So bad. Don't download this on your phone, you are better off using YouTube. This stupid app only allows you to shuffle play your songs. Absolute vile garbage.",1,1,,0,183,31,absolutley garbage app bad not download phone well youtube stupid app allow shuffle play song absolute vile garbage
2022-06-08 06:14:56,Too many ads .,5,0,"Hey, thanks for the feedback - we appreciate it. If you haven't tried Premium yet, we'd suggest giving our trial a shot so you can listen to your music without interruptions. Just head to spotify.com/premium to get started.",1,14,4,ad
2022-07-04 05:12:19,Very good and very useful. I use it every day.,5,0,,1,46,10,good useful use day
2022-06-23 20:39:08,Excellent streaming service,5,0,,1,27,3,excellent stream service
2022-06-10 17:41:11,It's really nice to use the app. Best app for song n music addictors BUT one huge negative in this app is ad experience it's totally made me cruel to hear the ad while hearing songs....ಠ︵ಠ,4,0,,1,188,36,nice use app good app song music addictor huge negative app ad experience totally cruel hear ad hear song
2022-07-06 07:50:54,Every time adda after one song worst app😭,1,0,,0,41,8,time adda song bad app
2022-06-16 03:14:12,"New UI looks sleek but the lyrics powered by Musixmatch it's not synchronised correctly even though the sync timing is correct on the desktop version and in Musixmatch itself. Adding Oled Dark Mode (Pitch Black), dark mode (The Usual) and light mode (System White) would also be great.",4,1,,1,285,48,new ui look sleek lyric power musixmatch synchronise correctly sync timing correct desktop version musixmatch add oled dark mode pitch black dark mode usual light mode system white great
2022-07-08 02:28:24,"The heart button doesn't work, so I can't add songs to my liked songs",1,0,,0,69,14,heart button not work not add song liked song
2022-06-05 03:59:37,the best aap ever for music but the prblm is add... but the aap is sooooooooo good❣️🖖,5,0,,1,85,17,good aap music prblm add aap sooooooooo good
2022-06-19 21:35:30,Awesome but REDUCE THE ADS,5,0,,1,26,5,awesome reduce ad
2022-07-03 13:44:23,awsome songs are there I love it,5,0,,1,32,7,awsome song love
2022-06-10 11:41:01,Everything free is good these days thank you Spotify In,5,0,,1,55,10,free good day thank spotify
2022-06-21 22:57:15,Good just less ads please.,4,0,,1,26,5,good ad
2022-07-08 20:13:46,"I would give this a 0 star if possible,i used spotify a lot back in the day.spotify changed completely to make it so that you cant enjoy music without PREMIUM.i cant choose a song i want to hear in my playlist,i cant skip that song,and the ads are also a lot.spotify your so bad now.not all of us can afford premium.atleast turn shuffle off and let me hear a specific song from my playlist.please.thats all i want.",1,0,,0,414,77,star possiblei spotify lot dayspotify change completely not enjoy music premiumi not choose song want hear playlisti not skip songand ad lotspotify bad nownot afford premiumatleast turn shuffle let hear specific song playlistpleasethat want
2022-06-27 11:15:37,I enjoy all the music and play time never have a problem!,5,0,,1,57,12,enjoy music play time problem
2022-07-08 13:51:54,"This app is great, if you are reading this you definitely need to download it",5,0,,1,77,15,app great read definitely need download
2022-06-15 18:22:43,"Spotify Ads are MUCH louder than podcasts and it crashes several times a day. Sometimes just the player will crash, but the app stays open and the podcast keeps playing. The only way to pause in this case is to close the app.",2,1,,0,225,43,spotify ad loud podcast crash time day player crash app stay open podcast keep play way pause case close app
2022-06-30 09:13:02,"Easy to use, transparent app with all music you need.",5,0,,1,53,10,easy use transparent app music need
2022-06-05 10:02:58,I hate this app because of the shuffle play its very bad when i want to play the song i want they play random songs and i hate it there is no any thing thats called shuffle play to tap on it and there is tooo many ads i've made a new acc just because spotify dont log me in my account i really hate it please fix these problems. i wanted to rated 0,1,0,,0,348,75,hate app shuffle play bad want play song want play random song hate thing call shuffle play tap tooo ad ve new acc spotify not log account hate fix problem want rat
2022-06-11 20:55:21,I love it but the limited skips🤭,4,0,,1,32,7,love limited skip
2022-06-11 07:03:06,Too much irritating ads......m,1,0,,0,30,4,irritate adsm
2022-07-03 10:03:13,Best music streaming service out there!,5,0,,1,39,6,good music streaming service
2022-07-06 13:35:33,"Hi!i have been using Spotify for a while but now I just can't play any playlist or song ,it keeps saying something is wrong ,my internet and everything is very well working ,and this problem annoys me alot so pls fix this ,leaving this evrthing else is fine.",4,0,,1,258,48,hii spotify not play playlist song keep say wrong internet work problem annoy alot pls fix leave evrthing fine
2022-06-10 03:42:45,Amazing music app LIKE it,5,0,,1,25,5,amazing music app like
2022-06-21 23:40:32,Spotify thank you your #1.,5,0,,1,26,5,spotify thank
2022-06-25 13:01:00,"Ive always been a Spotify user but right now I am pretty sick of how it always presumes I want to listen to a playlist on shuffle!! I can start playing from the top of my playlist but it will randomly then switch to shuffle after a few songs or even just completely change what I am listening or play 'songs I'll like based on...'. Tbh its incredibly frustrating and when I then try to play the next song I wanted to listen to, Spotify pretty much crashes and I have to reopen the app!!!",2,54,,0,487,95,ve spotify user right pretty sick presume want listen playlist shuffle start play playlist randomly switch shuffle song completely change listen play song ill like base tbh incredibly frustrating try play song want listen spotify pretty crash reopen app
2022-07-04 17:16:44,I love it! I wish I have money to get the premium hahaha! But Spotify is the best music app for me!♡,5,0,,1,100,22,love wish money premium hahaha spotify good music app
2022-06-11 11:24:42,"Great, sound could be louder tho",4,0,,1,32,6,great sound loud tho
2022-06-09 16:34:11,Spotify is great!,5,0,,1,17,3,spotify great
2022-06-30 10:26:39,Best music app ever,5,0,,1,19,4,good music app
2022-06-12 16:40:12,I absolutely love Spotify but since the past few days i am unable to login into Spotify. I have tried everything from reinstalling the app to changing my password and try to login with email link. Please look into it.,4,0,,1,217,40,absolutely love spotify past day unable login spotify try reinstall app change password try login email link look
2022-06-09 01:12:07,"I like spotify, it's easy to sign up and has a wide range of songs. the main problem is that when i open up the app it freezes and crashes. another problem is that there are a lot of ads. it says listen to this ad to get 30 minutes uninterupted, but after like one song which is about 2-5 minutes, another ad pops up.",2,38,,0,317,65,like spotify easy sign wide range song main problem open app freeze crash problem lot ad say listen ad 30 minute uninterupte like song 25 minute ad pop
2022-06-10 06:51:30,It had moments when it would give ads after ads but now it is far better!,5,0,,1,73,16,moment ad ad far well
2022-07-01 14:11:27,Please add high resolution audio support...the app is super laggy...and slow.,1,1,,0,77,11,add high resolution audio supportthe app super laggyand slow
2022-06-11 06:51:00,Great service had some issues but all resolved now,5,0,,1,50,9,great service issue resolve
2022-06-20 13:02:17,Good for music BUT TOO MANY ADS,2,0,,0,31,7,good music ad
2022-07-04 14:33:50,I love Spotify I downloaded it when I was twelve years old and I was questioning it at first asking my self if I had a good choice. And now all I basically do is listen to Spotify.,5,0,,1,180,38,love spotify download year old question ask self good choice basically listen spotify
2022-06-03 21:06:30,"Used to use Spotify for parties, since everyone could play music together. Sessions absolutely suck now. It's a hassle to let people join them, and the music plays on every device. It's extremely annoying. Now I just use YouTube since guests can join without hassle and add stuff to the queue.",1,3,,0,293,51,use spotify party play music session absolutely suck hassle let people join music play device extremely annoying use youtube guest join hassle add stuff queue
2022-06-15 04:20:17,"The wanted music you want to play , you would'nt hear.. The music you would'nt need to hear is playing. So Awful..embarass..disgusting.. Please"" check this out. Phillippines Spotify ,did not serve will. Only there choices to be followed.. Embarassing 4 consecutive ads. Playing you can't",1,0,,0,287,45,want music want play not hear music not need hear play awfulembarassdisguste check phillippine spotify serve choice follow embarasse consecutive ad play not
2022-06-13 06:33:48,Very relax all the music whenever u are..,5,0,,1,41,8,relax music
2022-06-19 18:51:17,"Terrible sound quality, noticably worse than any other streaming service I've used. I just switched over to the premium service from Amazon Music and this is a HUGE drop-off in sound quality, songs regularly skip and stutter even with a high quality Internet connection. I'm shocked at how poor the sound quality is, and I'm baffled by why this is a popular app.",1,17,,0,362,63,terrible sound quality noticably bad streaming service ve switch premium service amazon music huge dropoff sound quality song regularly skip stutter high quality internet connection shocked poor sound quality baffle popular app
2022-06-16 16:41:52,"Good app, my constant. but a lot of ads ...and on a serious note i will suggest the team to update with a feature of *shuffle play* on playlists too and also to provide 4+ pins on profile.",4,0,,1,188,38,good app constant lot ad note suggest team update feature shuffle play playlist provide pin profile
2022-06-20 20:50:11,I love this honestly or her music apps are rip offs and this is so simple to use but I wish I could do 10 skips I've used this app 3+ years. But I would recommend this music app. <3,5,0,,1,181,40,love honestly music app rip off simple use wish 10 skip ve app year recommend music app
2022-07-03 23:09:31,Absolutely incredible. Keep up the good work.,5,0,,1,45,7,absolutely incredible good work
2022-07-08 23:33:45,I really like this app. But it's been acting up lately,4,0,,1,54,11,like app act lately
2022-06-06 22:52:57,Fix the SD card issue!,1,2,,0,22,5,fix sd card issue
2022-06-18 18:25:41,App is constantly playing music for no reason. Requires a force stop and then the app will play music again lol. Easiest unistall of my life. Use YouTube music its way better,1,0,,0,174,32,app constantly play music reason require force stop app play music lol easy unistall life use youtube music way well
2022-06-27 23:33:15,"The app is very nice, I mean better than the other music streamer apps. It has everything a gamer wants. It has relaxing music to calm you down while having a battle and it also has music to motivate you when you are about to lose. For example- I was loosing hopes because all of my squad members were dead and I was the only one alive then a motivational song played from my playlist and I finished the whole enemy squad",5,3,,1,421,82,app nice mean well music streamer app gamer want relax music calm have battle music motivate lose example loose hope squad member dead alive motivational song play playlist finish enemy squad
2022-06-13 19:33:40,Go to music app in love with the premium.,5,0,,1,41,9,music app love premium
2022-06-19 07:48:18,"Needs more sorting options. So easy to add, why not?",4,2,,1,52,10,need sort option easy add
2022-07-07 10:29:20,"Was a great app until a week ago, for some reason it stopped working. All of my liked songs disappeared and won't play any music. I tried updating it, uninstalling it and re-downloading it but nothing works. I'll have to go back to pandora if it doesn't get fixed. Plz help",1,1,,0,273,51,great app week ago reason stop work liked song disappear will not play music try update uninstalle redownloade work ill pandora not fix plz help
2022-07-05 01:27:41,Very greatful app for song.. And also i request to you please add one feature also to identify any songs.. Especially it is very helpful to identity edited ringtone amd songs... Because i think some people's are knowing nice music and songs through the 1 minute or 30 second edited status video from the whatsapp.. Instagram etc... I hope you try to add a feature to identity musics&songs .. Really iam still enjoying your apps,5,0,,1,427,75,greatful app song request add feature identify song especially helpful identity edit ringtone amd song think people know nice music song minute 30 second edit status video whatsapp instagram etc hope try add feature identity musicssong iam enjoy app
2022-06-20 19:18:34,I like Spotify because it's different from the other musical apps that I have and I like the moving pictures with some of the songs ☺️,4,0,,1,134,26,like spotify different musical app like move picture song
2022-06-30 09:04:51,"My fav app, can't do without it even for a day!",5,0,,1,47,11,fav app not day
2022-06-10 06:07:53,Really annoying. The song i clicked on literally never played. It would play wome other song insted. I tryed this with multiple songs.,1,0,,0,134,23,annoying song click literally play play wome song inste try multiple song
2022-06-28 06:22:30,Love it can find some really obscure recordings. I will be upgrading to to premium.,5,0,,1,83,15,love find obscure recording upgrade premium
2022-06-23 18:15:14,"I love it. Huge songs collection of any style music. High quality files and amazing softwere detecting the sound you like and giving you good recommended music for your preferances. App organised really well, it is a pleasure to use it. So thankful that Spotify exists and evolves.",5,0,,1,281,48,love huge song collection style music high quality file amazing softwere detect sound like give good recommend music preferance app organise pleasure use thankful spotify exist evolve
2022-06-04 08:36:55,This app always closes due to its shutdown. I can't play any song. When it updates it works.,1,0,,0,92,18,app close shutdown not play song update work
2022-06-17 23:20:43,I can't play MY PLAYLIST without playing a raido with songs I've NEVER heard before,1,0,,0,83,15,not play playlist play raido song ve hear
2022-07-08 04:11:59,I really enjoy Spotify. I make my own playlist. put my ear buds on and get lost in my music thanks Spotify yall rock 🎸,5,0,,1,118,25,enjoy spotify playlist ear bud lose music thank spotify rock
2022-06-02 21:57:06,Can't believe I'm writing this but Spotify has horrible sound quality compared to Anghami. I tried playing the same song here and there and the distortion is clear. Arabic content is very weak. Would rather use Anghami free version and bear the ads than have the free 3 months premium offer from Spotify. Uninstalling right now.,1,0,,0,328,56,not believe write spotify horrible sound quality compare anghami try play song distortion clear arabic content weak use anghami free version bear ad free month premium offer spotify uninstalling right
2022-07-08 10:02:35,I'LL FU KING DONT UNDERSTAND HIW TO USE SPOTIFY NOW!!!!I LIKE THE OLD ONE.WHY U CHANGE IT? DONT DOWNLOAD GUYS..IF I CAN GIVE ZERO STAR I WILL GIVE ZERO STAR!!!!!!I HATE THISS PLEASE CHANCE IT BACK BC WHEN I WANT TO PLAY THE MUSIC..NOT THE MUSIC WILL COME OUT!!!! I LOVE SONG AND I HATE SPOTIFY FOR NOW,1,0,,0,301,58,ill fu king not understand hiw use spotify nowi like old onewhy change not download guysif zero star zero stari hate chance bc want play musicnot music come love song hate spotify
2022-07-02 07:23:50,"Recently spotify hasn't been letting me listen to songs and says that all playlists that I click on are empty (even random ones) whenever I click on my library it's empty even tho I know I havent deleted any of my playlists, whenever I go to my own profile they are all there though and it's getting really annoying since this is a streaming app that I love",1,0,,0,357,68,recently spotify not let listen song say playlist click random one click library tho know not delete playlist profile get annoying streaming app love
2022-06-16 01:47:55,I like the premium version and not the free version. It's nice to listen to whatever song or podcast you want without commercials.,5,0,,1,130,23,like premium version free version nice listen song podcast want commercial
2022-06-12 01:40:30,Horrible updater. Every time it up dates it will take hours or just freeze and not update at all cant even use it to download anything cause its stuck at 19% trying to update itself horrible app switch to stitcher,1,0,,0,213,40,horrible updater time date hour freeze update not use download cause stuck 19 try update horrible app switch stitcher
2022-06-23 13:49:50,I really like listening to podcast on Spotify,5,0,,1,45,8,like listen podcast spotify
2022-06-26 11:32:08,Most of the songs I loved can be found here. Easy to use. Great experience!,5,0,,1,75,15,song love find easy use great experience
2022-06-01 16:22:46,Been over 5 years I have used Spotify and been very good. Every song you want Spotify got it what more could you ask for.,5,0,,1,121,25,year spotify good song want spotify get ask
2022-05-30 20:35:41,I really love Spotify. It's so easy to get a song no matter which year i.gt th song I'm enjoying Spotify NW Fr life,5,0,,1,115,24,love spotify easy song matter year igt th song enjoy spotify nw fr life
2022-06-06 06:01:38,I Couldn't access Spotify when I'm using mobile data. Its showing offline whenever I tried to search or play music and this is happening for a month. I thought it was my data problem but It wasn't. I'm really starting to hate this app!!!,4,1,,1,237,44,not access spotify mobile datum showing offline try search play music happen month think data problem not start hate app
2022-06-25 11:09:56,This app is nice without ads,2,0,,0,28,6,app nice ad
2022-07-08 04:21:06,Spotify you are the best,5,0,,1,24,5,spotify good
2022-06-24 12:53:52,"GREAT I love this app, old and new music. I can access via my phone, car and TV. I live for music so it is great. I pay a reasonable monthy fee to remove ads. The only bug bear is I download music for the car, and they sometimes it says I need to re download for no apparent reason which means if I am out and about I can't do. Also great for playlists and suggesting similar liked music.",4,27,,1,388,80,great love app old new music access phone car tv live music great pay reasonable monthy fee remove ad bug bear download music car say need download apparent reason mean not great playlist suggest similar like music
2022-07-06 17:51:46,Great App. Really like it. Strongly recommended.,5,0,,1,48,7,great app like strongly recommend
2022-06-09 07:25:18,I only played my fav songs in just 1 week. It needs to be paid before u can play again ur fav songs. But im broke bruh.,2,0,,0,119,27,play fav song week need pay play ur fav song break bruh
2022-07-07 02:36:13,Keeps pausing on playback.,2,0,,0,26,4,keep pause playback
2022-06-21 22:21:10,Constant problems and the sound quality is extremely shotty for some stuff. Pairing with things can be a nightmare to get to work.,2,0,,0,130,23,constant problem sound quality extremely shotty stuff pair thing nightmare work
2022-06-04 14:21:11,Good sound system,4,0,,1,17,3,good sound system
2022-06-10 23:24:51,"Frequent updates still haven't fixed my most common problems. Now, whenever I connect to something via Bluetooth it automatically deletes my queue. Why?",1,26,,0,152,23,frequent update not fix common problem connect bluetooth automatically delete queue
2022-06-21 08:47:21,"Question: I got a free version with ads. The ad will play for 30 seconds and Spotify will announce that next 30 mins are ad free. So my question is what does ad free and 30.mins means? Because the ads will continue after the announcement and once that's over, more ads will start after around 15 mins. Don't know if to trust the paid version. The music is very limited. 6 months and you are done with Hindi music",2,0,,0,412,79,question get free version ad ad play 30 second spotify announce 30 min ad free question ad free 30min mean ad continue announcement ad start 15 min not know trust pay version music limited month hindi music
2022-07-04 17:18:08,Awesome to hear music for free☺😘,5,0,,1,32,6,awesome hear music free
2022-06-23 10:32:24,Too many advertisements,1,0,,0,23,3,advertisement
2022-06-06 23:31:15,"pretty fantastic, just wish they'd make song radios based off the cadence of the song it's radioing rather than what other people that also like it also listen to D:",5,1,,1,165,30,pretty fantastic wish song radio base cadence song radioing people like listen
2022-06-06 08:50:57,"Its fine. I guess... I cant even listen to my fav song properly anymore, the “hidden songs” feature is just so SO bad. I don't know if its an update or what. The songs in my playlist dont even show up the same anymore. And it can even play in the order i want it in. When you play it, it instantly shuffles. And its VERY VERY annoying ESPECIALLY if you want to just listen to the songs you want WITHOUT other songs intterupting it. Id rate this app better if i could disable this hecking stuff.",2,113,,0,494,97,fine guess not listen fav song properly anymore hide song feature bad not know update song playlist not anymore play order want play instantly shuffle annoying especially want listen song want song intterupte rate app well disable hecke stuff
2022-07-01 05:39:25,It's very easy to search music 🎶🎵🎶,5,0,,1,34,7,easy search music
2022-06-26 18:34:40,"I have the paid version of Spotify, and along with the YouTube-Pro app it's become one of my most used apps! For anyone still buying albums/singles on CD, give Spotify a try and you'll soon realise this is the way forward in 2022. If the ads annoy you, get the ""pro"" version, it's worth EVERY penny. For the cost of a SINGLE ALBUM each month, instead of just one album you get almost EVERY album ever made! Seriously, give the paid version a try! Without ads it's so much better! 10/10",5,2,,1,485,91,pay version spotify youtubepro app app buy albumssingle cd spotify try ll soon realise way forward 2022 ad annoy pro version worth penny cost single album month instead album album seriously pay version try ad well 1010
2022-06-14 22:21:36,I enjoy the wide variety of music & podcasts that Spotify offers. There's truly something for everyone!,5,0,,1,103,17,enjoy wide variety music podcast spotify offer truly
2022-06-15 05:44:44,"Premium member. Apps awesome until you want to use it offline/download function. I work away, go camping and offshore on my boat frequently. Currently doing 2 weeks away with no music for gym etc. Well done Spotify, you've earnt your 1 star. This has always happened, deleted and reinstalled and on multiple phones bla bla bla and FIX THE SHUFFLE BUTTON IT DOESNT ACTUALLY SHUFFLE. SO DUMB! I'm not mad just disappointed.",1,0,,0,421,72,premium member app awesome want use offlinedownload function work away camping offshore boat frequently currently week away music gym etc spotify ve earnt star happen delete reinstall multiple phone bla bla bla fix shuffle button not actually shuffle dumb mad disappointed
2022-06-25 07:18:24,"Some issues with playing some songs here and there but overall, a great app. I've discovered so much good music to my taste in this app and I've been using it for almost 2 years now. It has helped me through so much bad times. The podcasts are also to my liking. I especially like ""Teenager Therapy"", they talk about feelings and things others are confused about. They simply explain it. Thank you so much Spotify.",5,5,,1,414,76,issue play song overall great app ve discover good music taste app ve year help bad time podcast liking especially like teenager therapy talk feeling thing confuse simply explain thank spotify
2022-07-03 14:53:41,Great music lists,5,0,,1,17,3,great music list
2022-06-24 12:28:11,Good selection but has a recent tendency to be glitchy.,4,0,,1,55,10,good selection recent tendency glitchy
2022-06-07 03:59:01,"Really good app, sometimes freezes and you have to close it but that doesn't bother me too much. Would be nice if it didn't do that tho",4,0,,1,135,27,good app freeze close not bother nice not tho
2022-07-03 04:24:50,i just love spotify:),5,0,,1,21,4,love spotify
2022-06-18 22:28:10,Cool now that I can finally see the lyrics (I bought premium so I can't complain about anything),5,0,,1,96,18,cool finally lyric buy premium not complain
2022-07-07 04:18:31,"I love Spotify and all the music it brings me, but recently I've experienced trouble using the lock screen widget (it no longer exists), so I tried uninstalling and reinstalling the app, now the app won't even open!",1,1,,0,215,38,love spotify music bring recently ve experience trouble lock screen widget long exist try uninstalle reinstall app app will not open
2022-06-08 12:33:57,Nice apps for healing when i stressed,5,0,,1,37,7,nice app healing stress
2022-06-13 04:35:14,I like Spotify because I don't know any better,5,0,,1,46,9,like spotify not know well
2022-06-25 11:14:48,You are good but to pay for music it's not easy to use,5,0,,1,54,13,good pay music easy use
2022-07-09 08:01:31,"This app worked well until v8.6.98.900, when trying to install newer versions of the app, my pioneer car system wouldn't work with spotify anymore. This means that I have to upgrade all my apps manually to be able to keep the last working version of their app. Hope spotify will fix their broken app soon.",1,0,,0,305,55,app work v8698900 try install new version app pioneer car system not work spotify anymore mean upgrade app manually able working version app hope spotify fix broken app soon
2022-06-06 05:32:12,Only played rubbish suggested songs on my playlist and I don't even know what the original songs I picked were now even with the setting off! Also gave me adverts after every song! DO NOT GET!!!,1,0,,0,194,36,play rubbish suggest song playlist not know original song pick setting give advert song
2022-07-04 20:27:20,This app is ok but there is some issues about it.(1) if I was having my music on shuffle it would start playing random country songs that is not even on my playlist. (2) i cant even play my songs in order the way I want if I do then I would only give like 15 seconds of listening the song so it have to be on shuffle. (3) it sucks.,2,0,,0,331,71,app ok issue it1 have music shuffle start play random country song playlist not play song order way want like 15 second listen song shuffle suck
2022-07-04 10:10:14,This app is my most favourite to listen to songs but some songs are hard to find but I still find them I really love it and the opinions to like the video or save it is very helpful especially if I love that song very much and want to listen to it 24/7 Thank you creator for making this app😄,5,0,,1,291,61,app favourite listen song song hard find find love opinion like video save helpful especially love song want listen 247 thank creator make app
2022-06-29 18:11:27,I love ❤️ Spotify music and the GREATEST OF Jo ROGAN PODCASTER,5,0,,1,62,12,love spotify music great jo rogan podcaster
2022-06-21 16:34:15,It's not a bad app although the fact that you can not choose the song you wish to listen to kinda sucks. I don't really skip nor mind the ads but I want to be able to choose what I listen to not the have it on shuffle.,4,0,,1,218,48,bad app fact choose song wish listen kinda suck not skip mind ad want able choose listen shuffle
2022-06-16 09:00:39,This is an awesome app I can listen to My fav songs♡♡♡♡,5,0,,1,55,12,awesome app listen fav song
2022-06-17 12:22:10,Great for finding music I missed or had forgotten,5,0,,1,49,9,great find music miss forget
2022-06-19 08:36:10,"Used to be incredible, but the so called enhancements have made it almost unusable. Playback suddenly stops without warning, the app crashes repeatedly and its now impossible to refresh playing from liked songs or playlists. I really hope this gets fixed otherwise I'll have to look at alternatives.",1,0,,0,299,48,incredible call enhancement unusable playback suddenly stop warn app crash repeatedly impossible refresh playing like song playlist hope get fix ill look alternative
2022-07-06 23:19:28,Good music app. Missing some songs I love. Charged me wrong once.,4,0,,1,65,12,good music app miss song love charge wrong
2022-06-04 16:15:48,Constantly crashing over the last 3 months on Android. Spotify knows there are issues but isn't fixing them. What good is a streaming service if you can't actually stream?,1,0,,0,171,29,constantly crash month android spotify know issue not fix good stream service not actually stream
2022-06-25 07:06:07,"Enjoying the daily mixes, sending so much unheard music my way",5,0,,1,62,11,enjoy daily mix send unheard music way
2022-06-30 01:38:51,"Great all my favorite music, comedians, and podcasts. I have one complaint that Spotify is not connecting with my clock app but I assume that's nothing to do with Spotify.",5,1,,1,171,30,great favorite music comedian podcast complaint spotify connect clock app assume spotify
2022-06-23 07:42:37,"Been a customer to Spotify for years, it's the perfect app for music 🎶 imo",5,0,,1,74,15,customer spotify year perfect app music imo
2022-06-24 16:29:51,I can't see lyrics of any of the song,4,0,,1,37,9,not lyric song
2022-06-30 19:03:11,"2/5 because of the inability to delete your recently played history now. Edit 1/5 because now you can't even choose what song in your playlist to play, you can't reorder your songs, AND you have limited skips?! I fail to understand your reasoning. The ads haven't bothered me (yet) but should it I would rate this 0 stars if I could, only redeeming factor is the quantity of songs, opposed to the quality of the app.",1,0,,0,416,76,25 inability delete recently play history edit 15 not choose song playlist play not reorder song limit skip fail understand reasoning ad not bother rate star redeem factor quantity song oppose quality app
2022-06-30 17:05:09,I do love this app for all of my music. Except for the fact that if you don't pay you don't get the premium which means you don't get anything that you want. You have unlimited number of skips for the premium and you don't with the free version. I can make my own playlist with a premiums can't with regular. I guess it is worth the $9.99 to get the premium. Unless you don't use it as much as I do which is everyday.,4,0,,1,417,85,love app music fact not pay not premium mean not want unlimited number skip premium not free version playlist premium not regular guess worth 999 premium not use everyday
2022-06-12 10:22:34,4 stars because of ads i am using Spotify for 2 years but recently ads are stated coming earlier ads are not coming,4,0,,1,115,23,star ad spotify year recently ad state come early ad come
2022-06-16 01:16:12,"The app crashes when I'm trying to select a song, so I can't add any songs to a playlist or to the queue",5,0,,1,104,23,app crash try select song not add song playlist queue
2022-06-06 13:03:59,One of the best platforms to listen to my favorite Podcasters!,5,0,,1,62,11,good platform listen favorite podcaster
2022-06-07 16:12:46,Very good play songs,5,0,,1,20,4,good play song
2022-06-24 14:03:10,It is a very great app for listening music and you can create playlists select different artists that you like and listen to their playlists or you can search the song and listen to it,5,0,,1,184,35,great app listen music create playlist select different artist like listen playlist search song listen
2022-06-25 09:00:44,"This music is one out of a million of its kind. I love it, and I'm enjoying it.",4,0,,1,79,18,music million kind love enjoy
2022-06-13 18:30:34,Very good app for me and then new songs are available am like it but ads are bad experience but I m very comfortable for this app,5,0,,1,129,27,good app new song available like ad bad experience comfortable app
2022-06-27 03:19:55,"Best music app, just one suggestion though... You should add feature in playlist where user should be able to rank order songs.",5,1,,1,127,22,good music app suggestion add feature playlist user able rank order song
2022-06-28 23:12:30,"My favorite way to hear music, podcast and mediate!",5,0,,1,51,9,favorite way hear music podcast mediate
2022-06-30 15:10:23,Too much ads,2,0,,0,12,3,ad
2022-06-24 08:03:12,I would give it 5 stars because i like music but what they did with the premium is messed up they went from a cool app to a money hungry app,4,0,,1,140,31,star like music premium mess go cool app money hungry app
2022-06-03 07:58:25,Decrease the number of ads after each song and you guys keep removing songs from my liked playlist even if they are available in appIication can't play the song.,2,0,,0,161,29,decrease number ad song guy remove song liked playlist available appiication not play song
2022-06-09 23:08:21,"Totally useless app, they have a shuffle feature, which is so annoying, and you can not get back to your previous song , i mean seriously, the owner company of this app is just money greeders, only if u choose a premium plan then you can play any song , otherwise they shuffle the playlist,and you will never be able to play your favourite song, also the track line of the songs doesn't work, so you cannot skip the in unnecessary part of song, i wish i can give 0 star to this app .",1,1,,0,483,95,totally useless app shuffle feature annoying previous song mean seriously owner company app money greeder choose premium plan play song shuffle playlistand able play favourite song track line song not work skip unnecessary song wish star app
2022-06-04 16:28:58,App crash when playing music again..... Does this always happen for vivo user?,1,0,,0,78,13,app crash play music happen vivo user
2022-06-09 08:43:15,Good quality of sound.,5,0,,1,22,4,good quality sound
2022-06-28 16:37:10,"I dont know what the matter is, but this app, it doesn't want to download at all...trust me my storage space is enough for apps twice the size of mb of spotify idk why it doesnt want to download but I've been trying to download it for the past 5days!!!",1,0,,0,252,50,not know matter app not want download alltrust storage space app twice size mb spotify idk not want download ve try download past 5day
2022-06-23 15:24:16,"I have bad experience whenever I like to play the song, the aap is getting closed and the is stopped every time, can u pleas find a solution to it",1,0,,0,146,30,bad experience like play song aap get close stop time plea find solution
2022-06-22 18:58:12,Best songs collection and UI,5,0,,1,28,5,good song collection ui
2022-06-20 03:40:47,It's great has anything you might be interested in!!,5,0,,1,52,9,great interested
2022-07-06 06:30:49,Great! Only problem is that sometimes it can glitch out a bit but it doesn't do that often,4,0,,1,90,18,great problem glitch bit not
2022-06-01 20:34:07,love it the availability of the app so cool morning music suits me before going to the work,5,0,,1,91,18,love availability app cool morning music suit go work
2022-07-06 09:26:04,Very irritating. I want to stream music over mobile data and says no internet connection seriously....... Furthermore i am a premium user but still suffer. Please check on that as soon as you can.,1,0,,0,196,34,irritate want stream music mobile datum say internet connection seriously furthermore premium user suffer check soon
2022-07-06 04:39:29,"In first time, this app is disatified for me. I try to creat account but always reply to me something wrong. Free Log in,Log in with facebook, Log in with google account like that show me but can't sing in. What a uselsss app.",1,0,,0,226,44,time app disatifie try creat account reply wrong free log inlog facebook log google account like not sing uselsss app
2022-06-06 00:23:30,This app was great when I first downloaded it but this new feature that came with the update just proved the negative comments right So y'all are telling me that I can't fast forward more that 6 song or something like that? And on top of that I can't even choose a specific song from an album which makes absolutely no scense,1,0,,0,325,62,app great download new feature come update prove negative comment right tell not fast forward song like not choose specific song album make absolutely scense
2022-06-06 10:36:18,There is an unbelievable amount of ads,1,0,,0,38,7,unbelievable ad
2022-06-20 14:52:32,please let us people who don't have premium turn off shuffle playlist,1,0,,0,69,12,let people not premium turn shuffle playlist
2022-06-03 12:04:19,Great selection and I put together a wonderful playlist,5,0,,1,55,9,great selection wonderful playlist
2022-06-20 13:23:39,Best music streaming app,5,0,,1,24,4,good music stream app
2022-06-19 20:13:49,Best music app i have downloaded ever..I am surprised why I didn't get it before 🤦,5,0,,1,82,16,good music app download everi surprised not
2022-07-09 05:31:46,"Please help me how do I fix this I can't open the app the logo is stuck in the screen, I tried restarting and reinstalling the app and it doesn't work. Fix this.",1,0,,0,161,33,help fix not open app logo stick screen try restart reinstall app not work fix
2022-06-14 14:20:48,Sometimes when I have a phone call in car it stop my music working and have to restart my Google pixel 6 phone,4,0,,1,110,23,phone car stop music work restart google pixel phone
2022-06-30 08:21:48,One of the best App to download and listen music,5,0,,1,48,10,good app download listen music
2022-07-07 06:57:14,Spotify is the best app that I used the songs are amazing,5,0,,1,57,12,spotify good app song amazing
2022-06-16 20:28:11,Been using for years to build my music collection,5,0,,1,49,9,year build music collection
2022-05-30 18:35:58,Not easy to use at all. Attempting to play a song would play a 'recommended' song instead. Desktop is way easier to use,1,0,,0,119,23,easy use attempt play song play recommend song instead desktop way easy use
2022-07-01 20:35:30,"Spotify is my music source. With premium being so affordable, I don't have to listen to any other music platform, cause Spotify does everything possible. You can't find a reason not to put good vibes out there for their music platform. Get all your music needs from Spotify, they understand music. Good Job Spotify.",5,0,,1,315,54,spotify music source premium affordable not listen music platform cause spotify possible not find reason good vibe music platform music need spotify understand music good job spotify
2022-07-06 15:46:30,Very good app for listening ads its been 6 months i am listen to ads but there is some issue sometimes it play songs that ruined my mood of listening ads,4,0,,1,153,31,good app listening ad month listen ad issue play song ruin mood listen ad
2022-07-03 16:21:58,Impossible to listen to offline playlists unless started on wifi.,1,0,,0,65,10,impossible listen offline playlist start wifi
2022-06-23 22:34:48,I love this app it has amazing songs and all the songs I love,5,0,,1,61,14,love app amazing song song love
2022-07-05 10:50:25,"I used to really love this app, so I ended up going Premium. However, for a few months now there has been countless problems. Music or podcasts constantly pausing, the bar where you can skip or pause constantly disappearing. I've contacted Spotify and done everything they've asked, but nothing works. I think they need to admit there is a problem with the app that needs fixing.",2,129,,0,379,66,love app end go premium month countless problem music podcast constantly pause bar skip pause constantly disappear ve contact spotify ve ask work think need admit problem app need fix
2022-06-29 02:31:26,First time using it. Love it's variety and rich sound!,5,0,,1,54,10,time love variety rich sound
2022-07-08 15:39:21,"Updated rating 7/8/22: the app has become unreliable. Podcasts stop for no apparent reason, especially when screen becomes idle. I installed the app on a different phone with a bigger memory, but this app still stops. Fix your damn app, Spotify.",1,1,,0,245,41,update rating 7822 app unreliable podcast stop apparent reason especially screen idle instal app different phone big memory app stop fix damn app spotify
2022-06-25 15:46:53,Best music app by far,5,0,,1,21,5,good music app far
2022-06-23 15:11:54,The best Online Music App I've ever used. I'm happy you've introduced it in Kenya.,5,0,,1,82,15,good online music app ve happy ve introduce kenya
2022-07-02 11:45:32,It is a really good streaming service to listen to any song that you can for free. But the function to filter the liked playlist isn't working. I don't know why as this is a useful feature. I'm not sure if this is the same for everyone else though. But other than that it is possibly the best music streaming service there is.,4,15,,1,326,63,good streaming service listen song free function filter liked playlist not work not know useful feature sure possibly good music streaming service
2022-06-20 02:05:41,Love just about everything except the 30 minute ad free feature no longer works. App is up to date and after watching an ad to get 30 minutes ad free you're lucky if you get 10 to 15 minutes before another set of ads. Without that 5 stars no problem.,4,0,,1,250,50,love 30 minute ad free feature long work app date watch ad 30 minute ad free lucky 10 15 minute set ad star problem
2022-06-23 20:48:37,Worst app ever you cannot skip a song plus you cannot listen to a specific song. Don't download it. They're giving advertisements lije its a best app in the world. Disappointed!!!!,1,0,,0,180,31,bad app skip song plus listen specific song not download give advertisement lije good app world disappoint
2022-06-18 05:25:28,Pixel 6. Android 12. Cannot slide the categories under my liked playlist. Fix before my next billing cycle or I will most likely cancel my Premium service. I'm not paying for crippled software and service.,1,0,,0,205,35,pixel android 12 slide category liked playlist fix billing cycle likely cancel premium service pay crippled software service
2022-06-23 04:16:27,"A couole things. First you used to be able to preview a song in the ""Add songs"" and now you can't. Second way too many adds for free listeners. Third if youre listening on any other device besides mobile for free listiners you have unlimited skips, repeat, can select a song and hear that song without having to skip to it, and your playlist don't automaticly shuffle. Yet on mobile you only get six skips per hour, no repeat, can't choose which song you want, and your playlist automaticly shuffle.",2,0,,0,499,90,couole thing able preview song add song not second way add free listener listen device mobile free listiner unlimited skip repeat select song hear song have skip playlist not automaticly shuffle mobile skip hour repeat not choose song want playlist automaticly shuffle
2022-07-04 17:17:26,its good but I don't like the fact ive to pay to choose what song i can listin too,4,0,,1,82,19,good not like fact ve pay choose song listin
2022-06-23 03:57:10,Complete trash of an app focused on harvesting data rather than maintaining a functional UI,1,0,,0,91,15,complete trash app focus harvesting datum maintain functional ui
2022-06-24 12:58:07,Excellent music app one of the best,5,0,,1,35,7,excellent music app good
2022-06-04 19:47:28,I love the options to find music offered in Spotify. I can find almost any music I want. 🎶,5,0,,1,90,19,love option find music offer spotify find music want
2022-05-31 15:05:37,"So far, no complaints, I like the availability of optional lyrics in some of the songs!!! 🤗",5,0,,1,91,17,far complaint like availability optional lyric song
2022-07-07 10:40:07,Can't play music only plays 2 song then stops 😑,1,0,,0,47,10,not play music play song stop
2022-07-09 03:16:38,They purposely throttle the app making it unbearable and a waste of time to use unless you have premium. Genuine disgusting business practice.,1,0,,0,142,23,purposely throttle app make unbearable waste time use premium genuine disgusting business practice
2022-06-17 16:39:39,omg spotify is AMAZING it does have ads BUT if you use the web player then it's easier to use. i toatally reccommend. i have been using spotify for a few years and it is still awsome :),5,0,,1,185,38,omg spotify amazing ad use web player easy use toatally reccommend spotify year awsome
2022-06-19 10:34:46,"For the free spotify, theres lack of abilities. I mean at least when we make playlist play the songs thats are IN the playlist and not suggested.",2,0,,0,145,27,free spotify lack ability mean playlist play song playlist suggest
2022-07-03 10:01:48,"Awesome ,Ifonly they had kiwi classics like south side of Bombay would be a 5.",4,0,,1,78,15,awesome ifonly kiwi classic like south bombay
2022-06-22 04:46:52,"I love everything about Spotify. Even the free version is amazing. The ability to organize the playlists, favourite songs, and just the overall presentation are perfect.",5,0,,1,169,26,love spotify free version amazing ability organize playlist favourite song overall presentation perfect
2022-06-14 18:09:27,I love it i can listen to music everywhere i want 😊😊,5,0,,1,52,12,love listen music want
2022-06-26 05:00:06,"i absolutely love this app, but it won't let me subscribe to a premium plan. i am a student discount beneficiary and everytime i try to subscribe through mobile payment, it only shows me the ""oops, something went wrong message."" i have tried troubleshooting several times but there has been no solution. i have been stuck trying to figure out this problem for a few days now. please fix this, i have been a premium subscriber for a year and this is the first that has ever happened to me.",2,40,,0,488,90,absolutely love app will not let subscribe premium plan student discount beneficiary everytime try subscribe mobile payment show oop go wrong message try troubleshoot time solution stick try figure problem day fix premium subscriber year happen
2022-07-01 21:15:30,Almost no problems unlike YouTube music,4,0,,1,39,6,problem unlike youtube music
2022-06-12 12:27:48,"This is really good in bass,treble,etc.. But one of the worst thing is that It can ads more than neccessary or more than any app contains...Please make a look on this issue..",4,0,,1,174,32,good basstrebleetc bad thing ad neccessary app containsplease look issue
2022-07-02 07:40:33,Very good play list,5,0,,1,19,4,good play list
2022-07-08 08:40:28,You cant so alot on ur phone i was trying to listen to my favorites and it wouldnt let me u can also not go back to the previous song,2,0,,0,133,30,not alot ur phone try listen favorite not let previous song
2022-07-05 02:13:58,"I really enjoy this app and kindly i be searching songs, that i have never listened for a long long time❤ thanks to this app niether it depletes to much data cost, but thanks😍🤙🏻",5,0,,1,177,34,enjoy app kindly search song listen long long time thank app niether deplete data cost thank
2022-06-10 01:06:34,"Incredible app, i myself as a EDM artist, song writer, producer and Dj love this place. Great place to start off as a new artist, and also a great place to build reputation.",5,0,,1,173,33,incredible app edm artist song writer producer dj love place great place start new artist great place build reputation
2022-06-05 12:47:53,App crashes when I play a song,5,0,,1,30,7,app crash play song
2022-07-01 21:27:18,Love all the music.... uninterrupted,5,0,,1,36,5,love music uninterrupte
2022-06-07 23:27:31,It's not a good app I gave it one Star because it works on the first day also like no skips and they add stuff you don't want,1,0,"Hey, we always aim to improve the app and we’d like to get some more info from you. If you have the time, give our support team a shout. You can find them here: https://bit.ly/2zhNwyX.",0,125,28,good app give star work day like skip add stuff not want
2022-07-05 08:01:24,I hate it because when I play a song I couldn't hear anything and if I download a song it keeps kicking me out of the app,1,0,,0,121,27,hate play song not hear download song keep kick app
2022-07-09 11:05:45,Podcasts becoming a nightmare. Trying to get rid of podcasts on this app is ridiculous. Stupid things are all over the home page. You can click not interested till you're blue in the face and I'll just keep throwing up more spam casts.,1,0,,0,235,43,podcast nightmare try rid podcast app ridiculous stupid thing home page click interested till blue face ill throw spam cast
2022-07-07 23:21:43,You can find just about any song I don't get ads.,5,0,,1,49,11,find song not ad
2022-06-13 16:20:41,Awful. OK on iPad but cannot get on my mobile,1,0,,0,45,10,awful ok ipad mobile
2022-06-15 13:21:21,Best music app of all time,5,0,,1,26,6,good music app time
2022-06-08 22:45:04,I really enjoy Spotify. They have a awesome selection of Music I like They are the bomb..,5,0,,1,89,17,enjoy spotify awesome selection music like bomb
2022-06-29 07:08:45,I really loves this app is great I've give it a five stars,5,0,,1,58,13,love app great ve star
2022-07-05 06:48:41,"can't really complain , except that sometimes it just stops playing music... this is honestly very irritating , i'm assuming it does this , because i don't a subscription but all in all , i highly recommend it , good quality music edit : I canceled my subscription 2 months ago because I couldn't deal with the double deductions every month. They still deduct money from my account and they are refusing to refund me my money. If you know what's good for you, you will download Apple Music.",1,6,,0,490,89,not complain stop play music honestly irritate assume not subscription highly recommend good quality music edit cancel subscription month ago not deal double deduction month deduct money account refuse refund money know good download apple music
2022-06-17 14:19:40,In this app we can also listen k-pop song to in other app we can't listen these song,5,0,,1,84,18,app listen kpop song app not listen song
2022-07-06 14:00:09,Why my spotify error when i want to log out. I have try to uninstall and install it again but this app can't fix. Please help me to fix the app😭😭😭,1,0,,0,146,31,spotify error want log try uninstall install app not fix help fix app
2022-07-08 11:59:09,Compare as ganna Spotify is 10000%best i really love it !! Best app,5,0,,1,67,13,compare ganna spotify 10000b love good app
2022-07-06 16:59:21,"Completely different from the web version, good sound quality yet any playlist song Is completely random and you have 6 daily skips, can't get around it by playing single songs too. Overall the app is O.K. but the pc/computer web version is way better than the app.",2,0,,0,265,47,completely different web version good sound quality playlist song completely random daily skip not play single song overall app ok pccomputer web version way well app
2022-06-27 21:34:41,spotify is a really good app to hear music if you like to :) but they might not have all the songs you like.,4,0,,1,108,24,spotify good app hear music like song like
2022-06-03 09:44:09,App closing automatically when playing songs,1,2,,0,44,6,app close automatically play song
2022-06-25 06:44:29,Very good app to listen to music with all facilities and user friendly interface,5,0,,1,80,14,good app listen music facility user friendly interface
2022-07-07 15:12:59,Excellent. Enjoying Spotify on phone & in car very much!,5,0,,1,56,10,excellent enjoying spotify phone car
2022-06-30 05:39:50,One suggestion: Add shuffle and repeat buttons to the mini player in lock screen,5,0,,1,80,14,suggestion add shuffle repeat button mini player lock screen
2022-07-04 23:16:24,It's too good. All the songs I can ask for are available at one platform. I am loving it.,5,0,,1,89,19,good song ask available platform love
2022-06-02 00:29:46,"The app is user friendly. I had problems with it stopping out of no where twice, but that is it. It's streaming so depends on wifi strength.",4,0,,1,140,27,app user friendly problem stop twice streaming depend wifi strength
2022-07-02 12:58:18,This app is the absolute worst. Why pay for premium and your user cant even access music from the app without it crashing daily or freezing altogether?,1,0,,0,151,27,app absolute bad pay premium user not access music app crash daily freeze altogether
2022-06-19 07:25:11,Having trouble finding a couple of albums otherwise great how do you like my playlist,4,0,,1,85,15,have trouble find couple album great like playlist
2022-06-03 07:56:23,"After I bought premium account it fails to load my playlists, my like songs or anything. Seems like my account is resetted but on desktop, it's fine. The app is not working at all.",1,0,,0,180,34,buy premium account fail load playlist like song like account resette desktop fine app work
2022-06-05 19:09:13,Music pauses randomly and I have Uninstalled and installed it 3 times. Paying for premium and still have these issues is unacceptable. Please fix asap! Thank you,2,0,,0,161,27,music pause randomly uninstalle instal time pay premium issue unacceptable fix asap thank
2022-06-13 19:39:53,"got locked out and cant get back in. also, you should let me see if a song is the right thing instead of shuffling it with random songs before adding to a playlist.",1,1,,0,164,33,get lock not let song right thing instead shuffle random song add playlist
2022-07-03 22:04:09,"Your app needs a MAJOR redesign.The Joe Rogan podcast deal didn't make podcasts better on your app. Try a redesign of the UI that makes sense. That makes it easier to discover new things.Make it a more social and Connected network. Some new button deisgns, colour schemes, symmetry, minimalist.DARK AND LIGHT MODE. I can go on forever.Pump that cash into a user friendly design and make it available both for iOS and Android at the same time.Give users control.windows Xp media player visualisation.",2,0,,0,499,83,app need major redesignthe joe rogan podcast deal not podcast well app try redesign ui make sense make easy discover new thingsmake social connected network new button deisgn colour scheme symmetry minimalistdark light mode foreverpump cash user friendly design available io android timegive user controlwindow xp medium player visualisation
2022-06-30 08:18:47,"I like the choices that I had to choose from. It was easy to choose the app that I wanted,and use that app. Gina Guess",4,0,,1,118,25,like choice choose easy choose app wantedand use app gina guess
2022-06-23 03:11:50,I love this when I'm in a mood I have a Playlist that calms me down I turn that on and fall in love and relax/chill,5,1,,1,115,26,love mood playlist calm turn fall love relaxchill
2022-06-21 04:12:11,It's now my favorite app ....it's very informative and superb audio quality.....it's saves my so much time .....really helpful for students 👍 👌.......podcasts in hindi and English are superb 👌 👏 👍 😀,5,0,,1,198,33,favorite app informative superb audio qualityit save time helpful student podcast hindi english superb    
2022-07-01 22:00:17,It's ok as an app to listen to music but the update made me review 4 stars,4,2,,1,74,17,ok app listen music update review star
2022-07-07 18:45:37,My music keeps stopping for no reason. The web player for computers is way better than the app.,2,0,,0,95,18,music keep stop reason web player computer way well app
2022-07-09 12:00:57,Plz remove adds as because ther are continuously 2 to 3 adds at list remove 2 adds and give 1 adds,1,0,,0,98,21,plz remove add ther continuously add list remove add add
2022-06-13 14:10:49,"It's been 4 years since I left my 1 star review, my rating has not changed. Unfortunately spotify is the main music streaming service so we aren't left with much choice.",1,0,,0,169,31,year leave star review rating change unfortunately spotify main music streaming service not leave choice
2022-06-04 23:18:00,"It's a really good source for music , easy to use ....you can save thousands of songs on a custom play list , I love it the only reason I gave it 4 stars is because sometimes the app glitches a lil but other than that they are fine!",4,0,,1,232,49,good source music easy use save thousand song custom play list love reason give star app glitche lil fine
2022-06-25 01:04:21,"I'm paying for this app and it's still so sucky??? Always glitching, can't see the music play bar on the app nor on my homescreen/lockscreen. No matter how many times i refresh it, update it and clear up my phone. Why am i even paying for an app that doesn't work efficiently.",2,49,,0,276,52,pay app sucky glitche not music play bar app homescreenlockscreen matter time refresh update clear phone pay app not work efficiently
2022-06-28 02:30:07,It shuffle to song I didn't want listen,1,0,,0,39,8,shuffle song not want listen
2022-06-18 12:21:36,Not able to login after the new update even after trying all the methods,1,0,,0,72,14,able login new update try method
2022-06-06 10:45:50,It's crashing everytime I play something.,2,0,,0,41,6,crash everytime play
2022-06-30 20:27:57,Very nice i love spotify,1,0,,0,24,5,nice love spotify
2022-06-02 04:52:13,I search a song and when I press on it to add it to a playlist I go into someone else's playlist and now I'm watching ads the thing on the search says song not playlist,2,0,,0,168,36,search song press add playlist else playlist watch ad thing search say song playlist
2022-06-28 13:48:06,Very cool app because I can not getting back With Another Event and I will be there at about the same as the one I have is a good time to come by and look at your schedule,5,0,,1,171,38,cool app get event good time come look schedule
2022-06-27 20:48:02,Just get rid of the Disney and all will be great for me and maybe more. I don't like hearing the same ads all the time. But you still get 5 stars.,5,0,,1,146,32,rid disney great maybe not like hear ad time star
2022-06-16 19:07:23,Best music & podcast App hands down,5,0,,1,35,7,good music podcast app hand
2022-07-02 02:29:09,Wide array of beautiful music. Thank you,5,0,,1,40,7,wide array beautiful music thank
2022-06-03 03:04:35,"Generally a great app, but I've got a few suggestions, mainly for podcasts. Can we get a function to 'save a place' or bookmark in a podcast. I'll often switch podcasts and then have to scroll back and try to find where I left off with the original. Also a search function within a specific podcast 'menu', some pods are hundreds of episodes long, so being able to search key words/titles without going through years of episodes would be awesome.",4,71,,1,446,80,generally great app ve get suggestion mainly podcast function save place bookmark podcast ill switch podcast scroll try find leave original search function specific podcast menu pod hundred episode long able search key wordstitle go year episode awesome
2022-06-06 11:12:41,Good song recommendations! Best recommendations! Recently lyrics is not showing.,5,1,,1,80,10,good song recommendation good recommendation recently lyric show
2022-06-10 05:14:50,Music library is completely disappeared even liked songs. Disappointing wasting my time and money.,1,1,,0,98,14,music library completely disappear like song disappointing waste time money
2022-06-19 12:32:54,Best music streaming platform . Hands down,5,0,,1,42,7,good music stream platform hand
2022-06-24 23:37:41,It's good but I hate how you can't listen to one singular song and the only option is shuffle and they add to your Playlist and I hate that I only want to listen to the songs that I want and you can't do anything but listen this app is bs and you need premium to do everything,2,0,,0,276,58,good hate not listen singular song option shuffle add playlist hate want listen song want not listen app bs need premium
2022-06-27 09:01:28,It's a good app. But I couldn't download my playlists despite that I paid for the premium version. Still don't know why.,4,0,,1,120,22,good app not download playlist despite pay premium version not know
2022-07-07 20:19:27,"It works only when you open it, it's getting hard to use.",1,0,,0,57,12,work open get hard use
2022-06-01 02:36:06,STILL Keeps crashing for no reason it's getting worse,1,0,,0,53,9,keep crash reason getting bad
2022-06-20 23:06:01,Spotify has a great diversity of music. Terrific sound quality Spotify give you the best choices in any genre of music.,5,0,,1,119,21,spotify great diversity music terrific sound quality spotify good choice genre music
2022-06-27 17:32:49,Spotify is affordable and has all the music you could want...but MY GOD IS THIS THING SLOOOOOOOOOW! The app frequently decides to close completely and getting it to start takes forever (you could literally wait a minute before it loads and allows you to play music). It boggles the mind that a company this big can get things so utterly wrong 🤔,2,19,,0,344,62,spotify affordable music wantbut god thing slooooooooow app frequently decide close completely get start take forever literally wait minute load allow play music boggle mind company big thing utterly wrong
2022-07-04 17:03:38,"I love the app. I wish we could edit better without premium, because some people cannot buy that, but it doesn't take away from the oppertunities overall. That is, if you can be patient.",5,0,,1,186,34,love app wish edit well premium people buy not away oppertunitie overall patient
2022-07-05 18:51:29,"Was terrible, couldn't stand using the app with ads and limited skips... then I got premium. Now, all I ever use is Spotify. No ads, no taking up phone space, and pretty much all the music I listen to. Sometimes I have an itch for a song that isn't available on Spotify, so I just YouTube it and carry on with my day. The only subscription I won't be getting rid of any time soon :D",5,2,,1,382,76,terrible not stand app ad limited skip get premium use spotify ad take phone space pretty music listen itch song not available spotify youtube carry day subscription will not get rid time soon
2022-06-10 04:41:50,Awesome app every song that I wanted was here ..Spotify-whst YouTube? Too much commercials ....Spotify all the way Six stars ******,5,0,,1,131,21,awesome app song want spotifywhst youtube commercial spotify way star
2022-07-04 16:19:02,"Sound quality is very good, if iam not using app then show adds no issue, but why r u showing adds to take premium, i will never take premium.",1,0,,0,142,29,sound quality good iam app add issue show add premium premium
2022-06-28 18:32:54,"Like a meth head selling his daughter on the corner do this- 3 month free trail, after 2.5mths make a new email and account then share playlists rinse and repeat (I am poor can't afford a cup of noodles)",5,0,,1,203,39,like meth head sell daughter corner month free trail 25mth new email account share playlist rinse repeat poor not afford cup noodle
2022-06-30 01:21:15,"Very happy with Spotify so far,I'm a new user,really like the service 👍",4,0,,1,71,13,happy spotify farim new userreally like service
2022-07-05 07:11:07,Well organised app but reason for 2 stars are 1.) Lots of ads after every 2 songs there's an ad 2.) Connected to wifi with avg speed of 10mbps still there's a network error so I have to close app and open again 2-3 times to try my luck,2,0,,0,235,49,organised app reason star lot ad song ad connect wifi avg speed 10mbps network error close app open 23 time try luck
2022-06-06 08:38:06,It is super app for slow mind leaning. 😇💙🤍❤ 🔊💯✨️❄️👌🏼. 🥳🥳🥳 🤣🤣🤣🤣😎😎😎😎 sometimes.😔😔😔😔😔 sometimes 🥳🥳🥳🥳🥳 in the head ⚡️⚡️⚡️ music. an life vary good by. Music and it is very. Important app. For happiness. 🔊🔊🔊. ✨️✨️✨️. 💯💯💯💯💯💯💯💯💯. 🤩🤩🤩. It is an great app. 🥰🥰🥰🥰. To make you're life happy. By praveen. Kp,5,0,,1,295,52,super app slow mind lean      head music life vary good music important app happiness      great app life happy praveen kp
2022-06-18 19:06:47,"I've had Spotify for a long time and it has been overall the best music app I've ever had. I would have hands down given this app 5 stars, but I'm upset with the new update. It used to have a scroll on the side but no longer has it in the new update. I have 1500+ liked songs in my Library, and I now have to scroll through 1000 songs just to get to one song I wanna listen to. Sure, I can search in my Library, but then it won't auto play all my music. -Edit- The scroll is back! 5 stars!",5,315,,1,489,104,ve spotify long time overall good music app ve hand give app star upset new update scroll long new update 1500 like song library scroll 1000 song song wanna listen sure search library will not auto play music edit scroll star
2022-06-22 11:00:48,"Very good app for listening songs,news,bhajans,prodcasts etc .",5,0,,1,62,8,good app listening songsnewsbhajansprodcast etc
2022-06-29 07:24:06,This app is good but it should be run offline as well,5,0,,1,53,12,app good run offline
2022-07-02 10:30:13,I've had Spotify premium since 2017 and it's never failed to provide the right tunes when nessecary. Never need wifi to play a song. Spotify is the BEST!!!,5,0,,1,155,28,ve spotify premium 2017 fail provide right tune nessecary need wifi play song spotify good
2022-06-24 11:48:14,Best app which helped me to upgrade my life quality. Helped me through lot of hard times!,5,0,,1,89,17,good app help upgrade life quality help lot hard time
2022-06-24 16:53:26,i have been thinking of getting premium but even if you dont its still an amaszing expeiriance,5,0,,1,94,17,think get premium not amasze expeiriance
2022-07-08 19:53:45,"Spotify is the best way to listen to music on mobile or tablet. Search for any track, artist or album and listen for free. Make and share playlists. Build your biggest, best ever music collection. Get inspired with personal recommendations, and readym",5,0,,1,251,42,spotify good way listen music mobile tablet search track artist album listen free share playlist build big good music collection inspire personal recommendation readym
2022-06-19 05:45:54,Sound quality is great...,5,0,,1,25,4,sound quality great
2022-07-02 17:47:21,Easy to use and fast,5,0,,1,20,5,easy use fast
2022-06-14 12:54:53,Best music you can find but not everything is available but I find what I need it just sometimes they lock the shuffle.,4,0,,1,119,23,good music find available find need lock shuffle
2022-06-27 22:01:47,I thoroughly enjoy listening to my own music here on Spotify.,5,0,,1,61,11,thoroughly enjoy listen music spotify
2022-05-31 04:57:53,"3 years later and millions of songs listened to! Even though I don't have Spotify premium it's still amazing!!!!! Best music app out there! The only thing I dont like is when I'm scrolling thru songs and it'll give me ads and say 'enjoy the next 30 minutes of ad free music', I'll scroll about 2-4 songs and it gives me like 4 ads in a row :( I fall asleep to Spotify but sometimes the continuous adds wake me up.",4,75,,1,413,81,year later million song listen not spotify premium amazing good music app thing not like scroll song ll ad enjoy 30 minute ad free music ill scroll 24 song give like ad row fall asleep spotify continuous add wake
2022-07-01 00:21:04,best music app I've had...they have all the songs from each genre that i like to listen to and new songs that I enjoy!,5,2,,1,118,24,good music app ve hadthey song genre like listen new song enjoy
2022-06-25 02:55:17,Playlists are too repetitive and YouTube music is way better,2,0,,0,60,10,playlist repetitive youtube music way well
2022-06-05 00:18:13,Awfull.. when I try to open any sound file on my device it wil try to open in with Spotify even if I have disabled it in every setting. I can't use the app because of this. Have had to reinstal it every time I want to listen to music....,1,0,,0,237,50,awfull try open sound file device wil try open spotify disable setting not use app reinstal time want listen music
2022-06-26 11:29:09,There should be an option to edit home screen,4,0,,1,45,9,option edit home screen
2022-06-21 07:40:17,Music Streaming just got better.,4,0,,1,32,5,music streaming get well
2022-07-07 02:59:55,This app has been acting up lately pausing for long periods during podcasts and won't play via Bluetooth in my car. Also will play the same ad over and over and I'm unable to skip through it and get back to whatever I was listening to. I've had to Uninstall and re install numerous times the past few weeks. Please fix!,1,3,,0,319,61,app act lately pause long period podcast will not play bluetooth car play ad unable skip listen ve uninstall install numerous time past week fix
2022-06-14 14:13:54,"Love Spotify, hear what I want to hear!",5,1,,1,39,8,love spotify hear want hear
2022-06-30 17:15:08,Paid accounts still have advertisements on podcasts,4,0,,1,51,7,pay account advertisement podcast
2022-06-19 13:24:41,"I use this almost 100% for podcasts, even a podcast playlist which is awesome. Searching podcasts buy title or subject or topic and making customized playlists is a great feature.I do appreciate that your downloads don't take how much room and then I can use the Spotify all the time even when I'm offline. Also when I got a new phone it loaded my Spotify favorites history everything perfectly, thanks",5,2,,1,402,70,use 100 podcast podcast playlist awesome search podcast buy title subject topic make customize playlist great featurei appreciate download not room use spotify time offline get new phone load spotify favorite history perfectly thank
2022-06-19 17:40:32,Great station I love this app you can choose your own music and play all day long,5,0,,1,81,17,great station love app choose music play day long
2022-06-18 06:16:38,Really wonderful and useful aap,5,0,,1,31,5,wonderful useful aap
2022-07-01 02:46:14,It made me have to log back in and now if won't let me log back in,2,0,,0,66,17,log will not let log
2022-06-02 18:05:12,"Spotify has been the best music app have seen in my entire life, kudos to the originator, from the graphics and composure all are top notch 👌🏾🥰",5,2,,1,143,27,spotify good music app see entire life kudo originator graphic composure notch
2022-07-04 07:21:45,Pretty good working with Google be better if billing could be added to phone bill.,4,0,,1,82,15,pretty good work google well billing add phone bill
2022-07-04 11:44:23,"Ok, the latest update is just horrible, there is a limitation of the number of skips i can do per hour, and i can only play my playlist with shuffle, now my hardwork of making the order of the songs are just ruined, don't download this, plus you need to hear all the other parts of the song just to listen to the chorus, just... Don't download this, you're wasting your time, i don't knwo if they will change this tho",1,0,,0,417,81,ok late update horrible limitation number skip hour play playlist shuffle hardwork make order song ruin not download plus need hear part song listen chorus not download waste time not knwo change tho
2022-06-12 04:46:01,"I like Spotify than any other app like resso ,ganna ,wynk",4,0,,1,57,11,like spotify app like resso ganna wynk
2022-06-21 12:11:10,Variety of playlist available based on your mood & fav artist. Reasonable price for student subscriptions.,5,0,,1,106,16,variety playlist available base mood fav artist reasonable price student subscription
2022-06-15 18:41:06,"Very restrictive, You have to pay for almost everything other apps can do for free. It was okay for awhile but after realizing I couldn't do pretty much anything without premium I stopped using it. I would recommend YouTube music way over this.",1,0,,0,244,43,restrictive pay app free okay awhile realize not pretty premium stop recommend youtube music way
2022-06-24 17:48:06,best app for listening songs,5,0,,1,28,5,good app listen song
2022-06-07 04:04:07,"Only one subscription available from install, why can't we register a family plan from the start. Why does your company need to keep credit card info? Cant you run the subscription service through Google play like other competitors? You make it more difficult than it needs to be...",2,0,,0,282,48,subscription available install not register family plan start company need credit card info not run subscription service google play like competitor difficult need
2022-06-04 22:42:27,Versitile and diverse. I love it for all the great music from my era.,5,0,,1,69,14,versitile diverse love great music era
2022-05-31 20:03:24,This is a good app but in the last 6 months i have had to update close to 30 times and is making me reconsider other options... 6 days between updates is getting old... (edit) yet another update,1,0,,0,194,38,good app month update close 30 time make reconsider option day update get old edit update
2022-06-20 14:06:55,This app is very good and very comfortable to use you can also see lyrics and sound experiance is very good and there is no risk for hacking i have 6 years experience for spotify,5,0,,1,178,35,app good comfortable use lyric sound experiance good risk hack year experience spotify
2022-06-17 06:02:24,I fell for fake news for hating spotify . I was wrong and i love joe rogan podcast . Thx fake news to introduce me to his podcast. The most reasonable autentic podcast . I wish we had a french canadian version of the joe rogan podcast. Someone step up plz.,5,0,,1,256,51,fall fake news hat spotify wrong love joe rogan podcast thx fake news introduce podcast reasonable autentic podcast wish french canadian version joe rogan podcast step plz
2022-06-03 13:01:27,Nice selection of tunes and I'm getting older,5,0,,1,45,8,nice selection tune get old
2022-06-03 18:11:16,My Spotify keeps crashing even after reinstalling this has never done to me before. Is there a way to fix this. It's already at its latest version.,4,0,,1,147,27,spotify keep crash reinstall way fix late version
2022-06-28 22:58:52,It has like all the songs. 🎵 It is also super easy to find the song you won't to listen to. There is the perfect amount of ads as well. You can listen to songs anywhere you like.,5,0,,1,178,38,like song super easy find song will not listen perfect ad listen song like
2022-06-16 20:46:29,Great music selection love it,5,0,,1,29,5,great music selection love
2022-06-07 07:26:15,Yeh app is very good every song you get. Personally this app is very good to me,4,0,,1,79,17,yeh app good song personally app good
2022-06-24 15:20:06,I enjoy the music between all the ads I get. Great app for listening to ads and breaking it up with a song every now and then. Oh did that new album just drop? Here's a bunch of unrelated songs and the album is out of order.,1,0,,0,224,47,enjoy music ad great app listen ad break song oh new album drop here bunch unrelated song album order
2022-06-01 05:00:52,It's amazing...just don't have the premium yet...but it's still fine,5,0,,1,68,10,amazingjust not premium yetbut fine
2022-06-01 17:59:03,At first it was all fine only adds were interrupting but now I am not at all able to enter into my account it always shows error ......after log in into it from email I am still not able to enter my account it's buffering for a long time and sometimes too showing error . They have lots of error .....I am not able to enter in my account ..... please reply,1,1,,0,356,72,fine add interrupting able enter account show error log email able enter account buffering long time show error lot error able enter account reply
2022-06-23 00:43:42,A great range of music and podcasts. I've never seen Spotify down. Worth the price of 2 mugs of coffee each month.,5,0,,1,114,22,great range music podcast ve see spotify worth price mug coffee month
2022-06-29 14:48:19,"The app will NOT work. Just a black screen with spotify icon. Have cleared cache and data, logged out, reinstalled, restarted device. No purported solutions work!! So frustrating. Support is garbage as well. Chat support has you do the abovementioned over and over with same results...Einstein's definition. Premium is a cimolete ripoff if it won't work on mobile devices!!!!",1,3,,0,375,59,app work black screen spotify icon clear cache datum log reinstall restart device purport solution work frustrating support garbage chat support abovementione resultseinstein definition premium cimolete ripoff will not work mobile device
2022-07-05 13:19:18,Awesome experience but add is annoying,5,0,,1,38,6,awesome experience add annoying
2022-07-03 19:35:11,I hate that when I drive the music just cuts out then I have to open my phone to play the music repeatedly,4,0,,1,106,23,hate drive music cut open phone play music repeatedly
2022-07-01 03:08:02,Bug after bug after bug.,2,2,,0,24,5,bug bug bug
2022-07-01 04:06:57,It's so great I love it so much I have no complaints,5,0,,1,52,12,great love complaint
2022-06-09 21:26:23,Why is there cover image as my lockscreen background. Could you please remove that feature. It's really irritating. No other platform does that (or gives you the option to remove it) it destroys the minimalist approach I tend to do on phone.,4,0,,1,241,42,cover image lockscreen background remove feature irritate platform give option remove destroy minimalist approach tend phone
2022-06-22 18:50:29,"You know, just the best music app.",5,0,,1,34,7,know good music app
2022-06-16 12:26:29,"App is great, iam not a premium member so there are ads",5,0,,1,55,12,app great iam premium member ad
2022-06-15 21:16:44,When screen is off Spotify not playing.. please fix this bug,1,0,,0,60,11,screen spotify play fix bug
2022-06-11 21:41:19,Nice app and really appreciate the lyrics with the music ..nice thanks,5,0,,1,70,12,nice app appreciate lyric music nice thank
2022-06-24 18:24:26,You can download songs that you like 😘😍😍💖💖❤️❤️,5,0,,1,46,8,download song like
2022-06-28 18:37:06,I'm really really irritated that you only get six skips in your liked list. What if I'm not in the mood to listen to a song that I like? At LEAST give us unlimited skips in our own Playlists. Please. I know I'm not the only one frustrated.,2,2,,0,239,48,irritated skip liked list mood listen song like unlimited skip playlist know frustrated
2022-06-19 12:46:38,Its best app for music I used to listen old song of india,5,0,,1,57,13,good app music listen old song india
2022-06-26 10:27:00,I have been with this app for 5 months. I was late on my bill but payed it. I lost over 3000 if not more songs. Poof gone. 5 months of selections. Got everything.back. i love using spotify,5,0,,1,188,38,app month late bill pay lose 3000 song poof go month selection get everythingback love spotify
2022-06-04 04:47:31,Wide range of songs with exceptional quality! Really enjoying AF..,5,0,,1,66,10,wide range song exceptional quality enjoy af
2022-06-30 14:23:44,Thumbs up for this app! Easily download any songs that I want and it's good for sharing.,5,0,,1,88,17,thumb app easily download song want good share
2022-06-29 13:34:54,I love the app I would give it 4 stars but it keeps on playing suggested songs and I don't know how to take them of.,1,0,,0,116,26,love app star keep play suggest song not know
2022-06-23 12:42:02,"It keeps crashing. Also, it tells me to enjoy the next 30 minutes without interruptions but then I'll hear a commercial within the next 5 minutes. Then it tells me again to enjoy the next 30 minutes without interruptions... and then... another commercial within the next 5 minutes.",2,0,,0,281,48,keep crash tell enjoy 30 minute interruption ill hear commercial minute tell enjoy 30 minute interruption commercial minute
2022-06-26 02:05:41,"Used to love spotify until everytime I try to play my playlists, it plays other songs and I turned off autoplay and it still doesn't work. Spotify is only doing this for money",1,0,,0,175,33,love spotify everytime try play playlist play song turn autoplay not work spotify money
2022-07-03 21:29:53,I have a busted speaker and it is still clear and I hear the still clear,5,0,,1,72,16,bust speaker clear hear clear
2022-07-02 19:05:49,"It's nice when l don't want to watch TV I have a great selection of music oldies and modern to listen to, goes with my moods brilliant",5,0,,1,134,27,nice not want watch tv great selection music oldie modern listen go mood brilliant
2022-06-20 15:29:14,"This app consistently disconnects every Bluetooth device when I open it. I can use every other app and Bluetooth device without issue, yet Spotify routinely disconnects my devices upon opening. New changes to the UI make it more difficult to see artists catelogue and to select desires music. I use this app because it holds my playlists and my friends upload their content on it. Otherwise, I use YouTube and simply skip ads after 5 seconds.",2,0,,0,442,76,app consistently disconnect bluetooth device open use app bluetooth device issue spotify routinely disconnect device open new change ui difficult artist catelogue select desire music use app hold playlist friend upload content use youtube simply skip ad second
2022-06-13 09:50:53,Best music app there is!,5,0,,1,24,5,good music app
2022-06-12 16:43:47,This is the first aap there I can listen pahari song of all singers.. That's why I love it❤,5,0,,1,91,19,aap listen pahari song singer love
2022-06-16 22:14:00,"Wonderful! I would love a bit more intuition for the Android app like the Apple version is, but it does the job. Most of my songs recommended aren't similar to what I listen to, but you'll find a nugget or two. Neat stuff",5,1,,1,221,43,wonderful love bit intuition android app like apple version job song recommend not similar listen ll find nugget neat stuff
2022-06-06 12:56:52,Love this app. I recommend getting duo. Saves money and a friend can listen too.,4,1,,1,80,15,love app recommend get duo save money friend listen
2022-07-07 07:33:45,good quality of songs,5,0,,1,21,4,good quality song
2022-06-16 13:47:52,Helps my mental health more than you will ever know.,5,0,,1,52,10,help mental health know
2022-06-07 09:39:09,"Undoubtedly one of the best music app. It has curated the UI very well. Podcasts are also from very wide range. But recently for last 10 days I'm facing a serious issue, the app is not working. Whenever I play any song it just crashes. So i uninstall the app and again install the app, but it didn't work, after few days again it starts working,and again after few days it got crashed. Please 🙏 kindly solve your bugs.",4,395,,1,418,79,undoubtedly good music app curate ui podcast wide range recently 10 day face issue app work play song crash uninstall app install app not work day start workingand day get crash kindly solve bug
2022-06-21 12:31:10,"Too much ads , its ok to show ads but it's too much.",1,0,,0,52,13,ad ok ad
2022-06-22 01:38:42,Best streaming app imo!,5,0,,1,23,4,good streaming app imo
2022-06-18 05:54:10,"I don't know if this a glitch or something but when I tried to press the play button it played another song. Please fix this, also again, I don't know if this a glitch cause I'm new to this app. Thank you.",2,0,,0,205,42,not know glitch try press play button play song fix not know glitch cause new app thank
2022-06-14 16:56:50,"The app is great tho idk why but I don't have the canvas option so that's sad, but still 5stars. I also got the family premium so ya it's cool 🤌",5,0,,1,144,31,app great tho idk not canvas option sad 5stars get family premium ya cool
2022-05-31 20:31:45,"Buggy offline content. I download content then switch my phone to airplane mode and/or switch to offline mode within the app. Sometimes my downloaded content will not play and displays a grey icon indicating that the content was not downloaded. Upon re-establishing internet connection the green icon shows and will play offline. This is a massive bug and has caused many a curse words directed at spotify. Please fix this bug, it is literally the only reason I pay for spotify.",2,0,,0,478,81,buggy offline content download content switch phone airplane mode andor switch offline mode app download content play display grey icon indicate content download reestablish internet connection green icon show play offline massive bug cause curse word direct spotify fix bug literally reason pay spotify
2022-06-12 04:38:40,4 stars because there are WAAAAAAAY to mich ads before your next song plays on the playlist ik you can bit premium but yea,4,0,,1,122,24,star waaaaaaay mich ad song play playlist ik bit premium yea
2022-06-09 20:36:36,Please kannada God songs added hope albums but super awesome app,5,0,,1,64,11,kannada god songs add hope album super awesome app
2022-06-26 21:04:35,Pleasure to listen too. Nice music 🎶,4,0,,1,36,7,pleasure listen nice music
2022-07-03 12:39:53,Definitely a five star app. It has every song in the book. Plus lyrics. And it's fast.,5,0,,1,86,17,definitely star app song book plus lyric fast
2022-06-15 09:41:30,Solid two thumbs up... keep it up people,5,0,,1,40,8,solid thumb people
2022-06-27 04:08:46,"Love the app, works great, never had any problems 👍",5,0,,1,51,10,love app work great problem
2022-06-12 23:12:06,Paying for a premium service that only works when it wants to. Very buggy app,2,0,,0,77,15,pay premium service work want buggy app
2022-06-22 12:18:47,"Caters to my music tastes, and gives similar bands to choose from. I like this app, can't believe I was so against it in the first place. It even let's me make my own playlists, easier than YouTube premium for sure.",5,0,,1,215,41,cater music taste give similar band choose like app not believe place let playlist easy youtube premium sure
2022-06-17 10:56:12,I love the lack of commercials and the fact that I an play things up to 3.5x speed.,5,0,,1,83,18,love lack commercial fact play thing 35x speed
2022-07-01 03:42:32,Its great no issues from my side very much actually,5,0,,1,51,10,great issue actually
2022-06-19 21:13:16,:( Bug that won't let me add any new personalized playlist photos. Says I should check my wifi connection. (which works perfectly fine.),5,0,,1,136,23,bug will not let add new personalized playlist photo say check wifi connection work perfectly fine
2022-06-08 06:11:16,"Look, I get that apps need to make ad revenue to survive, but I just listened to 7 ads in a row to start listening to my playlist, SEVEN!!! If you're a glutton for ads, this is it for you.",1,0,,0,188,40,look app need ad revenue survive listen ad row start listen playlist seven glutton ad
2022-07-02 16:23:12,Everytime I install the app it opens it but it won't go to the log in page it only stays on the Spotify logo and it just stays there I've tried to install and uninstall the app but it doesn't work. And even tryed to restart my phone and check my data and it still doesn't work.,2,0,,0,277,57,everytime install app open will not log page stay spotify logo stay ve try install uninstall app not work try restart phone check datum not work
2022-07-02 13:32:14,"Honestly I didn't start truly enjoying Spotify until I started using the Student plan for Premium, but it's worth it. Easy listening, easy playlist organization, good quality music.",5,0,,1,181,28,honestly not start truly enjoy spotify start student plan premium worth easy listen easy playlist organization good quality music
2022-06-22 14:20:02,"The new update sucks. It won't actually let me listen to my playlists anymore. I made a new playlist this morning and instead of letting me listen to it, it started playing the recommended songs and there's no way that I've been able to find to make it stop. There's also no way to turn off shuffle. It won't let you click on specific songs in your playlist anymore and the daily skips have lowered by a lot. Did I use up a free trial of premium or something? Because I did not sign up for one.",1,41,,0,494,97,new update suck will not actually let listen playlist anymore new playlist morning instead let listen start play recommend song way ve able find stop way turn shuffle will not let click specific song playlist anymore daily skip lower lot use free trial premium sign
2022-06-19 14:32:59,I hate advertise please revome advertise from this app😡,1,0,,0,55,9,hate advertise revome advertise app
2022-06-14 09:14:51,Best app and I need a option of set callar tume please arange a option also,5,0,,1,75,16,good app need option set callar tume arange option
2022-06-19 02:15:19,"My god, if you are to use any version use the computer version, this will add random songs to your playlist, and give you limited skips so you can't go through them. The ads they also give you are so much more annoying, you cant even close the tab they open, and the only way to avoid these things is pay for premium Would not recommend to anyone, use the computer version if you really want spotify, this is a blatant cash grab.",2,0,,0,429,83,god use version use computer version add random song playlist limit skip not ad annoying not close tab open way avoid thing pay premium recommend use computer version want spotify blatant cash grab
2022-06-24 11:14:08,Absolutely crazy amazing. Spotify primume really makes the change.,5,0,,1,66,9,absolutely crazy amazing spotify primume make change
2022-06-18 14:19:59,No words to say it is awesome. But adds are the problems .,5,0,,1,58,13,word awesome add problem
2022-06-12 22:19:16,I hate how it plays a diffrent song sometimes and that its only avalable fr premium subscription but its a great app,4,0,,1,116,22,hate play diffrent song avalable fr premium subscription great app
2022-06-15 15:15:50,So far i love it...only a couple weeks and just updated so we'll see after the update,5,0,,1,85,17,far love itonly couple week update update
2022-06-24 10:52:31,Marvelous Spotify is the best,5,0,,1,29,5,marvelous spotify good
2022-06-17 18:37:31,For some reason this app is now trying to open all of my personal audio without my permission and there is no option to stop it. It is not my default audio player and I can not open it any other way. Horrible.,1,0,,0,209,43,reason app try open personal audio permission option stop default audio player open way horrible
2022-06-11 13:06:01,Spotify gives amazing music experience. All playlists are so good and give goesbumps. I love this app,5,0,,1,101,17,spotify give amazing music experience playlist good goesbump love app
2022-06-21 15:16:09,"Turn it on and let it go, no talk, no ads!",5,0,,1,42,11,turn let talk ad
2022-07-06 18:00:11,Good music so many ads,4,1,,1,22,5,good music ad
2022-06-15 10:12:25,I liked it because it has amazing songs,1,0,,0,39,8,like amazing song
2022-06-18 05:58:14,I love spotify but i dont like the suggestions in my playlists that actually play.if i wanted those songs they would be there.thats a really annoying new thing going on.,5,0,,1,169,30,love spotify not like suggestion playlist actually playif want song therethat annoying new thing go
2022-07-05 06:29:27,Everything great other than the equalizer menu should be accessible on the homepage snd the app has some bad optimization or something because it opens super slow.,4,0,,1,163,27,great equalizer menu accessible homepage snd app bad optimization open super slow
2022-06-15 18:24:56,"i've been using spotify since 2017 overall its been good. but recently the app randomly crashes and won't play a song all the way through. if the song actually finishes it doesn't continue on to the next song, i have to open the app back up and press play. if i'm switching playlists i have to close the app out entirely and push play on the previous song just to get it to play the new playlist. its becoming a hassle and unfortunately if it continues i'll be switching platforms",1,10,,0,480,90,ve spotify 2017 overall good recently app randomly crash will not play song way song actually finish not continue song open app press play switch playlist close app entirely push play previous song play new playlist hassle unfortunately continue ill switch platform
2022-06-17 22:55:32,"Plss fix your app, it's hard to use, what the heck, all the songs and playlists shuffled play I can't even play the song I want because it's shuffled even though a song isn't included in the album There are also many ads Plss fix it 😢btw I'm not angry I just asked for a little request on spotify🥺",1,0,,0,297,59,plss fix app hard use heck song playlist shuffle play not play song want shuffled song not include album ad plss fix btw angry ask little request spotify
2022-07-03 16:22:34,"I wish it had less commercials but other than that I love the sound, the quantity of music and artists. A pretty nice app.",5,0,,1,122,24,wish commercial love sound quantity music artist pretty nice app
2022-06-04 22:54:18,The music and stations and radios are always so cooperative they work so good and I appreciate everything that they do music here just it hits different and I love it that is why I am here giving it a five star I highly recommend this app it's plays music and podcasts and so many different genres of music and stuff and it's amazing and I highly recommend it,5,0,,1,359,69,music station radio cooperative work good appreciate music hit different love give star highly recommend app play music podcast different genre music stuff amazing highly recommend
2022-05-31 05:09:15,"Too many ads ab buying premium and even after showing that it will be 30 mins ad free after we watch the full ad, it only continues for 10 mins ad free",4,2,,1,151,32,ad ab buying premium show 30 min ad free watch ad continue 10 min ad free
2022-06-03 08:51:09,I can't play the song I want everytime that i play the exact song i want it suddenly play random song that i didn't even want,1,0,,0,125,26,not play song want everytime play exact song want suddenly play random song not want
2022-06-03 13:29:36,"I'll give five stars again but after this update it's buggy as hell. Now playing bar never shows up, freezes, (Update: fixed ) Update: lyrics don't show up when casting to a Spotify connect device!",1,2,,0,197,35,ill star update buggy hell play bar show freeze update fix update lyric not cast spotify connect device
2022-07-07 18:09:32,"These new updates suck Are you going to fix the offline mode, because when i dont have data i want to open my downloaded playlist, an all i get is a black screen, i shouldnt need more data to play something that is already downloaded. For now im going to cancel my suscription, i dont want to live with this again, ill try youtube music",1,0,,0,336,65,new update suck go fix offline mode not datum want open download playlist black screen not need datum play download go cancel suscription not want live ill try youtube music
2022-06-15 04:50:10,I don't know what's the problem now from 3-4 weeks m not able to send songs in Snapchat because the songs image is not coming. PLEASE FIX THE ISSUE ASAP!,2,0,,0,153,30,not know problem 34 week able send song snapchat song image come fix issue asap
2022-06-21 01:41:49,So good and enjoying to hear music,5,0,,1,34,7,good enjoy hear music
2022-06-30 02:25:42,"I have had Spotify for a week so far its excellent, plays all the good music l want to hear.",5,0,,1,92,20,spotify week far excellent play good music want hear
2022-06-04 03:49:29,It's all in all pretty good but it has its problems,4,0,,1,51,11,pretty good problem
2022-07-01 00:48:59,"Well, it continously says offline and to get online to listen to anything. I am online....🤷‍♀️🤷‍♀️😒",1,0,,0,99,16,continously say offline online listen online
2022-06-27 17:17:42,"So much I like but LOSING NEIL YOUNG because he simply wanted folks to get accurate COVID info is unforgivable. Ratings/$$ over people's health & safety? Shame on you Spotify! That said, Spotify's layout is easy on the eyes. The fonts, crisp album covers & how info is layed out on each page simply looks great!Adding the song lyrics? I love it. The system itself is very user friendly. The band/artist selection is HUGE, and their recs are awesome, allowing me to find new bands.!",5,18,,1,481,85,like lose neil young simply want folk accurate covid info unforgivable rating people health safety shame spotify say spotifys layout easy eye font crisp album cover info lay page simply look greatadde song lyric love system user friendly bandartist selection huge rec awesome allow find new band
2022-06-23 02:00:59,The best app in music but you should add sapne sajn ke too,5,0,,1,58,13,good app music add sapne sajn ke
2022-06-12 07:22:28,It's help to ease anxiety...,5,0,,1,28,5,help ease anxiety
2022-06-16 14:49:19,"I like this app It have all types of songs Like party,lofi,pop,soft Types of songs So i like this app I have give ⭐⭐⭐⭐⭐star and i also like the sound quality that is cool 😍",5,0,,1,172,35,like app type song like partylofipopsoft type song like app star like sound quality cool
2022-06-17 08:51:31,Why is the download getting stuck every single day at 99% ... drives me nuts,4,1,,1,76,15,download get stick single day 99 drive nut
2022-06-19 08:35:10,"As a music app definitely serves its purpose, great algorithm on preference and I love the offline play. Main reason I subscribe, you get a discount if you pay for full year which most music apps don't offer. Only draw back, doesn't offer details on tracks eg production date, producers, and also no mixed content",4,0,,1,313,55,music app definitely serve purpose great algorithm preference love offline play main reason subscribe discount pay year music app not offer draw not offer detail track eg production date producer mixed content
2022-06-04 05:05:43,"Spotify is a great app,I Think We All Sgoyld Have It.",5,0,,1,53,11,spotify great appi think sgoyld
2022-06-21 22:14:56,"The app play keeps stopping while playing through, esp when screen shuts off, but very inconsistent all around. Really takes away from a laid back listening experience. ---- Update: last few updates (June 2020) have been doing the same thing again, but even worse. Songs will stop playing seconds after starting, have to scrub through multiple songs to get it audio to start playing again. No control over which you can play when it gets like that. Pause/play is useless",2,40,,0,470,80,app play keep stop play esp screen shut inconsistent take away lay listening experience update update june 2020 thing bad song stop play second start scrub multiple song audio start play control play get like pauseplay useless
2022-07-07 20:52:56,It takes so long just to download,1,0,,0,33,7,take long download
2022-07-01 04:56:20,So many fun things and songs,5,0,,1,28,6,fun thing song
2022-06-13 17:37:23,Very good app it deserves five stars . It's a good music app probably the best and has no problems there isn't any I've seen actually,5,0,,1,133,26,good app deserve star good music app probably good problem not ve see actually
2022-07-04 08:18:39,"I've been using Spotify for a few years now, we've a family membership. It's great, I rarely find that they don't have a song/tune I'm after. I have my favourites, and every now and then I go through their suggested listening and sometimes find a new favourite. When I visit my Dad it's on with Spotify and we're filling the house with some oldies, such as Bert Kaempfert and James Last 😀",5,0,,1,388,72,ve spotify year ve family membership great rarely find not songtune favourite suggest listening find new favourite visit dad spotify fill house oldie bert kaempfert james
2022-06-25 11:33:12,It would be good if you could include accoutic and live concert versions more,5,0,,1,77,14,good include accoutic live concert version
2022-06-26 01:49:40,"The BEST music app out there. I want play anything but SPOTIFY, its the only music app worth downloading! Thankyou SPOTIFY, for all the New&Old Best tunes from KickAss Music that reaches our ears each day bc of SPOTIFY!! ThankYou.",5,0,,1,230,40,good music app want play spotify music app worth download thankyou spotify newold good tune kickass music reach ear day bc spotify thankyou
2022-06-26 00:57:46,Forces phone to restart when i open the app and download feature non- functional. I bought the premium mainly for the download for offline play feature but cant even download 1 song. Overall so slow and laggy,1,0,,0,208,37,force phone restart open app download feature non functional buy premium mainly download offline play feature not download song overall slow laggy
2022-06-27 20:08:59,It's an amazing music application. Its having all latest music.,5,0,,1,63,10,amazing music application have late music
2022-06-07 19:21:38,Spotify..... Kinda sucks. that's it here's why you can't look up specific songs. and when you do you get a playlist named after that song. Runes the app,1,0,,0,152,28,spotify kinda suck here not look specific song playlist name song run app
2022-06-04 17:43:33,"I won't give it 5 starts because I can't move the songs like to when it's pretty savage I can't do it, to the start PLEASE FIX THIS BUG",4,0,,1,135,29,will not start not song like pretty savage not start fix bug
2022-07-05 15:26:20,Keeps crashing when I open it.,1,0,,0,30,6,keep crash open
2022-05-31 00:51:11,"The app is amazing. The selection is broad, and their recommendations are on point. I dont use premium, but ads aren't too problematic. The only problem is that the app absorbs storage. I'm not sure why, because I use wifi and clear the cache, but the app still takes up over a GB of storage. It's a minimal annoyance, but inconvenient nevertheless. Overall, I would reccomend it.",4,106,,1,380,67,app amazing selection broad recommendation point not use premium ad not problematic problem app absorb storage sure use wifi clear cache app take gb storage minimal annoyance inconvenient overall reccomend
2022-06-06 11:53:40,"Really great music app, but i dont like how some times it plays random songs or dosent play in order, cant tell if thats just me.",5,0,,1,129,26,great music app not like time play random song dosent play order not tell
2022-06-20 19:20:59,Easy-to-use and so much music,4,0,,1,29,5,easytouse music
2022-06-08 23:23:37,crashes after a few seconds whenever i try to open any other apps. doesn't play stuff at all quite often,1,0,,0,104,20,crash second try open app not play stuff
2022-06-03 06:29:34,Very pleased with service,5,0,,1,25,4,pleased service
2022-07-07 19:05:38,"Play bar disappears and you cannot skip or pause playing episode, only way it comes back is with a force close.",2,1,,0,111,21,play bar disappear skip pause playing episode way come force close
2022-06-30 10:35:10,Some songs disapear from my playlist. And NO it is not the artist removing them from Spotify library as they are still available to add manually again.,1,0,,0,151,27,song disapear playlist artist remove spotify library available add manually
2022-06-26 20:31:30,I love the app as much as spotiq,5,0,,1,32,8,love app spotiq
2022-07-01 17:50:22,Top one music ..but mention downloading option.,4,0,,1,47,7,music mention download option
2022-06-23 01:08:09,"I've been using Spotify for years and I love it! It's super easy to navigate. But as of late the lyrics have stopped showing up on songs, from my understanding it's a glitch in the app but maybe I'm wrong. Another issue I've had, like many other's, is the ads. There are way too many and they put them in way too often.",4,1,,1,319,63,ve spotify year love super easy navigate late lyric stop show song understanding glitch app maybe wrong issue ve like ad way way
2022-06-01 00:49:50,Highly reliable and entertaining...,5,0,,1,35,4,highly reliable entertain
2022-06-16 01:26:09,"The only real problem is the adds, every song has an add it seems.",4,1,,1,66,14,real problem add song add
2022-07-03 03:58:59,So difficult to play songs and keep songs... Not suitable to play specific songs you want but good for random playlist,2,1,,0,118,21,difficult play song song suitable play specific song want good random playlist
2022-06-05 17:13:59,I love the way it shows the lyrics,5,0,,1,34,8,love way show lyric
2022-06-14 13:08:26,I love it because any new song Spotify will let you know down load Spotify for free,5,0,,1,83,17,love new song spotify let know load spotify free
2022-06-13 22:08:42,"Good app, good content, swipe added!",5,0,,1,36,6,good app good content swipe add
2022-06-09 19:23:23,I had to delete and uninstall this app more than one time and I still have the same problem with it it's somehow decides to automatically start playing. Even over other media audio applications plus they keep changing the location of where you can shut off the permissions for that. It's absolutely trash and I would suggest that no one use it because it takes takes over too many permissions on your phone and it really really does spy on your privacy,1,6,,0,452,82,delete uninstall app time problem decide automatically start play medium audio application plus change location shut permission absolutely trash suggest use take take permission phone spy privacy
2022-06-08 05:02:20,"It is very hard and aggravating to try to get into your personal playlist and pick the specific song you want to listen to. Maybe for the premium plan you can access it better, but I'm on the free plan. Also the ads are SUPER ANNOYING AND EXCESIVE. I do like the fact that I can listen to music without being on the actual app, so that is a big plus",4,52,,1,349,71,hard aggravating try personal playlist pick specific song want listen maybe premium plan access well free plan ad super annoying excesive like fact listen music actual app big plus
2022-06-25 19:41:58,What's up with the volume being too low on android auto? It's way too low.,2,0,,0,74,15,volume low android auto way low
2022-06-26 20:20:26,Thanks for free books and music...😍😍😍,5,0,,1,37,6,thank free book music
2022-06-10 07:37:47,Terrific to be able to look up past songs& artists. Wish i could afford to go premium. Pension does not allow it.Unfortunately. Thankyou,4,0,,1,136,23,terrific able look past song artist wish afford premium pension allow itunfortunately thankyou
2022-06-02 16:35:12,Spotify very nice one proqram,5,0,,1,29,5,spotify nice proqram
2022-06-05 22:34:54,I wish the phone app wasn't increase its storage space by itself. I'm not doing anything but app incrase its storage space up to 12 GB.,4,0,,1,135,26,wish phone app not increase storage space app incrase storage space 12 gb
2022-07-06 20:11:52,I haven't had any problems with this app. I have been using it for a long time. I would just like to suggest that there should be an option to select a few songs at once to add to a playlist. Sometimes it is a bit frustrating to choose songs individually.,5,0,,1,255,51,not problem app long time like suggest option select song add playlist bit frustrating choose song individually
2022-06-05 17:12:35,Music is always on in our house. Great variety.,5,0,,1,47,9,music house great variety
2022-06-18 09:57:44,Has all my music but same but I use this app everyday,5,0,,1,53,12,music use app everyday
2022-06-07 14:56:01,Very good but only one problem the ads 🤯🥴,4,0,,1,41,9,good problem ad
2022-06-29 18:33:48,Great app with a very good sound quality. Works great with my voice assistant too which is a bonus,4,0,,1,98,19,great app good sound quality work great voice assistant bonus
2022-07-01 09:27:01,"Too little enjoyment of music played. It's need further upgrades for truetune,360 and spatial sounds play.",4,0,,1,106,16,little enjoyment music play need upgrade truetune360 spatial sound play
2022-06-17 19:30:53,I can find most songs. I had to reload the app not to long ago. No phone support kinda sucks,4,0,,1,92,20,find song reload app long ago phone support kinda suck
2022-06-29 19:25:03,"It's an amazing experience to have majority songs on a music platform - online and offline both! However, it would be great if Spotify could take suggestions for missing songs, which users would like to be made available.",4,0,,1,221,38,amazing experience majority song music platform online offline great spotify suggestion miss song user like available
2022-06-30 18:38:19,I had used iheart radio for years. I will no longer use iheart due to them pushing their GAY agenda on their users. I got tired of gay ads every 10 minutes. I switched to Spotify and hope they are better.,5,1,,1,204,41,iheart radio year long use iheart push gay agenda user get tired gay ad 10 minute switch spotify hope well
2022-07-03 16:10:37,I like the app because it takes lesser time to find songs,5,0,,1,57,12,like app take less time find song
2022-06-12 11:23:56,Great for specific tastes or random recommendations.,5,0,,1,52,7,great specific taste random recommendation
2022-07-03 00:17:43,"Great app, free version might have ad breaks but still great, thanks Spotify 👍👍👍👍👍",5,0,,1,82,14,great app free version ad break great thank spotify
2022-06-04 00:28:57,I want play the music but it wont and go advetisment and going to play its not it its random,1,0,,0,92,20,want play music will not advetisment go play random
2022-06-07 12:32:47,Every song is available in this app best music app,5,1,,1,50,10,song available app good music app
2022-06-07 00:59:20,I don't like This app Because ads are coming,1,0,,0,44,9,not like app ad come
2022-06-08 19:57:30,I love music it's always been a passion for me before trying Spotify I had tried probably every music app that was available and none of them are anywhere close to being a great as Spotify it's easy to use great song selections great prices you just can't get any better than Spotify Thanks for such a great music app Spotify,5,1,,1,325,61,love music passion try spotify try probably music app available close great spotify easy use great song selection great price not well spotify thank great music app spotify
2022-06-11 01:03:07,Good app but the ads make me wanna shove a 69 foot pole down my ear.,4,0,,1,68,16,good app ad wanna shove 69 foot pole ear
2022-06-09 18:12:28,Love it all the time no commercials,5,0,,1,35,7,love time commercial
2022-06-24 11:32:59,"Edit: Since they brought back car mode I've raised my rating to 4 stars but there's still some weird bugs like being unable to access my playlists but music still plays and everything on the home page is fine. Old: So, let me get this straight, you removed the perfectly fine car mode - which despite the name actually had plenty of uses outside of a car - and replaced it with a mode that can only be used with the ""car thing"" - which is currently only available in the USA and costs a cool $80???",4,24,,1,498,97,edit bring car mode ve raise rating star weird bug like unable access playlist music play home page fine old let straight remove perfectly fine car mode despite actually plenty us outside car replace mode car thing currently available usa cost cool 80
2022-06-29 01:37:05,Love the music and my Playlist.,5,0,,1,31,6,love music playlist
2022-07-06 19:56:25,"Was fine until like 6-9 months ago. Music player keeps disappearing, so I can't pause or skip through tracks correctly. This sometimes causes the music to stop randomly as well. Really frustrating. Using Samsung s10e",2,1,,0,216,35,fine like 69 month ago music player keep disappear not pause skip track correctly cause music stop randomly frustrating samsung s10e
2022-06-23 13:23:10,I'm giving it two stars because of a glitch Spotify has while sharing a song link to Snapchat. Like the song link is bizzarely placed with the image..... Usually when I was sharing I never had these problems but now it's too annoying. Like trying to place the link over the image is in itself a glitch. Please try to rectify it.,2,0,,0,328,62,give star glitch spotify share song link snapchat like song link bizzarely place image usually share problem annoying like try place link image glitch try rectify
2022-07-08 12:54:58,Ads are more I am not interested in this app i am deleting it,1,0,,0,61,14,ad interested app delete
2022-06-08 00:42:23,Never works properly. Unable to pause or even let a song/podcast play. Have had issues and developers get back to me with no working solution. Have to update every 2 days. They won't even offer me a discount. This is why Monopolies are illegal. Samsung Z Flip 3. Stuck with them I guess👎,1,1,,0,287,53,work properly unable pause let songpodcast play issue developer working solution update day will not offer discount monopoly illegal samsung flip stick guess
2022-06-30 09:18:48,Great selection of music and easy to access.,5,0,,1,44,8,great selection music easy access
2022-07-08 10:56:41,"it always playing a few songs and 3 ads, and I don't know why",5,0,,1,61,14,play song ad not know
2022-06-04 11:21:15,I can't even access my playlist without data connection 😡🤮🤮,2,0,,0,59,10,not access playlist datum connection
2022-06-29 18:21:15,This is the worst app that I have ever used. I can hear ads after playing 2 to 3 songs even though we don't want to buy the premium the ads are increasing day by day and I am sure that this strategy will lose a lot of customers and I am sure that you have got 4.3 ratings and it is going to turn into 3 very soon,1,0,,0,312,69,bad app hear ad play song not want buy premium ad increase day day sure strategy lose lot customer sure get 43 rating go turn soon
2022-06-06 21:15:45,"would give it a 5 but recently i can't preplay small segments of songs when im in the ""add songs"" section in playlists. hope they add it back cause I'm not familiar with all the songs recommended and i want to know how they sound before adding them to my playlist :/",4,0,,1,266,52,recently not preplay small segment song add song section playlist hope add cause familiar song recommend want know sound add playlist
2022-06-30 14:12:06,Too many bugs on my phone,1,0,,0,25,6,bug phone
2022-06-10 03:18:30,I couldn't even log in into it. I don't know where the problem but tried multiple times in different ways. Yet unable to log in into Spotify,1,0,,0,140,27,not log not know problem try multiple time different way unable log spotify
2022-06-17 17:14:00,Love Spotify! Listen to any music I want anytime!,5,0,,1,49,9,love spotify listen music want anytime
2022-06-11 16:13:27,I pay for premium cuz I hate ads. Still get ads ... For artists... Playlists ... Etc. Super annoying. And app has been very buggy. Can't open certain playlists... And I hate the default shuffle for playlists because I curate my playlist in a particular order. App has gone to hell. Looking for better options. Any suggestions ??,1,0,,0,328,58,pay premium cuz hate ad ad artist playlist etc super annoying app buggy not open certain playlist hate default shuffle playlist curate playlist particular order app go hell look well option suggestion
2022-06-29 15:04:31,"Developer's, You collect to much of my personal info, then it states I can delete all of my personal info. I can't delete mine! I just turned phone on. Spotify was playing a show when I didn't turn Spotify on. I uninstalled the application. I want my personal information Deleted! Please fix this. I don't know what Android wear is, but that's the 1st question.",1,0,,0,361,65,developer collect personal info state delete personal info not delete turn phone spotify play not turn spotify uninstalle application want personal information delete fix not know android wear 1st question
2022-06-14 06:22:34,I've been enjoying this app so much. It makes listening to music easy!!!,5,0,,1,72,13,ve enjoy app make listen music easy
2022-06-13 03:11:58,Works well. Ads can be annoying. But otherwise nice.,5,0,,1,52,9,work ad annoying nice
2022-07-06 02:51:55,I haven't been able to enjoy music on any other app like I am this one (Spotify) and creating an account is completely Free!,5,0,,1,124,24,not able enjoy music app like spotify create account completely free
2022-06-13 21:13:20,Love being able to listen to all the music I love.,5,0,,1,50,11,love able listen music love
2022-06-17 07:15:31,"I have been using Spotify premium for 1 year and it has become an application that I really cannot give up. The only problem is that some songs do not open when offline mode is turned on for too long, even though they are downloaded. I think this problem needs to be corrected",4,7,,1,276,53,spotify premium year application problem song open offline mode turn long download think problem need correct
2022-06-30 23:42:57,Premium here. It works well ... For about 10 seconds per song.,1,0,,0,62,12,premium work 10 second song
2022-06-18 06:50:24,I hate Spotify because with out premium u can only skip a couple times and when u search a specific song u hardly get that one without listening to other music and if u make a Playlist they add random songs and they usually suck,1,0,,0,228,45,hate spotify premium skip couple time search specific song hardly listen music playlist add random song usually suck
2022-06-10 14:54:36,"Great, just don't i can't download the music otherwise no complains",4,0,,1,67,11,great not not download music complain
2022-06-21 14:45:25,"Awesome, THE BEST Music App of this generation!!!",5,1,,1,49,8,awesome good music app generation
2022-07-03 12:50:00,"great app, my only grievance would be that my favourite musical isnt on spotify, but thats understandable considering its extremely niche. anyways please whichever spotify representative reads this please contact william finn about getting In Trousers onto spotify.",5,0,,1,265,38,great app grievance favourite musical not spotify understandable consider extremely niche anyways whichever spotify representative read contact william finn get trouser spotify
2022-06-13 19:25:39,"Any song, any time, no ads. I love my Spotify, it's with the price!",5,0,,1,67,14,song time ad love spotify price
2022-06-15 14:24:54,Love the offline mode and ability to download playlists. I just realized I could upload music too.,5,0,,1,98,17,love offline mode ability download playlist realize upload music
2022-06-11 22:46:57,It seems to be messing up my Bluetooth connection for other sources. I need to be be able to disable the takeover it seems to want.,2,0,,0,131,26,mess bluetooth connection source need able disable takeover want
2022-07-05 17:39:19,"What is up with free Spotify. I get that I'm not going to get the best version of the app but you only have 6 skips. The 6 skips are that bad but pair it with when you play a playlist it just plays random songs that aren't even on your playlist. So you skip those song but then the app is like: ""woah slow down instead of skipping try editing your playlist?"" And you can't edit your playlist because it's playimg random songs. And when you search noooo it has to play more random songs.",1,2,,0,486,96,free spotify go good version app skip skip bad pair play playlist play random song not playlist skip song app like woah slow instead skip try edit playlist not edit playlist playimg random song search noooo play random song
2022-06-20 05:53:16,"I mean, some of the songs I wanna listen to are free on here that aren't on Spotify. I don't get why I can't have a single song on a playlist without having to shuffle through a bunch of others that were recommended to me. I can't even choose which one I gotta listen to. It's just shuffle until it plays. Honestly a horrible design in general.",1,0,,0,344,67,mean song wanna listen free not spotify not not single song playlist have shuffle bunch recommend not choose get to listen shuffle play honestly horrible design general
2022-07-07 06:42:54,It's easy to use and also user friendly,5,0,,1,39,8,easy use user friendly
2022-06-15 07:31:17,Why can't I play radio songs? Lol I clicked a song and another started to play what is happening to this stupid app. And add a quick playlist add button. Waste of money.,1,0,,0,169,33,not play radio song lol click song start play happen stupid app add quick playlist add button waste money
2022-06-07 17:08:19,"I can't access the premium account using mobile device,........",1,0,,0,63,9,not access premium account mobile device
2022-06-05 05:40:23,This app Is Amazing overall That's why I give it 5 stars I'm not going to take away a star but how come You can choose to listen to a specific song on pc/laptop but not mobile seems quite unfair That we need premium,5,0,,1,215,44,app amazing overall star go away star come choose listen specific song pclaptop mobile unfair need premium
2022-06-10 23:49:10,Sometimes says I don't have an internet connection even tho I have one. Otherwise everything is perfectly fine and easy to use,4,0,,1,126,22,say not internet connection tho perfectly fine easy use
2022-07-03 06:21:56,This is best listing app I ever seen,5,0,,1,36,8,good list app see
2022-06-01 06:19:32,I really appreciate it its so gooood i can sing because it have some lyrics ty that's it,5,0,,1,88,18,appreciate gooood sing lyric ty
2022-06-09 22:28:19,I love all of the options I have to listen to music on Spotify. Awesome!,5,0,,1,72,15,love option listen music spotify awesome
2022-07-01 17:36:47,Easy app to use and search for your favorite tunes,5,0,,1,50,10,easy app use search favorite tune
2022-07-08 21:47:05,Good app for songs,5,0,,1,18,4,good app song
2022-07-07 17:11:17,"Absolutly love it! My husband and i both have lists,that people follow. .trippylist is one of them.. If you like phish, dave matthews, widespread panic, follow trippylist. Abd tgeres other vands on it",5,0,,1,200,33,absolutly love husband liststhat people follow trippylist like phish dave matthews widespread panic follow trippylist abd tgere vand
2022-06-29 10:19:01,"This is the best app for listening a music, background,sound quality is awesome, I make a playlist on this app nd it become best ever... 😇",5,0,,1,138,26,good app listen music backgroundsound quality awesome playlist app nd well
2022-06-29 14:52:30,"Premium is Best , plain is full of Add",4,0,,1,38,9,premium good plain add
2022-06-12 11:34:57,Great app. May you add download option.,4,0,,1,39,7,great app add download option
2022-06-25 22:18:08,Love the intuitive play lists.,5,0,,1,30,5,love intuitive play list
2022-06-26 16:43:36,"Best spot for music, Spotify it! No unnecessary ads, only songs!",5,0,,1,64,11,good spot music spotify unnecessary ad song
2022-06-28 16:28:10,Best app for listening songs 😃😃,4,0,,1,31,6,good app listen song
2022-06-01 04:57:59,Oh come on.. I just update 5 minutes n there is notif to update spotify again?? Are you crazy??,1,0,,0,95,19,oh come update minute notif update spotify crazy
2022-07-07 23:24:26,Spotify music player good app,5,0,,1,29,5,spotify music player good app
2022-06-26 09:55:52,That the best app to listening music,5,0,,1,36,7,good app listen music
2022-06-10 17:20:34,It's an amazing app and I love it. Definitely recommend,5,0,,1,55,10,amazing app love definitely recommend
2022-06-18 06:23:50,Easy listening experience.,5,0,,1,26,3,easy listening experience
2022-07-08 11:02:13,Its a good app for music but the ads 😅 they are very annoying 😡 but I just bought a premium membership just a request give download option for free users,4,0,,1,153,31,good app music ad annoying buy premium membership request download option free user
2022-05-31 21:48:36,Interface blows and is super inconsistent. No idea why their is separate playlist and now playing list or que. Hate that I have to hide songs uncertain types of playlists and I can't just down vote them,4,0,,1,202,37,interface blow super inconsistent idea separate playlist play list que hate hide song uncertain type playlist not vote
2022-06-27 20:37:52,"Awesome, fuan and easy.",5,0,,1,23,4,awesome fuan easy
2022-06-30 03:26:45,The app has been working for me sense 2019 and its pretty good but unfortunately when i go to daily mix it shuffles the playlists with songs that arent in that mix and yes i refreshed and swiped off the app and reopening it but it still stayed on shuffle mode even if i reinstalled it its still on shuffle so i don't know if its an update or a unfixable glitch,5,0,,1,360,72,app work sense 2019 pretty good unfortunately daily mix shuffle playlist song not mix yes refresh swipe app reopen stay shuffle mode reinstall shuffle not know update unfixable glitch
2022-06-13 02:18:03,Love Spotify Any song any time from wherever you want to be Spotify is the best,5,0,,1,79,16,love spotify song time want spotify good
2022-06-27 12:14:38,"Great App, but sometimes it lags.",4,0,,1,33,6,great app lag
2022-06-05 14:45:14,My app has started crashing all of a sudden. Everytime I click on a song. There is a lot of space and RAM on my phone so I know that's not causing the crash. SPOTIFY KINDLY RESOLVE THIS ISSUE.,1,0,,0,192,39,app start crash sudden everytime click song lot space ram phone know cause crash spotify kindly resolve issue
2022-06-02 04:41:42,Pretty good has a good amount of songs no problems really,5,0,,1,57,11,pretty good good song problem
2022-06-20 18:13:10,Why are the ads way louder than the music?? They play 3 ads between only 2 songs. The premium price is high like Netflix. You can't go through albums and add songs you have to type each individual song to add. You can only add a lot through other Playlist but not artist albums.,1,0,,0,278,54,ad way louder music play ad song premium price high like netflix not album add song type individual song add add lot playlist artist album
2022-07-02 09:37:10,Too many ads,1,1,,0,12,3,ad
2022-06-22 22:55:17,Very helpful to listening of music,5,0,,1,34,6,helpful listen music
2022-06-21 00:07:19,I always listen to my favorites on Spotify.,5,0,,1,43,8,listen favorite spotify
2022-06-20 14:38:02,"it's not playing the song i was clicking, kindly fix it?",1,0,,0,56,11,play song click kindly fix
2022-06-13 18:29:56,The app is good it has most of the music I want to hear well done,5,0,,1,65,16,app good music want hear
2022-06-03 13:56:28,"This is the best music app, I can but my own music on it and it's just so good that I became a person that listen to music 24/7 but yeah 5/5",5,2,,1,140,32,good music app music good person listen music 247 yeah 55
2022-06-05 21:27:30,I love this Spotify I can listen to all my favorite music all day 😊,5,0,,1,67,15,love spotify listen favorite music day
2022-07-09 07:08:36,"App stuck on loading black screen with Spotify logo, restarted, reinstalled, no luck! Using Note 20 ultra",1,0,,0,105,17,app stick load black screen spotify logo restart reinstall luck note 20 ultra
2022-06-19 00:12:44,"Excellent app,no crashing and it will play our song from where we had stopped recently",5,0,,1,86,15,excellent appno crash play song stop recently
2022-06-27 13:53:51,"I like it, but the only reason why I rated this app only 4 star is because it has too many ads, that is really intimidating.",4,1,,1,124,26,like reason rat app star ad intimidate
2022-06-05 12:38:41,"Complete song, i like rock and folk song",5,0,,1,40,8,complete song like rock folk song
2022-06-20 18:15:24,Actually this app is so amazing i love it it gives me what i want. You guys should keep it up i love this app very nice 👌👌,5,0,,1,122,28,actually app amazing love give want guy love app nice
2022-06-30 14:25:00,"Excellent variety of music tracks, nothing you search you can't find ! I love this app",5,0,,1,86,16,excellent variety music track search not find love app
2022-06-23 13:02:25,"You promote guns to invade other countries, and you don't pay enough to the artists, Spotify sucks.",1,0,,0,99,17,promote gun invade country not pay artist spotify suck
2022-06-08 16:30:20,Spotify went from songs not staying downloaded to becoming unresponsive and bricking my phone when it becomes stuck 🙃,1,5,,0,117,19,spotify go song stay download unresponsive bricke phone stuck
2022-06-17 12:40:51,"Why is it when I search for a song, and find it, I can't just play it. Instead I have to shuffle and play a playlist that it's in - get a grip Spotify, I won't renew my premium until this issue is resolved",1,0,,0,205,44,search song find not play instead shuffle play playlist grip spotify will not renew premium issue resolve
2022-06-30 07:32:14,Chose Spotify for the minimal user interface it has. Spotify makes syncing so easy across different OSs.,4,0,,1,104,17,choose spotify minimal user interface spotify make sync easy different oss
2022-06-20 17:01:15,Awesome music app where you can listen to the music from your own library or suggested daily mixes and different genres.,5,0,,1,120,21,awesome music app listen music library suggest daily mix different genre
2022-06-28 12:18:57,A very nice app worth having by any loving music fan,5,0,,1,52,11,nice app worth have love music fan
2022-07-07 20:24:28,Love Spotify I recemend it to all my friends absolutely love the blend play list,5,0,,1,80,15,love spotify recemend friend absolutely love blend play list
2022-06-28 13:33:08,Works well and customer service is great,5,0,,1,40,7,work customer service great
2022-06-29 10:48:27,Poor optimization and network issue,1,1,,0,35,5,poor optimization network issue
2022-06-27 19:36:41,I love that I can lock the screen and put my phone in my pocket and keep listening to my favorite podcasts and channels.,4,0,,1,120,24,love lock screen phone pocket listen favorite podcast channel
2022-07-02 07:29:03,Easy app to use and enjoy,5,0,,1,25,6,easy app use enjoy
2022-07-01 05:15:13,There isn't a free to use version in Korea. What a rip off.,1,0,,0,59,13,not free use version korea rip
2022-06-23 00:11:46,Awesome music app. Spotify as everything I want to listen too.,5,0,,1,62,11,awesome music app spotify want listen
2022-06-08 16:00:50,"Lots of ads, very unhappy😞😞",1,0,,0,27,5,lot ad unhappy
2022-06-07 06:45:08,It's very good when you buy the premium but with out it it's harder to navigate and play songs.,5,0,,1,95,19,good buy premium hard navigate play song
2022-06-16 16:01:20,"Stop asking me to turn on Bluetooth every time I open the app, I don't use it!",1,0,,0,78,17,stop ask turn bluetooth time open app not use
2022-05-30 13:43:06,"Good selection of genres, sound quality not optimal as its free. However, manage to sign as premium, sound improves.",5,0,,1,116,19,good selection genre sound quality optimal free manage sign premium sound improve
2022-06-27 20:24:20,"My complaint is consistent with other people, glitches for months now and has not been fixed and no refund. For such an expensive service, I am not paying for a consistently glitchy service.",1,0,,0,190,33,complaint consistent people glitch month fix refund expensive service pay consistently glitchy service
2022-07-01 05:41:14,I tried playing a song but it played a suggested song,4,0,,1,53,11,try play song play suggest song
2022-06-05 19:50:32,Non stop adds.ITS STUPID,5,0,,1,24,4,non stop addsit stupid
2022-06-28 01:49:12,"Slowly this app is becoming useless, it is free, so what if there is a limit for ads too?",1,0,,0,89,19,slowly app useless free limit ad
2022-06-28 22:16:57,This update is so disappointing when I make my own playlist it's suck because of the shuffle and it's start to play some song that I don't even add on my playlist,1,0,,0,162,32,update disappointing playlist suck shuffle start play song not add playlist
2022-07-03 00:51:34,Now is easy for me to hearthesongs I already download in my list of library album music,5,0,,1,87,17,easy hearthesong download list library album music
2022-06-04 11:41:39,Love it. ❤️ connects to many devices from my phone. So I can go to any room in my house and listen,5,0,,1,98,22,love connect device phone room house listen
2022-07-04 14:55:34,Easy app for seniors,5,0,,1,20,4,easy app senior
2022-06-16 12:31:50,"I use spotify everyday, its my favourite music streaming platform. 💯",4,0,,1,68,11,use spotify everyday favourite music streaming platform
2022-07-09 11:03:32,Best birthday present I have ever received from my baby brother! I listen to something at least everyday. So happy of the selection of Christian artists and music. Love finding new artists. Let just listening to great podcasts. Thank you so much for such a wonderful app!,5,0,,1,271,47,good birthday present receive baby brother listen everyday happy selection christian artist music love find new artist let listen great podcast thank wonderful app
2022-06-04 15:31:27,"I've used this for years and it's just a poor app. Managing play lists is a pain, adding all songs from an artist is a chore. Features that any music app should have are convoluted or missing.",1,0,,0,192,37,ve year poor app manage play list pain add song artist chore feature music app convolute miss
2022-06-14 03:00:20,Updates suck now it a really bad app I don't recommend it.pls fix it,1,0,,0,68,14,update suck bad app not recommend itpls fix
2022-06-12 16:17:16,"Very up to date music,also great oldies but goodies.",5,0,,1,52,9,date musicalso great oldie goody
2022-06-01 12:42:36,Started having issues with this app about 2 months ago. Continually stops in the middle of a song. Have to keep restarting. It's annoying,1,1,,0,137,24,start have issue app month ago continually stop middle song restart annoying
2022-06-17 04:23:15,Best music streaming in app.,5,0,,1,28,5,good music stream app
2022-05-31 16:11:02,Very impressive and easy to use,5,0,,1,31,6,impressive easy use
2022-06-24 02:01:08,Wonderful variety of music is excellent,5,0,,1,39,6,wonderful variety music excellent
2022-06-06 11:25:24,"I would like a ""dislike"" button so i can tell the app not to place that song in my randomized lists again. Besides that, this is the best music app.",4,5,,1,148,30,like dislike button tell app place song randomized list good music app
2022-07-03 00:22:32,would be 5 stars but when I'm playing music when I've listened to every song it plays random songs,5,1,,1,98,19,star play music ve listen song play random song
2022-06-19 20:23:36,All the music I love for free with the odd commercial- how can one complain!,5,0,,1,76,15,music love free odd commercial complain
2022-06-12 03:40:30,Can no longer listen/preview to the song to decide if you want to add to Playlist. And approximately after two songs they drop ads. 😕,1,0,,0,133,25,long listenpreview song decide want add playlist approximately song drop ad
2022-06-13 04:51:06,"Disappointed. Every two weeks it seems that the servers go down and the music is unable to play for days at a time. For an app I pay for monthly, it would be nice to be able to use it. I don't understand how this is such a common occurrence.",2,0,,0,241,50,disappoint week server music unable play day time app pay monthly nice able use not understand common occurrence
2022-07-02 08:10:20,Just the best app to listen to music.,5,0,,1,37,8,good app listen music
2022-07-04 03:58:37,I love that you can make your own playlists,5,0,,1,43,9,love playlist
2022-06-05 14:28:40,Spotify is great for finding music related to searched artist and saved music.,5,0,,1,78,13,spotify great find music relate search artist save music
2022-06-08 03:23:47,I love this music app. It's well worth the money each month to be able to enjoy endless music 🎶 🎵,5,0,,1,97,21,love music app worth money month able enjoy endless music
2022-06-11 22:24:28,Best app for music selection and search. If only I could download and/or play offline 🙂,5,0,,1,87,16,good app music selection search download andor play offline
2022-06-27 15:11:36,Unbelievable I'm a paid monthly customer and all it does is stop playing constantly glitching i have a strong wifi and cell signal so that is not the issue. Definitely will be canceling this garbage.,1,0,,0,199,35,unbelievable pay monthly customer stop play constantly glitche strong wifi cell signal issue definitely cancel garbage
2022-06-18 05:41:12,Great app and songs. Very user friendly. Thx,5,0,,1,44,8,great app song user friendly thx
2022-06-30 12:10:29,"I love this premium feature but in our country it takes lot of taxes from tele communication service, so Spotify should use nagad payment method",5,0,,1,144,25,love premium feature country take lot taxis tele communication service spotify use nagad payment method
2022-06-28 23:11:04,App keeps not showing the song or podcast (time line with the skip back and forth icons),1,0,,0,88,17,app keep show song podcast time line skip forth icon
2022-06-23 16:34:35,In the last week Spotify keeps dropping In the middle of a song or in the middle of a Podcast and it does it repetitively about every 3-5 minutes. This needs to get fixed! I love spotify but I may have to change if it doesn't get addressed.,2,0,,0,240,48,week spotify keep drop middle song middle podcast repetitively 35 minute need fix love spotify change not address
2022-07-07 05:35:18,I just really like for the music,5,0,,1,32,7,like music
2022-06-12 16:46:03,"The best listening music I can find,to hear at work. A lot us listen to music, however most use ear bugs. Thanks ,",5,0,,1,114,23,good listening music findto hear work lot listen music use ear bug thank
2022-07-01 07:21:04,"For the most part, the app works well, just occasionally you might have to 'force close' when it misbehaves, especially when switching to different devices. The sheer amount of music available is staggering.",4,42,,1,207,33,app work occasionally force close misbehave especially switch different device sheer music available staggering
2022-06-16 03:37:27,Getting really tired of Spotify not loading any downloaded music while I'm offline with no internet connection. Many times i work in an environment with absolutely no cell service and I cannot play downloaded music.,1,0,,0,215,35,get tired spotify load download music offline internet connection time work environment absolutely cell service play download music
2022-06-21 01:21:02,"SPOTIFY is changing, and not for the better.... They have finally gone ""woke"" Bands complete discography is no longer on the site.... It's a bunch of live stuff and artist radio! I used to love Spotify! Since you canceled artists I may have to cancel you, for good.... What a shame!",1,0,,0,282,51,spotify change well finally go wake band complete discography long site bunch live stuff artist radio love spotify cancel artist cancel good shame
2022-07-05 21:06:28,Trash app wouldn't even use if Joe Rogan hadn't moved over. Literally randomly just changed podcasts and pauses for no reason all the time.,1,0,,0,139,24,trash app not use joe rogan not move literally randomly change podcast pause reason time
2022-06-24 14:42:34,Just enjoy the music and appreciate the free plays,4,0,,1,50,9,enjoy music appreciate free play
2022-06-07 08:23:18,I have premium subscription but I don't know why each song I played keeps on skipping and jumping for no reason as if I'm playing the song through CD Player in a bumpy road.,1,0,,0,173,34,premium subscription not know song play keep skip jump reason play song cd player bumpy road
2022-06-25 08:57:41,One of the best applications I enjoy listening to podcasts and favourite songs on,5,0,,1,81,14,good application enjoy listen podcast favourite song
2022-06-16 14:23:14,Spotify is always on time,5,0,,1,25,5,spotify time
2022-06-20 07:02:01,Constantly cutting out. Since the last update this app is unuseable due to constantly cutting out every 30-40 seconds. I have other music apps on my phone that work without issue. I can't believe I'm paying a premium subscription for this rubbish. I will not be renewing.,1,2,,0,271,47,constantly cut update app unuseable constantly cut 3040 second music app phone work issue not believe pay premium subscription rubbish renew
2022-07-03 20:36:35,Hate the ads for a min🤦,1,0,,0,23,6,hate ad min
2022-06-03 20:10:16,"JUST FYI Spotify is Liscensed by BMI If you truly love music, then Spotify is the best for music period! BEST SOUND, QUALITY LARGEST PLATFORM IN THE WORLD. THIS IS WHERE THE BEST RADIO PODCAST IS ""SPOTIFY RADIO""",5,4,,1,211,38,fyi spotify liscense bmi truly love music spotify good music period good sound quality large platform world good radio podcast spotify radio
2022-07-07 13:42:54,"Used to work great until the last update. Now their is no option to pause or resume music or podcast. The only way to pause is to completely close the app. This really sucks Spotify, as a premium customer I should have an option to pause not close the entire app. Please fix this!!!!",1,4,,0,283,54,work great update option pause resume music podcast way pause completely close app suck spotify premium customer option pause close entire app fix
2022-06-28 12:44:20,TOO MANYYYYY ADDSSSS.. UNNECESSARY SPOTIFY IS PUTTING ITS OWN ADDS JUST TO CONVINCE US TO PAY. UNACCEPTABLE.,1,0,,0,108,17,manyyyyy addssss unnecessary spotify put add convince pay unacceptable
2022-06-09 11:09:41,What a world of diffrence between free and premium .... Definetly upgradexto premium now,5,0,,1,88,14,world diffrence free premium definetly upgradexto premium
2022-06-28 18:23:39,Been using Spotify for a decade or so and get nostalgic with some of the songs I've started from back in the day. Thanks Spotify,5,0,,1,128,25,spotify decade nostalgic song ve start day thank spotify
2022-06-03 22:33:42,"Just super! Reliable, smooth, crystal clear and so versatile too!",5,0,,1,65,10,super reliable smooth crystal clear versatile
2022-06-04 15:20:11,When I try to log in via Facebook it says that something went wrong(((((,5,0,,1,72,14,try log facebook say go wrong
2022-06-14 15:44:45,"The songs I add to my liked playlist don't add anymore, I can't scroll or pick between genres anymore, and podcasts dont play. FIX IT SPOTIFY",1,0,,0,141,26,song add liked playlist not add anymore not scroll pick genre anymore podcast not play fix spotify
2022-07-02 14:15:45,The best at this music streaming platform,5,0,,1,41,7,good music stream platform
2022-06-24 15:51:51,Wow can't even turn off the shuffle mode I just wanna listen to my favourite songs and I need to pay for it?,1,0,,0,108,23,wow not turn shuffle mode wanna listen favourite song need pay
2022-06-14 23:40:20,I hate this app it wont play the songs I want it to it just plays a random song it's dumb. I don't recommend downloading this,1,0,,0,125,26,hate app will not play song want play random song dumb not recommend download
2022-06-23 07:07:20,"Do not download the update! I have tried everything from restarting my phone, to uninstalling and reinstalling it. It's saying I have no internet connection even though my S.O.s app is working since they had not downloaded the update. It also will not load at all! Please fix this asap Spotify! I use this for work and this is very frustrating for this to happen!",1,1,,0,363,65,download update try restart phone uninstalle reinstall say internet connection sos app work download update load fix asap spotify use work frustrating happen
2022-06-02 05:18:09,Its all good.. but the app keeps on crashing and like there's no repeat and shuffle option in the new update,4,1,,1,108,21,good app keep crash like repeat shuffle option new update
2022-07-03 20:43:21,Cool that you can listen without internet!!!!,5,0,,1,45,7,cool listen internet
2022-07-06 01:23:02,"Wow... I moved from ios to Android and the lack of care for Android is astonishing. I'm a software engineer and I would have been fired months ago if I released something this buggy and didn't even bother to fix it. This is not acceptable. It's not that it's buggy, it's that there is no care to fix it. Each new release makes the app more and more unstable. Probably priority is ios and Android just gets the crumbs.",1,1,,0,417,79,wow move io android lack care android astonishing software engineer fire month ago release buggy not bother fix acceptable buggy care fix new release make app unstable probably priority ios android get crumb
2022-06-13 13:14:04,Cannot loginwith app says try again later worst app,1,0,,0,51,9,loginwith app say try later bad app
2022-06-29 23:45:30,"I'm a premium family acct owner. I logged out my main account on my mobile phone app and spotify never opened again. It would just stay on its logo. I tried troubleshooting - clear cache, clear data, force stop, even updating/reinstalling it did not work! Please fix it.",1,0,,0,270,48,premium family acct owner log main account mobile phone app spotify open stay logo try troubleshoot clear cache clear datum force stop updatingreinstalle work fix
2022-05-31 07:28:27,It's good I enjoyed all of the songs The quality is next level....... 😀😀😀😀😀👌👌👌👌👌👌👌👌👌👌👌💆‍♀💆‍♀💆‍♀💆‍♀,5,0,,1,98,14,good enjoy song quality level
2022-06-07 07:28:36,"I'm a premium subscriber but I find the user interface rather clunky. I also don't like the occasional pop-up at launch asking me to upgrade...you have my email address for that Spotify! They've recently changed the in-car feature which has now rendered it useless in my car, as it now only caters for something called ""car thing"". The shuffle feature randomly kicks in with no instruction from the user. I'm paying for a service and don't feel like it's being provided.",2,29,,0,470,81,premium subscriber find user interface clunky not like occasional popup launch ask upgradeyou email address spotify ve recently change incar feature render useless car cater call car thing shuffle feature randomly kick instruction user pay service not feel like provide
2022-07-03 05:10:41,I cant seem to get a way to download a song and listen offline. But the app is so far so best,4,0,,1,93,22,not way download song listen offline app far well
2022-05-31 12:50:16,The app.keeps.on getting shut when I play any song,1,1,,0,50,9,appkeepson get shut play song
2022-07-04 08:35:52,I enjoyed this app so much but if can be offline it can be more fun and every think is very easy to do I love this app so much,5,0,,1,126,30,enjoy app offline fun think easy love app
2022-06-19 17:52:14,Horrible app after the newest update would not recommend!!! Downloading a different app and deleting Spotify immediately!!,1,1,,0,122,17,horrible app new update recommend download different app deleting spotify immediately
2022-06-13 02:04:38,I enjoy the selection of spiritual music very much😏,5,0,,1,51,9,enjoy selection spiritual music
2022-07-08 19:20:51,I don't live without Spotify,5,0,,1,28,5,not live spotify
2022-06-19 19:12:16,I love Spotify. I can stream all of foreign language classes.,5,0,,1,61,11,love spotify stream foreign language class
2022-07-04 10:27:44,Lovely App. User friendly. Excellent database. Full marks!,5,0,,1,58,8,lovely app user friendly excellent database mark
2022-07-03 13:46:52,I absolutely love being able to listen to all the old music.,5,0,,1,60,12,absolutely love able listen old music
2022-06-29 06:06:27,"garbage app, i literally can't subscribe to premium, every time i try to click the ""send pin"" it just says ""oops, something went wrong, please try again or contact our support team"", i tried to subscribe on my laptop, used incognito mode, restarted my phone, used a different browser but nothing worked. I'll just stick with YouTube music.",1,0,,0,339,58,garbage app literally not subscribe premium time try click send pin say oops go wrong try contact support team try subscribe laptop incognito mode restart phone different browser work ill stick youtube music
2022-07-05 16:38:57,It is alright but as soon as the premium runs out it sucks because if you try to play a song you searched up you just get some other song instead of what you clicked on so basically you have to pay to listen to the music that you want also it now sometimes refuses to give me my six skips per hour because I used it yesterday and today used three skips and it said that I have used my six skips also not to mention it now gives me almost three ads in one ad and the thirty minutes don't work anymore,1,2,,0,499,104,alright soon premium run suck try play song search song instead click basically pay listen music want refuse skip hour yesterday today skip say skip mention give ad ad thirty minute not work anymore
2022-05-31 01:05:09,I'm jealous 😫 of the producers they did too well great 👍 job keep it up,5,0,,1,71,16,jealous producer great job
2022-06-04 04:20:53,"If Spotify had some Agony Column, it would be darn near perfect. Love it!",5,0,,1,73,14,spotify agony column darn near perfect love
2022-06-13 18:06:57,Let us play one song at a time! We Don't want to shuffle for the playlist or listen to a whole bunch of songs and plus when we have a playlist you add new songs to it it sucks stop doing it! Just get rid of that stuff and let it be normal again please!,2,2,,0,252,55,let play song time not want shuffle playlist listen bunch song plus playlist add new song suck stop rid stuff let normal
2022-07-06 15:47:41,"I searched for a song appeared, when playing it not the song I've searched 👎👎👎",1,0,,0,78,15,search song appear play song ve search
2022-07-03 04:01:07,I can't play my playlist:/,1,0,,0,26,5,not play playlist
2022-07-03 05:47:56,Too slow and can't choose music to play,2,0,,0,39,8,slow not choose music play
2022-07-01 14:38:43,Love the variety of music 🎶,5,0,,1,27,6,love variety music
2022-06-21 23:30:23,"ads are out of control. Less ads, better app.",1,0,,0,45,9,ad control ad well app
2022-06-27 12:07:15,"It's not working, the app can't open!!",1,0,,0,38,7,work app not open
2022-06-19 17:22:30,"Video randomly stops working. ""Playback failed"" message constantly. Work out your bugs so i can enjoy my podcasts and i will rate this app higher.",4,0,,1,146,25,video randomly stop work playback fail message constantly work bug enjoy podcast rate app higher
2022-06-23 14:30:25,I don't use it a ton but it is good for my podcasts.,5,0,,1,52,13,not use ton good podcast
2022-06-14 17:52:09,I hate when you dont have premium and you can not do more than 6 skips per hour.Like it is your songs you KNOW.,4,0,,1,111,24,hate not premium skip hourlike song know
2022-07-09 08:31:36,I love Spotify just wish I can download music,4,0,,1,45,9,love spotify wish download music
2022-06-03 21:30:09,"Just did an update. I noticed that when I search for playlists, click on one, then go back to the other playlists, it automatically goes to Top instead of the other playlists. It's just really annoying and a waste of time.",2,0,,0,222,41,update notice search playlist click playlist automatically go instead playlist annoying waste time
2022-06-21 16:00:53,I dont have a radio in my truck so I use this on my phone.,4,0,,1,58,15,not radio truck use phone
2022-06-24 00:03:08,"I'd like to see all my top podcasts when I open the app; I only listen to about 5 constantly, but some of them disappeared from the home list. I pay for premium, but aside from no ads, is there any other benefit?",4,0,,1,212,43,like podcast open app listen constantly disappear home list pay premium aside ad benefit
2022-06-12 20:29:21,"Would be 5 stars, except for the occasion blip with the Google home systems",4,0,,1,75,14,star occasion blip google home system
2022-06-17 11:39:59,All of a sudden app doesn't want to work. I can't play anything nor does it show my Playlists. I've had to use the browser in order to listen to music which doesn't make easier when driving.,1,0,,0,190,37,sudden app not want work not play playlist ve use browser order listen music not easy drive
2022-06-04 19:37:35,What happened? Random songs are playing that are not from the saved playlist I selected to play music. The 30 minutes of ad free listening is more like 8 minutes or two songs.,1,0,,0,175,33,happen random song play save playlist select play music 30 minute ad free listening like minute song
2022-06-16 17:13:33,UPDATE: The issue has been resolved. Thank you.,5,41,,1,47,8,update issue resolve thank
2022-07-01 05:42:07,"Idk what is my Spotify's problem like whenever I open the app it says ""no internet connection"" and then i have to refresh it like 2-3 times then it works properly also sometimes when I play a playlist it jumps to another song of the playlist means it doesn't play one after one it jumps after 2-3 songs and play that another song.",1,0,,0,330,63,idk spotifys problem like open app say internet connection refresh like 23 time work properly play playlist jump song playlist mean not play jump 23 song play song
2022-07-08 02:51:19,"Good selection, not so good app.",2,0,,0,32,6,good selection good app
2022-07-02 14:54:53,I just facing a issue When we play a playlist when 1st song ends it play something totally different song that song not in a playlist also I am disappointed by this 😕,1,0,,0,166,33,face issue play playlist 1st song end play totally different song song playlist disappoint
2022-06-11 13:32:10,its simply better thna anything but very complicated to chang plan,5,0,,1,66,11,simply well thna complicated chang plan
2022-07-09 11:23:01,Love this app. The style of music selection is more specific.,5,0,,1,61,11,love app style music selection specific
2022-06-09 11:40:32,It just a very good app. Only down side is it glitches sometimes.,4,0,,1,65,13,good app glitche
2022-06-11 20:06:43,Good when it works. Has issues with Chrome cast audio. Often stops and has to be restarted. Please stop moving the shuffle option about. Still playing up after trying the suggestions.,2,0,"Hey! We'd love to help get this fixed. If you haven't tried reinstalling the app and restarting your device yet, we'd suggest giving these a go. If the issue persists, you can reach out to our support team directly at https://bit.ly/2zhNwyX so they can take a closer look.",0,183,31,good work issue chrome cast audio stop restart stop move shuffle option play try suggestion
2022-07-06 02:13:21,Can't open the app anymore. What the heck is going on?,1,8,,0,54,11,not open app anymore heck go
2022-06-01 16:56:59,"Spotify is simply awesome to say the least, the most is that I've been able to find music that's a lot of time unavailable on other apps. I like the fact that I can pretty much listen to the songs I love anywhere I go. Two thumbs up to Spotify🌄🌌⛪🇯🇲🐞🦋🐞🐝🌻☘👽🙏🏾🙏🏾",5,0,,1,259,50,spotify simply awesome ve able find music lot time unavailable app like fact pretty listen song love thumb spotify
2022-06-27 17:20:43,Lot's of songs in this application i m really impressed from this app🥰🥰,5,0,,1,71,13,lot song application impressed app
2022-06-14 20:40:27,"You should be able to have collaborative Playlists that only certain people can edit but anyone can see. It's annoying that if I want to have a collaborative Playlist, I have to be careful with whom I share it with so they do not edit it. Needs permissions for certain user levels for editing, viewing etc",4,0,,1,305,56,able collaborative playlist certain people edit annoying want collaborative playlist careful share edit need permission certain user level editing view etc
2022-06-26 13:29:38,Great music app!,4,1,,1,16,3,great music app
2022-06-30 10:51:11,Why did my filters in Liked Songs disappeared after I reinstalled the app?,5,0,,1,74,13,filter like song disappear reinstall app
2022-07-01 01:14:45,"I love it the only thing is that I wish the UI/UX was more fluid and less boxy, and I wish that I could DISABLE lyrics instead of always having it on",4,0,,1,149,32,love thing wish uiux fluid boxy wish disable lyric instead have
2022-07-06 09:33:47,It is very good app but it's new update is very very bad I am deleting this app 😈😈😈😈,1,0,,0,84,19,good app new update bad delete app
2022-06-22 22:08:35,App is crashing all the time and the sd card option was gone,1,0,,0,60,13,app crash time sd card option go
2022-06-20 14:46:22,It's great but I only gave it four stars because you have to pay to listen to it offline and to skip unlimited songs and I understand they use it to make money I just wish it was different,4,0,,1,188,39,great give star pay listen offline skip unlimited song understand use money wish different
2022-07-03 21:33:14,Great and wonderful to find any kind of music I love,5,0,,1,52,11,great wonderful find kind music love
2022-06-15 16:53:30,easy and fast access has all the songs I love and,5,0,,1,49,11,easy fast access song love
2022-07-07 04:07:24,Just awesome app for music lovers,4,0,,1,33,6,awesome app music lover
2022-06-22 18:11:52,a friend at work who told me about Spotify I recently downloaded it and I LOVE SPOTIFY it's the BEST MUSIC PLAYING APP I've ever seen or used in ALL my life I deleted iHeart and Pandora because this is so GREAT AND FANTASTIC because I can save entire albums of my Favorite Rock and Country bands I Truly Love to listen to whenever wherever I want there's nothing better than Spotify in my Opinion for Good I REALLY LOVE SPOTIFY,5,0,,1,427,81,friend work tell spotify recently download love spotify good music play app ve see life delete iheart pandora great fantastic save entire album favorite rock country band truly love listen want well spotify opinion good love spotify
2022-06-28 14:28:55,"The app doesn't even work, as it doesn't allow me to listen to the music I want to listen to, but instead makes me listen to random songs I've never heard before. Most terrible and useless app I have ever seen. And on top of all of this, they prevent you from doing things such as skipping more than six times per hour, and puting songs on repeat, unless of course you're willing to pay. You've lost a user, since money is obviously more important to you than user convinience.",1,11,,0,477,90,app not work not allow listen music want listen instead make listen random song ve hear terrible useless app see prevent thing skip time hour put song repeat course willing pay ve lose user money obviously important user convinience
2022-06-19 12:48:46,This is really a good app for listening several types of songs. I like this app.,5,0,,1,80,16,good app listen type song like app
2022-05-30 17:56:20,Every time I play a song it crashes. Reinstalled and messed with my setting it still crashes,1,0,,0,92,17,time play song crash reinstall mess setting crash
2022-06-01 12:22:00,Best music streaming app.,5,3,,1,25,4,good music stream app
2022-06-09 11:42:59,It just dosent work correctly,1,0,,0,29,5,dosent work correctly
2022-06-24 17:29:11,I Love This App Because I find All Songs.. I wish you continued success💝,5,0,,1,72,14,love app find song wish continue success
2022-06-24 11:45:11,"I've had money in my acc for spotify for aver a week. Spotify never took it's money, and netflix did. So now i dont have money for this.",1,0,,0,136,28,ve money acc spotify aver week spotify take money netflix not money
2022-06-03 16:55:20,It super good and have alot of good micus,5,0,,1,41,9,super good alot good micus
2022-06-27 20:47:42,App broken with most recent update.,1,0,,0,35,6,app break recent update
2022-06-27 10:07:25,"the non-premium experience is horrible to the point of that it should not even exist. If you dont want to spend money on listening to music then literally use any other platform and steer clear from this. You should not support this business practice. If you dont enjoy using the service please uninstall the app, it really goes a long way to hurt the company",2,0,,0,359,65,nonpremium experience horrible point exist not want spend money listen music literally use platform steer clear support business practice not enjoy service uninstall app go long way hurt company
2022-06-10 19:11:39,They put ads in it and you also cannot pick the song you want you have to shuffle it up or search it up so I do not like Spotify no more Spotify used to be the most funnest thing so I can play all the songs but now you have to search it up Spotify is the most worst thing there is,1,0,,0,280,63,ad pick song want shuffle search like spotify spotify funn thing play song search spotify bad thing
2022-06-02 17:54:24,A great app with millions of songs just right for you,5,0,,1,53,11,great app million song right
2022-06-04 16:04:46,I love Spotify with all my ❤️,5,0,,1,29,7,love spotify
2022-06-12 15:26:51,Terrible experience when using it to stream on Sonos. YouTube music plays wonderfully but Sonos takes minutes for some of the speakers to start working,1,0,,0,151,25,terrible experience stream sonos youtube music play wonderfully sonos take minute speaker start work
2022-06-24 08:12:46,I can't use it. It keep showing the logo only and not load in. I have delete and download it back several times but it didn't work,1,0,,0,130,27,not use show logo load delete download time not work
2022-06-01 06:27:38,It's excellent app n I am enjoy has a music lover by getting all information,5,0,,1,76,15,excellent app enjoy music lover get information
2022-06-14 12:49:46,Excellent quality and great choice,5,0,,1,34,5,excellent quality great choice
2022-07-06 21:41:20,Please add the ability to play your whole playlist and not have to shuffle to different songs and add the ability to play your whole playlist on Alexa devices through the Alex skill please thank you so much.,2,0,,0,207,38,add ability play playlist shuffle different song add ability play playlist alexa device alex skill thank
2022-06-24 00:03:56,Best way to listen to our favorite 🎶 music,5,0,,1,42,9,good way listen favorite music
2022-06-26 05:49:46,"I don't really like the new update, I think it's unfair to only have 6 skips per hour cause it depends on the mood whether I wanna listen to it or skip it.",2,0,,0,155,33,not like new update think unfair skip hour cause depend mood wanna listen skip
2022-06-16 00:17:19,Top notch Features with Clean UI. Just Amazing 🤩,5,0,,1,48,9,notch feature clean ui amazing
2022-06-14 15:19:29,"The ads are insane at this point, 1 MAYBE 2 songs play and then 4 minutes of ads. The ""watch this video for 30min of ad free listening"" is a lie every single time now. Watch it, one song plays and guess what, 4 minutes of ads again. Don't deal with the bs, go back to Pandora where they won't bully you into buying premium. Also their 4.3-star rating is a complete lie, vast majority of the ""5 star"" reviews are spam accounts, if you read them you will see actual people are giving 1-2 stars.",1,0,,0,492,96,ad insane point maybe song play minute ad watch video 30min ad free listening lie single time watch song play guess minute ad not deal bs pandora will not bully buy premium 43star rating complete lie vast majority star review spam account read actual people give 12 star
2022-06-17 10:29:38,"The song radio doesn't work at all. Also i have spotify premium and when i listen to podcast, i get ads.",2,0,,0,104,21,song radio not work spotify premium listen podcast ad
2022-07-08 19:50:00,"I am very disappointed, I listen to spotify all the time and am completely tired of stupid suggested songs, I even put on yhe blocker in settings and it still doesnt work!! I WANT TO LISTEN TO MY OWN SONGS!!!!! Not popular songs everyone else likes. I AM GOING TO TRY OTHER COMPANIES, BECAUSE I SURE AS HECK HATE THIS ONE!!",1,0,,0,323,61,disappointed listen spotify time completely tired stupid suggest song yhe blocker setting not work want listen song popular song like go try company sure heck hate
2022-06-05 19:12:17,"There are too many ads , which is really very disturbing!!!!",2,1,,0,60,11,ad disturbing
2022-06-16 17:06:10,"Great music app. The ads can be bothersome but premium settles that issue. Great catalog of artists and podcasts. Also great that I can use it on my PS4, pc and phone.",4,0,,1,167,32,great music app ad bothersome premium settle issue great catalog artist podcast great use ps4 pc phone
2022-06-09 07:15:29,"Strait up, solid app.",5,0,,1,21,4,strait solid app
2022-06-16 21:44:34,All I gotta say is Spotify is frustrating asf to use.,1,0,,0,53,11,get to spotify frustrating asf use
2022-07-02 01:56:25,Great app tons of music,5,0,,1,23,5,great app ton music
2022-06-13 05:31:27,Great music app.,5,0,,1,16,3,great music app
2022-06-15 14:34:35,I really liked this app.It works well after exhausting my daily data limit.This app uses less data and also the sleep timer is very helpful for me fall asleep.Its helps in good listening to music.I really liked this app that is why am giving five stars.I will suggest this app for all music listenors.I can't get lyrics in my phone hope that fix it soon so that i give four stars where lyrics are available in other phones.,4,0,,1,423,78,like appit work exhaust daily datum limitthis app use datum sleep timer helpful fall asleepit help good listening musici like app give starsi suggest app music listenorsi not lyric phone hope fix soon star lyric available phone
2022-06-20 19:23:46,"I really like the app, I would give Spotify a 5 star rating if there weren't so many adds and premium features, on my Xbox it lets me choose what songs I want to listen to and have infinite skips. But when I'm on my phone I have to shuffle play random songs, I also don't like how Spotify adds songs to my playlist, I keep hiding them but there are more getting added every day, I would appreciate it if you guys would just have a recommendation list under the songs, but don't play them.",4,0,,1,488,96,like app spotify star rating not add premium feature xbox let choose song want listen infinite skip phone shuffle play random song not like spotify add song playlist hide get add day appreciate guy recommendation list song not play
2022-06-02 14:13:50,"I rate 1 over 5 (not judgement) when u want to play the song that u want to hear its comes to shuffle it don't want you to play the song and it always shuffle, the spotify only wants you to pay so u can hear the song, and when u play the song in library it only sing the chorus not the whole song.. pls i want you to make it better..",1,0,,0,333,73,rate judgement want play song want hear come shuffle not want play song shuffle spotify want pay hear song play song library sing chorus song pls want well
2022-06-23 01:30:01,"The best music streaming platform ever, it even comes with offline access to all the downloaded songs. Before it, l was missing out a lot, look at me now 😁😁😁😁😁all smiles.",5,0,,1,170,31,good music streaming platform come offline access download song miss lot look smile
2022-07-05 18:49:35,"Offline mode takes a while to respond, an issue that has plagued 3 of my phones (2x Samsung, 1x oppo many android update, app updates and years later still.",4,0,,1,156,29,offline mode take respond issue plague phone 2x samsung 1x oppo android update app update year later
2022-06-11 15:15:35,Relentlessly nags me to give it Bluetooth access.,2,0,,0,49,8,relentlessly nag bluetooth access
2022-06-27 23:35:00,Spotty is the best! They have all my favorite music.,5,0,,1,52,10,spotty good favorite music
2022-06-07 01:00:35,"This app is crashing on my new Android phone. I tried uninstalling and reinstalling, still the same issues.",1,0,,0,107,18,app crash new android phone try uninstalle reinstall issue
2022-06-15 15:17:43,"The app is good, i absolutely love it but I recently got a problem in my phone so i updated it, therefore I had to reinstall Spotify and clearly i have been trying to log in sibe last 4 days but it does not let me log in.😅 I have tried it in every way be it number or sing in or log in it does not let me in by my, i have my acc already in it i just need to log in. If you could just fix this problem, so i acn use this amazing app again.☺️",4,0,,1,440,100,app good absolutely love recently get problem phone update reinstall spotify clearly try log sibe day let log try way number sing log let acc need log fix problem acn use amazing app
2022-07-08 04:05:09,Great song choices.,5,0,,1,19,3,great song choice
2022-06-04 23:52:55,Love the app and all the content that comes with it!,5,0,,1,52,11,love app content come
2022-05-31 17:12:16,Very good experience without subscription also XD,5,0,,1,49,7,good experience subscription xd
2022-07-06 22:34:04,If you are into music or podcasts then they got you. Got more than you could want. More than the others. And better pricing than the others. Top shelf all day.,5,0,,1,159,31,music podcast get get want well pricing shelf day
2022-06-11 06:04:28,Why'd y'all remove the enhance button in playlists?! Was the best feature.,4,0,,1,74,12,remove enhance button playlist good feature
2022-06-22 16:42:11,The music is awesome!😁😁😁,5,0,,1,24,4,music awesome
2022-06-04 13:21:53,I like this because all of my music lover friends downloaded this apps😍,4,0,,1,71,13,like music lover friend download app
2022-06-30 19:51:36,Good music experience All songs r available in this😘😘😘,5,0,,1,54,9,good music experience song available
2022-06-27 02:28:12,My app is installed and now it's saying no internet connection...... What's the matter?,1,0,,0,87,14,app instal say internet connection matter
2022-06-02 11:35:08,"This is very gorgeous app to listen any songs,padcasts. From me, I gave it ***** stars.",5,0,,1,87,16,gorgeous app listen songspadcast give star
2022-06-09 17:56:07,The most horrible music listening experience to date,1,0,,0,52,8,horrible music listen experience date
2022-06-21 09:11:23,Its a good music app.,4,0,,1,21,5,good music app
2022-06-06 08:59:02,"I can't play just one song, it forces me to play an entire playlist. This app is just too complicated",1,0,,0,101,20,not play song force play entire playlist app complicated
2022-06-22 03:40:29,Great selection of all music 🎵,5,0,,1,30,6,great selection music
2022-06-17 22:22:10,By far the Best music app love it! Still #1! Every update gets better!,5,0,,1,70,14,far good music app love update get well
2022-06-13 13:07:27,"Nice app, I love the track selection even without giving instruction on what to play!",5,0,,1,85,15,nice app love track selection give instruction play
2022-06-10 04:46:39,"Hi, spotify is awesome but don't know my spotify is not opening. I tried opening it but it closses please do something. Other wise the app is very very cool and has a large amount of songs. And if you could do something here is my username : Reck J",4,0,,1,248,50,hi spotify awesome not know spotify open try open closse wise app cool large song username reck
2022-06-20 09:47:42,Brilliant App... very functional and apt for the gospel music uses I desire of it etc.,5,0,,1,86,16,brilliant app functional apt gospel music use desire etc
2022-06-15 08:47:46,"Very annoying ways this has to interrupt your listening. 4 stars because the app loads so fast it's way faster to close the app, turn it on again, and continue listening than to actually wait for even one (much less two) of their stupid ads to finish playing.",4,0,,1,259,48,annoying way interrupt listen star app load fast way fast close app turn continue listen actually wait stupid ad finish play
2022-06-12 20:34:18,I love it sad thing it needs wifi connection to be able to listen to music and also.. It outs random songs inmy play list and none of my sings in my play list gets played its like it doesn't exist Spotify help,4,0,,1,209,43,love sad thing need wifi connection able listen music out random song inmy play list sing play list get play like not exist spotify help
2022-07-06 10:36:38,Very addective and super play list,5,0,,1,34,6,addective super play list
2022-06-19 01:12:44,I love the app. Been using it for many years,5,0,,1,44,10,love app year
2022-06-13 21:35:47,a lot of commercials lately,4,0,,1,27,5,lot commercial lately
2022-07-04 09:53:31,"Ads, ads everywhere, I understand an ad every three songs, but not three ads for every song, since yesterday that's what I get constanta both on mobile and pc, is this a bug or what?",1,1,,0,182,35,ad ad understand ad song ad song yesterday constanta mobile pc bug
2022-06-03 11:04:22,Great! I am really enjoying this app! Thank you!,5,0,,1,48,9,great enjoy app thank
2022-07-09 06:56:51,"I love 💓 this app . It has ads but not that level, that's the reason. And you can choose your favorite artist. You can enjoy different Playlist in just 28 mb. And resso use 68 mb. So I prefer Spotify.",5,0,,1,200,41,love app ad level reason choose favorite artist enjoy different playlist 28 mb resso use 68 mb prefer spotify
2022-06-03 11:54:53,Crashes if you try to use it and play Pokemon go still crashing if you want to use any other apps at the same time,5,0,,1,114,25,crash try use play pokemon crash want use app time
2022-06-28 19:20:17,"Even after a new update, spotify never works properly. Now the issue is its not playing podcast videos. Really tired of paying for an app that never works. Cleared my cash, force stopped the app, checked settings allow all data and not save pods as audio only",1,0,,0,259,47,new update spotify work properly issue play podcast video tired pay app work clear cash force stop app check setting allow datum save pod audio
2022-06-27 18:22:42,I love my Spotify premium family plan! I like making my own Playlist and the suggestions Spotify generates are many times spot on,5,0,,1,129,23,love spotify premium family plan like make playlist suggestion spotify generate time spot
2022-06-10 20:29:34,Always can rely on a great tune to be available,5,0,,1,47,10,rely great tune available
2022-06-03 17:21:58,My spotify is not working from the past week.the app keeps shutting down whenevr I play music I did every thing I was told about whether it's login log out or reinstalling the app but I still face the same problem I want spotify to resolve my issue and help me out.,2,0,,0,265,52,spotify work past weekthe app keep shut whenevr play music thing tell login log reinstall app face problem want spotify resolve issue help
2022-06-06 11:22:41,"Annoying. The app will randomly start playing music while you're sitting in a meeting. While in your car, it continues playing when you shut off your engine. Lot of work to do on this one. Considering I had this same problem 2 years ago, I don't expect much to change.",1,1,,0,268,50,annoying app randomly start play music sit meeting car continue play shut engine lot work consider problem year ago not expect change
2022-06-18 22:39:33,Fantastic app I've never searched for a song that couldn't be found Spotify has everything I've ever looked for and then some love not having the commercials and a big library of songs never ending wonderful entertainment,5,0,,1,221,37,fantastic app ve search song not find spotify ve look love have commercial big library song end wonderful entertainment
2022-06-10 23:44:46,The Best Music App. if all time. member since08,5,0,,1,47,9,good music app time member since08
2022-07-02 01:55:48,Great app. Good connectivity,5,0,,1,28,4,great app good connectivity
2022-06-12 16:53:46,Worst app it always show no internet connection,1,0,,0,47,8,bad app internet connection
2022-06-15 23:07:47,Good app I like that commercials don't interrupt you every 9 seconds but maybe get rid of the pop up might make someone accidentally delete one of their playlist or something important. Something weird is that whenever I search up a specific song I press play but it plays a different song and really annoys me. But other than that it's a great app for music!,4,15,,1,359,66,good app like commercial not interrupt second maybe rid pop accidentally delete playlist important weird search specific song press play play different song annoy great app music
2022-06-04 07:47:00,Easy to get started retrieve nmu albums from many years ago thousands of songs to listen to all my life and loving it simple to program,5,0,,1,135,26,easy start retrieve nmu album year ago thousand song listen life love simple program
2022-07-07 23:09:52,Really enjoy the music. No technical problems.,5,0,,1,46,7,enjoy music technical problem
2022-07-07 20:03:49,"Amazing for music. Glitchy and extremely unreliable for podcasts. Please fix it asap, Premium doesn't feel very premium anymore. Edit: One year later and the issue remains. 2 star becomes 1 star.",1,0,,0,195,32,amazing music glitchy extremely unreliable podcast fix asap premium not feel premium anymore edit year later issue remain star star
2022-06-12 19:16:48,"With premium, I was able to listen to music freely and with the lyrics I could learn the song so I could listen to it. Spotify is the best app to stream music",5,0,,1,158,33,premium able listen music freely lyric learn song listen spotify good app stream music
2022-06-03 03:51:16,"Works most of the time, but the iPhone app is so much more better",4,0,,1,65,14,work time iphone app well
2022-06-04 14:37:24,"Great app, but they make it very, very difficult to make any sort of change to your account. Logging in, changing my premium plan, adding a family member to a family plan--all things that have no easy way to accomplish, not even having the option within the app itself. Instead you have to go onto their website which is just about as straightforward. So long as you never have to do anything with your account, Spotify is awesome. But the frustration quickly brings a 5 star app to 2.",2,46,,0,485,89,great app difficult sort change account log change premium plan add family member family planall thing easy way accomplish have option app instead website straightforward long account spotify awesome frustration quickly bring star app
2022-06-06 01:14:14,"They tricked me very well, they drugged me with so much selections, then they dropped me while i wanted to listen too my choice, then a whole bunch of advertising",1,0,,0,162,30,trick drug selection drop want listen choice bunch advertising
2022-06-14 03:39:12,9.99 wasn't a bad deal.... Until they started charging my card twice a month.,1,0,,0,77,14,999 not bad deal start charge card twice month
2022-06-06 16:55:09,"When I pick the song I want to hear, it chooses a random song for me but not the song I wanted to hear, I kept trying but it still doesn't work. Please fix this bug/glitch because I can't select the song I wanted to hear.",1,0,,0,221,46,pick song want hear choose random song song want hear keep try not work fix bugglitch not select song want hear
2022-06-22 13:43:38,This platform is really awesome but premium is little bit higher In price so that yt music is more Better option than that because of affordable price with video features and minimal primium range one premium for everyone .,4,0,,1,223,39,platform awesome premium little bit high price yt music well option affordable price video feature minimal primium range premium
2022-06-29 12:52:44,I can hear all my favourite songs,5,0,,1,33,7,hear favourite song
2022-06-01 06:27:10,I mean the songs are pretty good but the update is horrible fix it please I can't play my favorite song on my playlist and I can't listen to any songs it just play random songs instead of the one I wanted to play,1,0,,0,212,44,mean song pretty good update horrible fix not play favorite song playlist not listen song play random song instead want play
2022-06-24 07:07:55,"I hate the fact I can't put the song I want as a free user, I just want this one specific song to listen to first in my liked but I only get to hear a couple seconds of it, I have a bunch of liked songs so it's hard to get to the one I want in my liked. Also the 6 skips only and having to wait for more skips is annoying as a free user",2,0,,0,336,78,hate fact not song want free user want specific song listen like hear couple second bunch like song hard want liked skip have wait skip annoying free user
2022-06-24 20:28:16,It was working fine but now nothing is working I can't play anything,2,0,,0,68,13,work fine work not play
2022-06-17 08:11:44,"I've been using it for years and the only problem I've ever encountered is that it crashes way too often, especially when I'm trying to click on a podcast episode.",4,0,,1,163,30,ve year problem ve encounter crash way especially try click podcast episode
2022-06-02 19:49:33,What happened to the shuffle feature? That big button at the top was ideal.,4,0,,1,75,14,happen shuffle feature big button ideal
2022-07-05 13:46:39,More data it's taking 30 min 400 mb it took,1,0,,0,43,10,datum take 30 min 400 mb take
2022-06-24 21:01:34,For some reason I can't listen to the music that I downloaded for some reason,2,0,,0,77,15,reason not listen music download reason
2022-06-19 21:41:40,"Fantastic so far, one of my favourite apps!",5,0,,1,43,8,fantastic far favourite app
2022-06-19 22:32:14,Great content but adds are becoming annoying and app is very unstable and crashes constantly.....,2,0,,0,97,15,great content add annoying app unstable crash constantly
2022-07-03 10:55:21,I took the premium but still I can't download and the episode can't be downloaded but it says u can but it's all fake 😭😡💩💩,4,0,,1,122,25,take premium not download episode not download say fake
2022-06-20 19:06:49,"Great UI, expansive catalogue, and instantaneous music starts. It's the head of the pack, currently.",5,0,,1,100,15,great ui expansive catalogue instantaneous music start head pack currently
2022-06-04 01:44:09,"This is a great app it really is, but I think mine's updated the wrong way and I CAN BARLEY hear the song I wanna be playing, and then I restarted the app and play music it doesn't work at all. *PLEASE FIX IT *",2,0,,0,210,45,great app think mine update wrong way barley hear song wanna play restart app play music not work fix
2022-07-04 11:03:01,Ever since the June 2022 update controls no longer work. The only way to pause or stop spotify is to close the app. Media controls indicate no media is playing when audio is playing.,1,2,,0,182,34,june 2022 update control long work way pause stop spotify close app medium control indicate media play audio play
2022-06-08 14:51:41,Wow! Spotify is so wonderful 💕 it works quickly and it's very easy to use it👏👏,5,0,,1,78,16,wow spotify wonderful work quickly easy use
2022-06-13 20:49:30,Spotify doesn't disappoint. I depend on Spotify to keep me going at work 10-14 hrs a night. The large collection of choices make it possible to never have to repeat a podcast or music line up BUT Still have the option if I choose to repeat. Thnx Spotify for helping me focus.,5,0,,1,275,52,spotify not disappoint depend spotify go work 1014 hrs night large collection choice possible repeat podcast music line option choose repeat thnx spotify help focus
2022-06-18 15:13:33,Love all the integrations of this app that is everywhere,5,0,,1,56,10,love integration app
2022-07-09 06:55:33,Umm... Lately There is Auto Pausing Problem when the screen Locks Hope It Will Fix Soon,4,0,,1,87,16,umm lately auto pausing problem screen lock hope fix soon
2022-06-21 14:02:22,"It's pretty good, although it does change music on you sometimes. For example, I'd be listening to a playlist of 8 Graves, and then it'd play TeZatalks out of nowhere. Other than that, it's fine.",4,0,,1,195,35,pretty good change music example listen playlist graf play tezatalk fine
2022-07-01 14:49:00,My music skips like a broken cd. Still skips like a scratched cd ugh. I pay too much for these issues.,1,0,,0,102,21,music skip like broken cd skip like scratch cd ugh pay issue
2022-06-23 07:34:40,"I like spotify a lot. But it glitches, I'll be doing something on my phone and till just randomly stop playing music! And i when i go back into the app it'll start the song over. Please fix this its so frustrating!! It happens often.",4,0,,1,233,45,like spotify lot glitche ill phone till randomly stop play music app ll start song fix frustrating happen
2022-07-06 12:52:39,I love bts songs sooo much thank for providing this all😇😇,5,0,,1,57,11,love bts song sooo thank provide
2022-06-24 16:21:24,"If you hear music while gaming,this is the best choice for you",5,0,,1,62,12,hear music gamingthis good choice
2022-05-31 15:34:45,"There's a bug that I've been experiencing for over a month now. When you play a song in a long playlist, sometimes the volume will just turn low directly, and sometimes the song just keeps playing in Spotify but not in the background.",4,1,,1,234,43,bug ve experience month play song long playlist volume turn low directly song keep play spotify background
2022-06-01 14:35:31,Enjoy this music app for years!,5,0,,1,31,6,enjoy music app year
2022-06-25 16:40:09,Constantly opens the media controls in quick setting whenever I connect any BT device. This shouldn't even autostart let alone start playing,1,0,,0,140,22,constantly open medium control quick setting connect bt device not autostart let start play
2022-06-17 23:20:07,"Wish it wasn't so limited in available bands\songs, but the app itself and it's features work great.",4,1,,1,100,17,wish not limited available bandssong app feature work great
2022-06-06 03:29:24,"The app is amazing, except for one thing. When I make a Playlist, it adds random songs to it. There's no setting to turn this off either. If I want a Playlist containing songs I like, I don't want random songs I may find inappropriate added to the Playlist. Don't tell me to get premium either, it's absurd to force extra content onto someone. Premium should be to add content, not removing forced content. Other than that, I guess it's ok...",1,76,,0,442,81,app amazing thing playlist add random song setting turn want playlist contain song like not want random song find inappropriate add playlist not tell premium absurd force extra content premium add content remove force content guess ok
2022-06-30 12:29:57,Stupid app won't let me play certain specific songs it's always on shuffle play without premium,1,1,,0,95,16,stupid app will not let play certain specific song shuffle play premium
2022-07-07 02:36:37,Not Working its showing only black screen,1,0,,0,41,7,work show black screen
2022-07-02 02:34:25,"I like it and although many people are complaining it works just fine the playlist will be ""blocked"" sometimes on some devices because of updates but if you make sure it is updated it is fine.",4,0,,1,192,36,like people complain work fine playlist block device update sure update fine
2022-06-15 16:52:08,Using spotify for several years and never going back to pandora or youtube,5,0,,1,74,13,spotify year go pandora youtube
2022-06-28 03:58:28,really good wish we could do more stuff without having premium,4,0,,1,62,11,good wish stuff have premium
2022-05-31 14:14:28,It's always been glitch and laggy even with strong connection and now the lyrics won't load,1,0,,0,91,16,glitch laggy strong connection lyric will not load
2022-06-20 23:18:21,"Don't get me wrong, I love Spotify, it's just.. how I customize my liked playlist and I play it like how some people do and what happens while playing it. Well what I'm trying to get at is I am not happy with how my liked playlist plays recommended songs that I have to spend all of my skips to get to a song I actually like! Thus has happened more than once and more often, it even happened today.",4,0,,1,398,80,not wrong love spotify customize liked playlist play like people happen play try happy liked playlist play recommend song spend skip song actually like happen happen today
2022-06-22 10:59:40,"I usually love this app but just in the past week or so, that problem of constant stopping mid-song randomly is back. I've tried uninstalling and reinstalling, restarting my phone and just did an update of the app this morning and still nothing. It's so frustrating that I'm using Pandora and YouTube instead, which is annoying because I pay for Spotify. If this isn't fixed quickly, I'm cancelling my subscription!",2,193,,0,415,70,usually love app past week problem constant stopping midsong randomly ve try uninstalle reinstall restart phone update app morning frustrating pandora youtube instead annoying pay spotify not fix quickly cancel subscription
2022-07-09 03:03:24,Awesome app but can reduce ads for free users,4,0,,1,45,9,awesome app reduce ad free user
2022-06-24 12:49:21,"Changed my 1 star to 5. Not even going to explain why, but just use Spotify as best music streaming service available.",5,0,,1,118,22,change star go explain use spotify good music streaming service available
2022-06-26 13:09:43,"love it, I always rely on this for music. I also have the premium plan",5,0,,1,70,15,love rely music premium plan
2022-06-20 01:14:22,seriously so good. their system is great. music wow 😻.,5,0,,1,54,10,seriously good system great music wow
2022-06-20 06:37:21,I'm actually giving like 4.9 stars just because I can't select multiple songs at once.,5,0,,1,86,15,actually give like 49 star not select multiple song
2022-06-17 20:39:30,"Recently I can only listen to 3 or 4 songs before the skipping starts and the music quality is unbearably bad. Contacted support 3 times, they didn't even engage in trying to fix it, just no interactions in the chats the last 2 times. Will likely cancel subscription if I can't get someone to try and address this over the weekend.",1,5,,0,331,61,recently listen song skipping start music quality unbearably bad contact support time not engage try fix interaction chat time likely cancel subscription not try address weekend
2022-06-25 05:56:54,Great app honestly but sometimes when you choose a particular song it plays a completely different song and that's quite annoying but otherwise it's great and highly reccomend,4,0,,1,175,28,great app honestly choose particular song play completely different song annoying great highly reccomend
2022-07-05 10:41:57,I've been using Spotify for quite some time already. And in general it's cool. But recently I started experience problems with playing songs and podcasts in offline mode. And in general I have an impression that app became more laggy. Hope this is temporary.,4,4,,1,258,44,ve spotify time general cool recently start experience problem play song podcast offline mode general impression app laggy hope temporary
2022-06-01 23:27:31,"Lately, when I shuffle play my playlist, it only plays one song and then just stops. I got back to the app, and do reshuffle my playlist and it still does the same thing. I'm literally about to uninstall this and get another app.",1,0,,0,229,44,lately shuffle play playlist play song stop get app reshuffle playlist thing literally uninstall app
2022-06-22 15:09:34,"I like the playlists, I like the amount of songs and artists. I absolutely HATE the free version as you basically have no control over choosing songs or playlists anymore and you get 2 songs and 4 ads. You're being forced into paying for the subscription because they make it annoying enough. I'd rather go to YouTube or Amazon music.",1,39,,0,334,60,like playlist like song artist absolutely hate free version basically control choose song playlist anymore song ad force pay subscription annoying youtube amazon music
2022-06-12 23:21:26,"Beyond my expectations , I'm not very technical so they've made it easy and helpful , thanks",5,0,,1,92,17,expectation technical ve easy helpful thank
2022-06-26 16:33:56,"So far, so good. Good design collection as well!",5,0,,1,48,9,far good good design collection
2022-06-04 12:14:15,"It's quite a good app all the music you want and some you weren't even looking for! Overall, it's a banger and I hope you enjoy the app as much as I did!",4,0,,1,153,33,good app music want not look overall banger hope enjoy app
2022-06-23 22:49:48,"Has been great, hate to say that too early though...",5,0,,1,52,10,great hate early
2022-06-16 07:26:37,The android app has recently become buggy and lagging. Everything is fine until I launch Spotify and the entire phone laggs,4,0,,1,123,21,android app recently buggy lag fine launch spotify entire phone laggs
2022-06-24 17:52:44,Samsung S21 Ultra. South Africa. Shuffle keeps turning on.,5,0,,1,58,9,samsung s21 ultra south africa shuffle keep turn
2022-06-23 15:56:50,"I went into an area where my phone service didn't work and I've lost all of my music when the app closed out and booted me off of my account, which I can't get back into. The amount of ads being 4 to 5 every other song.",1,0,,0,219,47,go area phone service not work ve lose music app close boot account not ad song
2022-07-01 23:55:20,"Great price for a great service. Love, love, love",5,0,,1,49,9,great price great service love love love
2022-07-07 06:41:09,I love it. All I can say is. It has all I needed to hear. ❤️❤️❤️,5,0,,1,64,16,love need hear
2022-06-30 09:17:27,how to make basic fried rice 3 cups cooked rice * 2 Tbs sesame oil. 1 small white onion chopped. 1 cup frozen peas and carrots thawed. 2-3 Tablespoons soy sauce more or less to taste. 2 eggs lightly beaten. 2 Tbsp chopped green onions optional.,5,0,,1,244,46,basic fried rice cup cook rice tbs sesame oil small white onion chop cup freeze pea carrot thaw 23 tablespoon soy sauce taste egg lightly beat tbsp chop green onion optional
2022-07-08 01:47:07,Pretty awesome... I get to listen to music and stuff. You have to have premium if you don't wanna listen to ads every other song.,4,0,,1,129,25,pretty awesome listen music stuff premium not wanna listen ad song
2022-07-05 03:34:09,Can't use the search option anymore. Keeps on saying 'No internet connection' while my internet works just fine. It's getting impossible to use Spotify with all these bugs. Please fix it.,1,1,,0,187,31,not use search option anymore keep say internet connection internet work fine get impossible use spotify bug fix
2022-06-25 16:01:08,Worst app ever just go and download SoundCloud instead of this app its the worst app i have ever seen it has like a billions of ads in it and its just a weird wastes all of your time on ads rather then listening to music🎤🎼🎹🎶,1,0,,0,224,46,bad app download soundcloud instead app bad app see like billion ad weird waste time ad listen music
2022-06-21 21:09:06,Stop asking me to connect to Alexa devices. I don't own any,1,3,,0,59,12,stop ask connect alexa device not
2022-07-06 21:34:08,"Love it!! Has any and all my old Rock favorites, Like Frank Marino, and Pat Travers, as well 90's Grunge.",5,0,,1,105,20,love old rock favorite like frank marino pat traver 90 grunge
2022-07-07 14:00:00,"☹️☹️☹️ Spotify is an amaazing app.. knowing tht.. i went for d premium.. but even aftr the payment, it is still not showing premium n still i get ads .. if anybody cud help.. pls do☹️",5,0,,1,183,36,spotify amaazing app know tht go premium aftr payment show premium ad anybody cud help pls
2022-06-18 03:40:49,I just loved this one... without ads non-stop music🤩🤩,5,0,,1,53,9,love ad nonstop music
2022-06-14 14:18:09,Best music app I ever see,4,1,,1,25,6,good music app
2022-06-05 16:12:33,NOTHING TO SAY ABOUT THIS SPOTIFY APP JUST I LIKE SONGS,5,0,,1,55,11,spotify app like song
2022-06-09 19:37:50,Wish you could unload your music for off line enjoyment.,4,0,,1,56,10,wish unload music line enjoyment
2022-06-21 03:14:52,"Premium subscriber for many years, and I'm troubled by the increasing instability and new bugs. What worked perfectly for years now fails constantly even on completely different devices. For example, player control will disappear leaving you unable to control playback, then requiring you to force stop app, restart to restore control. And suggested music is far inferior to Pandora's genome. Seems that Spotify favors music that favors their own preferences than yours.",2,25,,0,470,72,premium subscriber year trouble increase instability new bug work perfectly year fail constantly completely different device example player control disappear leave unable control playback require force stop app restart restore control suggest music far inferior pandoras genome spotify favor music favor preference
2022-06-20 07:41:03,This app is very bad cant download music,1,0,,0,40,8,app bad not download music
2022-06-22 18:36:16,Spotify double charged me for a year and a half and I didn't notice. One month last year they charged me 4 times on the same day. I canceled my subscription in November 21 and they continued to charge me. The only reason I noticed any of it was because I was looking through my transaction history. I am not impressed and will definitely be deleting my account. Not to mention I've been going back and forth with the customer service representative for days. They do not have a phone number either.,1,0,,0,498,92,spotify double charge year half not notice month year charge time day cancel subscription november 21 continue charge reason notice look transaction history impressed definitely delete account mention ve go forth customer service representative day phone number
2022-06-02 14:54:28,Plays good music and you don't have to go searching for stuff because once you select the song it plays songs of that genre following very good program.,5,0,,1,152,28,play good music not search stuff select song play song genre follow good program
2022-06-06 19:38:51,To good to otragesce I LIKE IT I LIKE A LOT LIKE I LIKE A ROLLO AND I DON'T CHERE,5,0,,1,81,20,good otragesce like like lot like like rollo not chere
2022-06-27 11:35:22,"Love this app!...great music, great selection, awesome!",5,0,,1,55,7,love appgreat music great selection awesome
2022-06-16 14:05:41,Pay $15 for premium to have many issues. Offline songs don't load and app crashes frequently.,1,0,,0,93,16,pay 15 premium issue offline song not load app crash frequently
2022-06-16 17:02:16,Fazool app hai. Without internet chl hi ni sakti ya app to faida. Is sy bhtr bnda YouTube sy songs sun ly. Baat to aik hi hai. Na hi download ki option hai. Na save ki option hai k banda save krky baad mai hi sun ly.,1,0,,0,216,47,fazool app hai internet chl hi ni sakti ya app faida sy bhtr bnda youtube sy song sun ly baat aik hi hai na hi download ki option hai na save ki option hai banda save krky baad mai hi sun ly
2022-06-29 23:34:49,"Doesn't have everything I was looking for, but it has way more than I was expecting.",5,0,,1,84,16,not look way expect
2022-06-04 14:15:57,I used to like this app as the advertising used to be minimal once every 30 minutes. Now you can't even go to songs because they have to have ads between every song now.. I will be uninstalling this app and never use it again,1,0,,0,225,45,like app advertising minimal 30 minute not song ad song uninstalle app use
2022-05-30 19:10:28,I using first time I think good app But sleeping timer mode is not available 😐,4,0,,1,78,16,time think good app sleep timer mode available
2022-06-08 06:19:25,great application!!! don't miss to upload.,5,0,,1,42,6,great application not miss upload
2022-05-31 16:16:12,"Fantastic ,Lovit, spotify is the Best !!",5,0,,1,40,7,fantastic lovit spotify good
2022-06-05 06:57:48,This is the best music I have ever encountered and so easy to use.,5,0,,1,66,14,good music encounter easy use
2022-06-29 07:00:06,"I use to love this app. To me, it use to be one of the best music apps. But after last update, it has gone down hill. Now when I listen to a playlist it will just start playing random music and then start the playlist over again. I use to never have any problems. Now it is full of bugs. Until it gets fixed, I won't be using it anymore. Until it is fixed, I wouldn't recommend it to others either.",1,2,,0,398,82,use love app use good music app update go hill listen playlist start play random music start playlist use problem bug get fix will not anymore fix not recommend
2022-06-15 03:30:11,"This app gives me a semi, free version is great on my PS4. 4 years later, I'm checking my review. This still rings true. I still have spotify, but it's giving me a full on stiffy. I have premium now, I'm never going back. I use it in my car with android auto, it's on all my consoles, Google home devices, on the PC while doing schoolwork. When I go out, I'm using my galaxy buds - I live, eat, breathe, piss and bleed spotify. I will do anything for spotify, it is my BB.",5,0,,1,472,95,app give semi free version great ps4 year later check review ring true spotify give stiffy premium go use car android auto console google home device pc schoolwork galaxy bud live eat breathe piss bleed spotify spotify bb
2022-06-05 12:50:35,"It's crashed multiple times in vivo v23e. I think problem is in Android OS, i think not properly complies. Improve it as soon as possible. Because I don't want someone think worng about about Spotify music.",1,0,,0,206,36,crashed multiple time vivo v23e think problem android os think properly complie improve soon possible not want think worng spotify music
2022-07-04 05:44:50,Been using Spotify for years now. I really can't fault it 😎,5,0,,1,59,12,spotify year not fault
2022-06-21 21:56:04,"Used to be really good. Lots of issues and glitches now, it constantly disconnects between my phone and other devices. Wondering if other apps are better for the price 🤔",2,1,,0,169,30,good lot issue glitch constantly disconnect phone device wonder app well price
2022-06-10 21:47:21,"Ads every 5 minutes even after their ""30 minutes for free"" claim.",1,0,,0,65,12,ad minute 30 minute free claim
2022-07-01 15:18:43,"So much music, not enough time",5,0,,1,30,6,music time
2022-07-06 11:19:00,Nice sound quality,5,0,,1,18,3,nice sound quality
2022-07-06 04:20:09,Removed features being used by the client base without any notice. Rather go to YouTube music then continue paying Spotify money. Bring back Spotify connect function and I'll take my review back.,1,1,,0,195,32,remove feature client base notice youtube music continue pay spotify money bring spotify connect function ill review
2022-06-08 01:14:49,Best music app on the market!!,5,0,,1,30,6,good music app market
2022-06-24 01:22:39,Was good. Started getting glitchy over last couple of months until it stopped working. Despite reinstalling ap. will change to someting else.,2,0,,0,141,22,good start get glitchy couple month stop work despite reinstall ap change somete
2022-06-14 01:52:00,I love it so much I can download a lot of music and enjoy as much as I can and the price is very affordable ❤️❤️❤️💖💖💖😩,5,0,,1,118,26,love download lot music enjoy price affordable
2022-06-26 17:39:33,"I love listening song,s on this app but one problem it have much adds but this is the best app and this is much better than gaana",5,0,,1,129,27,love listen song app problem add good app well gaana
2022-06-07 18:29:03,Always a good mix. Very reasonable ads for such a great service!,5,0,,1,64,12,good mix reasonable ad great service
2022-06-15 21:40:27,The service of Spotify is great but the app is trash will not load or will crash repeatedly it appears that they do not maintain the app on a ongoing basis.,1,0,,0,156,31,service spotify great app trash load crash repeatedly appear maintain app ongoing basis
2022-06-03 17:26:08,Best application for music..loved it😍,5,0,,1,37,5,good application musicloved
2022-06-06 06:20:02,It's a really good music app and Injoy it alot and it always has new music every week for u to listen to.,5,0,,1,105,23,good music app injoy alot new music week listen
2022-06-28 19:26:19,So dumb that you guys were out for a while and silly haven't fixed this app like I pick a song and it puts on another song that just didn't even pick I recommend people to use another app instead of this one,1,0,,0,207,43,dumb guy silly not fix app like pick song put song not pick recommend people use app instead
2022-06-17 22:54:01,Really bad when I search up a song I di find it but it takes me through a whole Playlist and I can't skip. However when I do find the song I want I can't put it on repeat I remeber back them you could. Spotify explain,1,0,,0,217,47,bad search song di find take playlist not skip find song want not repeat remeber spotify explain
2022-07-03 14:23:36,My Spotify won't open and is stuck at the logo,1,2,,0,46,10,spotify will not open stick logo
2022-07-02 14:52:48,"Regardless if you use free edition or buy premium, you will ALWAYS get ads. Will upgrade score when Spotify fixes this but I don't see it happening as Ive used Spotify premium for years",2,0,,0,185,34,regardless use free edition buy premium ad upgrade score spotify fix not happen ve spotify premium year
2022-06-17 12:34:51,Always recommended but you always need a strong internet to play songs .,5,0,,1,72,13,recommend need strong internet play song
2022-06-24 11:32:07,Thanks Spotify keep it up best app,5,0,,1,34,7,thank spotify good app
2022-06-30 05:07:54,"Best new music engine, lots of o scu trax. Where's Anne now?",5,0,,1,60,12,good new music engine lot scu trax anne
2022-06-17 16:20:24,It's straight forward everything is there. Although they should minimize the amount of ads there a lot!,5,0,,1,103,17,straight forward minimize ad lot
2022-06-10 10:31:47,My downloads do not always play offline.,1,0,,0,40,7,download play offline
2022-06-25 17:07:21,"There's such variety and available music that you can enjoy tremendous amounts of diversity, I love that. Old and new artists, it's wonderful. Music to relax, music to work out with, music to inspire, music to motivate! Spotify is fantastic! I like that I can share with my Husband too. I also like that wherever I utilize Spotify my playlists remain as I make them, cool...really happy with Spotify!",5,1,,1,400,69,variety available music enjoy tremendous amount diversity love old new artist wonderful music relax music work music inspire music motivate spotify fantastic like share husband like utilize spotify playlist remain coolreally happy spotify
2022-06-15 22:18:06,Spotify this app is amazing because my mood is very bad in sometime so I hear the music from Spotify feel good and I have no words for this app because this app is amazing ☺️☺️☺️☺️☺️,5,0,,1,182,36,spotify app amazing mood bad hear music spotify feel good word app app amazing
2022-06-23 13:26:42,Best music app ever I recommend this app to everyone i know,5,2,,1,59,12,good music app recommend app know
2022-06-24 07:19:29,It's actually good if you are a premium user,1,0,,0,44,9,actually good premium user
2022-06-22 09:43:00,Cool app for us retired old geirzers,4,0,,1,36,7,cool app retire old geirzer
2022-07-06 19:34:58,"Really good to use, I've been using Spotify a lot in the last 2½ years, Haven't had any issues with it (besides losing signal every now and then when in the car - as a passenger)",5,1,,1,178,36,good use ve spotify lot year not issue lose signal car passenger
2022-06-30 13:40:28,I am unable to login in it and i tried all accounts,1,0,,0,51,12,unable login try account
2022-06-21 03:27:10,"Great, easy to use music app with heaps of content. I use the free version and find the amount of ads reasonable",5,0,,1,112,22,great easy use music app heap content use free version find ad reasonable
2022-06-30 03:53:47,I found all my related songs at one place. Recommended.,5,0,,1,55,10,find relate song place recommend
2022-06-27 15:03:53,"When i reinstalled the app the karaoke feature was still there, but after a week it did not appear again. Why? As a student who makes singing as a way of releasing stress i badly need the feature.",1,0,,0,196,38,reinstall app karaoke feature week appear student make singing way release stress badly need feature
2022-06-24 13:57:15,Excellent for recommendations! Has exposed me to many different bands that I didn't even know existed :),5,0,,1,104,17,excellent recommendation expose different band not know exist
2022-07-08 07:06:58,I would love an option to rename playlists on android mobile,4,0,,1,60,11,love option rename playlist android mobile
2022-06-09 21:05:19,I love how easy it is to use and truly you can get any song. I love it!!! I've tried baby other apps and this is by far the best!!!,5,0,,1,131,30,love easy use truly song love ve try baby app far good
2022-06-22 03:54:13,"Its alright I guess. Not bad, but I would prefer YouTube music over Spotify..",5,0,,1,77,14,alright guess bad prefer youtube music spotify
2022-06-29 11:07:28,Very nice app I get all the songs without give money and with very less ad,5,0,,1,74,16,nice app song money ad
2022-06-20 10:51:07,The song recommendation are always off for me.,2,1,,0,46,8,song recommendation
2022-06-20 11:32:59,"Ads are too long, shuffle play is not good.",2,0,,0,43,9,ad long shuffle play good
2022-07-04 16:19:06,Just like how easy it is to use,5,0,,1,31,8,like easy use
2022-06-08 20:28:27,"I love this app, I can listen to whatever I want with premium. Most songs come with song lyrics which is awesome!!",5,0,,1,114,22,love app listen want premium song come song lyric awesome
2022-06-11 15:52:45,It won't work and when I try to listen to music none of my playlists show ive tried restarting my tablet and it wouldnt work uninstalled and reinstalled 4 times didn't work and I updated it didn't work,1,0,,0,201,38,will not work try listen music playlist ve try restart tablet not work uninstalled reinstall time not work update not work
2022-07-08 01:07:14,"It's ok, but $10/month is too much to pay, especially knowing how little the artists actually get out of that money.",1,0,,0,116,21,ok 10month pay especially know little artist actually money
2022-07-07 11:00:01,I freaking love Spotify it is the best ever all the songs I ever wanted are all right here on Spotify thank you so much Spotify you guys rock,5,0,,1,141,29,freak love spotify good song want right spotify thank spotify guy rock
2022-06-13 20:08:07,"Update: the prev problems seemed to be fixed. The only issue I'm seeing now is that the podcast that I listen to won't always be marked as ""played"" and if I do sort the played ones out it doesn't always filter them out the 1st time. Old: I really want to give this app a 5 because I use it every day and I want it to be better but it's been acting up lately and I've been getting frustrated with it. For the most part it's a great app. There's a wide variety of artists and sounds great.",4,283,,1,487,99,update prev problem fix issue see podcast listen will not mark play sort play one not filter 1st time old want app use day want well act lately ve get frustrate great app wide variety artist sound great
2022-06-03 00:56:12,Uninstalling app. 14 commercials in a row. It doesn't even play my music any more. Thank God for satellite radio. So long spotty app,1,0,,0,132,24,uninstalle app 14 commercial row not play music thank god satellite radio long spotty app
2022-06-03 09:49:15,Has all my favorite music when you want it,5,0,,1,42,9,favorite music want
2022-06-15 05:14:40,"Quality poor! The sound quality of the music is poor! I have a bose headsets and the music quality is poor using spotify. YouTube music is a lot better quality! I have high speed broadband, so its not that and i have over 200GB of free space on my phone!.",2,0,,0,255,50,quality poor sound quality music poor bose headset music quality poor spotify youtube music lot well quality high speed broadband 200 gb free space phone
2022-06-28 09:57:15,I love this app it's amazing I love Blackpink and it has concert experience I love this .,5,0,,1,89,18,love app amazing love blackpink concert experience love
2022-06-24 11:50:11,They charged my card without my permission I didn't sign up for premium,1,0,,0,71,13,charge card permission not sign premium
2022-06-18 13:35:13,Songs downloaded does not get stored in device. It remains in app library.,1,0,,0,74,13,song download store device remain app library
2022-06-17 16:56:03,Nice Music app op !😃😃😃,5,0,,1,22,5,nice music app op
2022-06-01 14:03:52,Too many problems to list. I'll stick with yutubemusic,1,0,,0,54,9,problem list ill stick yutubemusic
2022-07-02 03:04:30,"It's not Spotify It's adsify. Ads will come even after you heard a single song, Full of ads, that is of 30sec..... Worst experience ever 🤧",1,0,,0,138,26,spotify adsify ad come hear single song ad 30sec bad experience
2022-06-13 17:18:27,The app is to good but I again and again shows no network connection also when I have i good network connection,5,0,,1,111,22,app good show network connection good network connection
2022-07-05 10:36:00,It's nice I can listen to my music,5,0,,1,34,8,nice listen music
2022-07-09 12:50:55,"This will always be my favorite platform to listen to music on. I don't like to subscribe to alot of things, but this one is a must have.",5,0,,1,137,28,favorite platform listen music not like subscribe alot thing
2022-05-31 00:35:39,Whenever I download and log in.. it was showing me no playlist wast their go to home to find some.. if I go to home page.. still every album there seems was empty.. with same matter like go to home page.. not got 1 song to be played.. vry dissatisfied,1,0,,0,251,50,download log show playlist wast home find home page album matter like home page get song play vry dissatisfied
2022-07-07 02:45:04,"I used to love this app. I pay for the premium version. With the latest update I can no longer pause, rewind or fast forward.",1,1,,0,125,25,love app pay premium version late update long pause rewind fast forward
2022-06-19 07:37:23,"Very good music app, I recommend to everyone who enjoys good music",5,0,,1,66,12,good music app recommend enjoy good music
2022-06-18 15:12:59,It's a good app for music.,5,0,,1,26,6,good app music
2022-06-27 09:37:19,this app is so nice i can now listen to my favorite songs and i always update for their songs of every local and international artist so thats why i give this 5 stars💙💜🥰,5,1,,1,169,34,app nice listen favorite song update song local international artist star
2022-06-16 14:11:08,So brilliant pick artist press on the artist u good to go,5,0,,1,57,12,brilliant pick artist press artist good
2022-06-15 10:59:52,wheres the damn repeat option this is trash with a repeat option,1,0,,0,64,12,damn repeat option trash repeat option
2022-06-03 15:46:16,it takes son long to update ande theres annoying adds,4,0,,1,53,10,take son long update ande annoying add
2022-06-15 12:49:10,Great app to enjoy music! I LOVED IT!,5,0,,1,37,8,great app enjoy music love
2022-06-17 05:01:30,"Best music app seamless streaming, no adds, most songs have the lyrics, large variety of content and excellent pricing. The family plan is unbeatable 6 accounts for the cost of one of competing apps. A+",5,4,,1,202,35,good music app seamless streaming add song lyric large variety content excellent pricing family plan unbeatable account cost compete app
2022-06-08 02:53:17,"Third class as. As when you click on a like song, Spotify removing sogs and try to force to buy premium membership. Useless app now.",1,0,,0,132,25,class click like song spotify remove sog try force buy premium membership useless app
2022-06-25 13:22:37,I'm on 3 months of free premium so I can't complain. And my sound taste senses have been broadened.,5,0,,1,99,19,month free premium not complain sound taste sens broaden
2022-06-08 22:23:30,"pretty good just not all songs I look for, I find",4,0,,1,49,11,pretty good song look find
2022-06-24 08:40:41,The only music player I will ever use,5,0,,1,37,8,music player use
2022-06-26 23:44:31,Seems to only play 30 second clips. Uninstalled,1,1,,0,47,8,play 30 second clip uninstalle
2022-06-12 01:04:55,Why must everything need to be pay even choosable song need to pay wth,1,0,,0,70,14,need pay choosable song need pay wth
2022-06-25 01:13:06,Spotify plays almost everything I can remember and that's enough,5,0,,1,64,10,spotify play remember
2022-06-16 12:03:20,(premium user) what's the point of downloading songs and whatnot if the app can't even load the playlist when my cell service is less then perfect,1,4,,0,146,26,premium user point download song whatnot app not load playlist cell service perfect
2022-07-02 03:37:41,"You have taken down so many albums and songs, offline mode is horribly slow. I am switching to YouTube music. I wish I had done this sooner.",1,6,,0,140,27,take album song offline mode horribly slow switch youtube music wish soon
2022-06-26 10:24:04,"Mp3 songs best quality but 3 & 4 songs 30 second ads extra....,",2,0,,0,63,13,mp3 song good quality song 30 second ad extra
2022-06-29 21:28:24,"I think Spotify is a high-quality app and if you are looking for a high-quality music app this is the one. you can like songs, make playlists and enjoy. P.S follow me on Spotify",5,0,,1,177,34,think spotify highquality app look highquality music app like song playlist enjoy ps follow spotify
2022-06-12 17:12:05,It is fun and relaxing to stay on spotify,5,0,,1,41,9,fun relax stay spotify
2022-06-21 07:35:45,Enjoying everything most especially OLDTIME FAVORITES !,5,0,,1,55,7,enjoy especially oldtime favorite
2022-06-16 08:04:37,I have a suggestion for this app. If you can have something to customize the home screen and change preferences that should do. The premium Plans are useful for uninterrupted listening.,4,0,,1,185,31,suggestion app customize home screen change preference premium plan useful uninterrupted listening
2022-07-06 03:07:49,Spotify is the best app for listening music it has all the features I have never seen before 😄😄✌️,4,0,,1,97,19,spotify good app listen music feature see
2022-06-25 16:06:07,Good app only downside really is the ads but I've come to accept it,5,0,,1,67,14,good app downside ad ve come accept
2022-06-10 05:46:37,I've loved this app for yrs now and it's only got better if that say anything..it's great download it worth it ..,5,0,,1,113,22,ve love app yrs get well anythingit great download worth
2022-06-27 13:43:37,I've using Spotify for like more than a month and I will agree that it's a good and highly recommended app. Ads- totally fine and i still enjoy listening (no premium). This past week I'm having a several issue; when I play music it suddenly lags and crash out of nowhere.,4,2,,1,271,51,ve spotify like month agree good highly recommend app ad totally fine enjoy listen premium past week have issue play music suddenly lag crash
2022-06-15 03:23:21,Idk what id do without this cuz pandora puts to many ads and soundcloud jus dont hit like spotify does so thanks for being free and easy and having all my songs😭😕🙁,5,0,,1,163,32,idk cuz pandora put ad soundcloud jus not hit like spotify thank free easy have song
2022-07-08 17:10:21,Best music provider.,5,0,,1,20,3,good music provider
2022-06-18 16:39:41,Do give selected songs do apply for the songs and reviese it after a week and do keep my words and select the songs as I'm the user of your app and also I do use songs app the whole day and night .,4,1,,1,197,44,select song apply song reviese week word select song user app use song app day night
2022-07-05 23:17:36,We love our Spotify!,5,0,,1,20,4,love spotify
2022-06-03 19:26:59,Great music suggestions and the app works great,5,0,,1,47,8,great music suggestion app work great
2022-07-07 07:12:49,excellent application more than the others.,5,0,,1,43,6,excellent application
2022-05-30 16:07:53,Please remove the good morning/afternoon/evening tab if it isn't going to be customizable. It frustrates me to see a podcast of a news on top of that when i barely listened to it in the first place.,2,0,,0,198,37,remove good morningafternoonevening tab not go customizable frustrate podcast news barely listen place
2022-06-27 11:50:40,"It used to be good then they did this stupid update,like seriously 6 skips per hour and you can't skip forward in songs anymore.",1,0,,0,128,24,good stupid updatelike seriously skip hour not skip forward song anymore
2022-06-26 04:31:26,"Genuinely disappointed wanted to listen to the good the bad and the ugly instead I got some other song and couldn't even select it because I'm a free user, what a scam",1,0,,0,167,32,genuinely disappoint want listen good bad ugly instead get song not select free user scam
2022-06-11 05:36:44,Spotify needs to improve a lot of bugs for Android users. Constant listening to songs you didn't even select. Cannot repeat a song when ever you want. Etc.,2,0,,0,155,28,spotify need improve lot bug android user constant listen song not select repeat song want etc
2022-06-28 03:17:28,I never had Spotify till about a month ago & I enjoy everytime I use it. 5 star all the way.,5,0,,1,92,21,spotify till month ago enjoy everytime use star way
2022-07-08 06:29:12,"I have the premium version, I like it but when I'm conecting my JBL speaker the sound is interrupted and it's not great sounding",4,0,,1,128,24,premium version like conecte jbl speaker sound interrupt great sounding
2022-06-14 20:30:18,Great music 🎶 app.,5,0,,1,18,4,great music app
2022-07-04 02:57:11,"I love how there are so many songs to play from Country to K-Pop, plus it has some amazing podcasts. I would rate it a 5 star, but the only thing is, is that you cant change how loud or how low the music or podcast is, ye you could just lower down your phone, but if you have other things, like if you were playing a game, you wouldn't be able to lower the music down so you can hear the game. But overall an amazing app.",4,3,,1,421,88,love song play country kpop plus amazing podcast rate star thing not change loud low music podcast ye lower phone thing like play game not able lower music hear game overall amazing app
2022-06-28 10:11:15,I love how the podcast is being played on it smoothly. Thank you very much,5,0,,1,74,15,love podcast play smoothly thank
2022-06-30 01:13:23,Talk about the best app ever you deserve to listen to that inner rockstar...... You can unwind from life here👍👍👍👍,5,0,,1,113,20,talk good app deserve listen inner rockstar unwind life
2022-06-21 09:44:02,Can't play songs before adding them to my playlist.,2,3,"Hey there, thanks for the feedback. We’d recommend adding it to our ‘Ideas Board’ over at community.spotify.com. Just head to the Menu > Ideas > Idea Submissions. Others will then be able to vote or add to the conversation to show their support.",0,51,9,not play song add playlist
2022-07-07 07:14:07,I enjoy listening to my christian favorite songs,5,0,,1,48,8,enjoy listen christian favorite song
2022-07-08 13:53:19,"The music options are great, podcasts are great, but functionally it doesn't work half the time. You play a song and there is a bug that causes the app not to show the pause and play buttons. They don't reappear until I restart my phone. Have to force close the app to stop playing anything. Can't skip any songs. Really an app breaking bug.",2,0,,0,341,64,music option great podcast great functionally not work half time play song bug cause app pause play button not reappear restart phone force close app stop play not skip song app break bug
2022-06-12 19:12:06,Best music app by far! I wish I would've used Spotify sooner!,5,1,,1,61,12,good music app far wish ve spotify soon
2022-07-06 04:41:39,"New UI with the play button in the left most just feels weird, please fix it to the standard button layout.",5,0,,1,107,21,new ui play button left feel weird fix standard button layout
2022-07-08 22:58:36,"I love having MY music at my fingertips! I don't like when Spotify decides to add music to my playlists though. I know you can turn that feature off but it does it on its own sometimes. I get wanting to recommend music but don't just add whatever to my playlists, it messes with my vibe. 😉 Other than that this is a great app!! Thank you!",5,0,,1,338,67,love have music fingertip not like spotify decide add music playlist know turn feature want recommend music not add playlist mess vibe great app thank
2022-06-15 00:10:15,Very fast to find music.,5,0,,1,24,5,fast find music
2022-06-05 07:46:00,"I don't understand what did you do to the app??After the last update , It crashes on its own . I can't play any song . You will need to fix this ASAP!!",1,0,,0,151,33,not understand appafter update crash not play song need fix asap
2022-06-09 14:18:41,"Almost there, apart from occasional strings of the app crashing for no reason. But other than that it's all good ¯\_(ツ)_/¯",4,0,,1,122,21,apart occasional string app crash reason good
2022-06-28 16:16:25,I can find specific versions of songs that I can't on any other music streaming service,4,0,,1,87,16,find specific version song not music streaming service
2022-06-08 04:20:29,Love this app good choice of music and podcasts,5,0,,1,47,9,love app good choice music podcast
2022-06-29 16:03:35,Changed my previous back to 5 stars. The ability to preview songs before adding them to your playlist is back. Back to being my favorite music app :),5,205,,1,149,28,change previous star ability preview song add playlist favorite music app
2022-07-05 04:31:30,"The last update broke the app, it stops playing randomly, doesn't show anything currently playing when there is something playing (no bar down the bottom or on the phone's notification Panel). Have tried uninstalling and reinstalling but to no change.",1,0,,0,251,40,update break app stop play randomly not currently play play bar phone notification panel try uninstalle reinstall change
2022-06-29 10:18:09,6skips per hour +they will force you to listen in other song that you don't even want so you are most likely to skip it that's where the annoying part is gonna start... 6skips won't be enough to play the song you want like I mean literally.,1,0,,0,240,47,6skips hour force listen song not want likely skip annoying go to start 6skips will not play song want like mean literally
2022-06-11 22:13:17,It does not have unlimeted music like amazon music but their is so many ads. I can never just listen to one song but otherwise everything is good.,4,0,,1,146,28,unlimeted music like amazon music ad listen song good
2022-07-06 19:24:23,"Works fine on mobile, if I'm on WiFi no matter which one it just won't load anything, I tried everything, the app has all permissions, still nothing!",2,1,,0,149,27,work fine mobile wifi matter will not load try app permission
2022-07-01 06:40:45,I Can't going to give this app even one star yrr Mtlbb Itne Ads Kon show krta wo v music app me it's a worst music app i hv ever had due to their ads after every two song.....😡😡this is very bad app,1,0,,0,197,43,not go app star yrr mtlbb itne ads kon krta will music app bad music app hv ad songthis bad app
2022-06-20 15:03:55,At first it was good then this annoying update came now I can't play the song I want in my playlists and I can't skip I don't like this new update.please fix it,1,0,,0,160,33,good annoying update come not play song want playlist not skip not like new updateplease fix
2022-06-24 00:46:04,Absolutely shite can't even listen to the song I want to super long ads just not as good as it is in consoles,1,0,,0,109,23,absolutely shite not listen song want super long ad good console
2022-06-14 06:50:30,Clear music you can find the music you like on here I recommend,5,0,,1,63,13,clear music find music like recommend
2022-06-08 11:49:34,Honestly great app. algorithm needs some work tho. Songs I have put in don't play again still show up in my daily mixes. Why? I clearly don't to hear them so why still have them there? Just curious. Other than that great app.,4,0,,1,225,43,honestly great app algorithm need work tho song not play daily mix clearly not hear curious great app
2022-06-15 19:48:04,"I have had Spotify for nearly 5 years. Yesterday all my Playlist are gone and I cannot even make a new Playlist. Because after I name the Playlist I select one song the app closes and it does the same thing on the official website. Also when I clicke notifications it says ""something went wrong try again later"" I am starting to wonder when later is and should I cancel my subscription???",1,2,,0,388,72,spotify nearly year yesterday playlist go new playlist playlist select song app close thing official website clicke notification say go wrong try later start wonder later cancel subscription
2022-07-01 20:25:45,The app is great but now it is hard to find the song that I listen to more over all I love it I would have given it a 10/5,4,0,,1,122,30,app great hard find song listen love give 105
2022-07-02 04:35:53,The best in the universe speaking of music listening..,5,0,,1,54,9,good universe speak music listen
2022-06-15 04:42:34,"The app is great, and I love spotify, but it doesn't let me open podcasts when I'm offline even if I've downloaded said potcasts. This is really annoying, especially for long car rides or when my internet is down for a while. Please fix this.",2,0,,0,242,45,app great love spotify not let open podcast offline ve download say potcast annoying especially long car ride internet fix
2022-06-04 10:56:14,"I tried to play music and it just brings me back to my background, not even playing the music. Ive tried clearing cache and data, allowing all permissions, restarting my phone, login logout, uninstalled and reinstalled. Still cant play music. Help.",1,1,,0,248,41,try play music bring background play music ve try clear cache datum allow permission restart phone login logout uninstalle reinstall not play music help
2022-07-01 22:43:58,I can't open spotify. I've reinstalled a lot of time already and nothing.,1,1,,0,73,13,not open spotify ve reinstall lot time
2022-07-04 20:26:58,"Great music on Spotify,would recommend.",5,0,,1,39,5,great music spotifywould recommend
2022-07-06 07:01:52,"It's been glitchy lately and music skips like scratched CD. And today, when I tried opening the app, it stayed at the logo and wouldn't load. I tried uninstall and install again, restarting my phone doesn't work either.",1,1,,0,219,38,glitchy lately music skip like scratch cd today try open app stay logo not load try uninstall install restart phone not work
2022-06-29 19:25:27,"Your is broken, I can't like songs anymore please fix it",1,0,,0,56,11,break not like song anymore fix
2022-06-10 15:02:34,"Spotify is not like some other apps, if you have a good connection your music will play very good.",5,0,,1,98,19,spotify like app good connection music play good
2022-06-22 14:46:57,Only thing I use to stream any music. Had the paid for version but had to cut it as I couldn't afford it any more.,4,0,,1,114,25,thing use stream music pay version cut not afford
2022-06-02 17:10:21,Really good but I can't listing to songs on it because it plays the album the songs in.,4,0,,1,87,18,good not list song play album song
2022-06-13 05:04:45,"Sup. So I reinstalled this and now I'm aware of why I uninstalled to begin with...Well basically I work graveshift at a store, restocking etc. The store has wifi that runs just fine, but Spotify refuses to acknowledge the fact that I'm connected. That's very annoying since I like to listen to music while working. So maybe, just maybe...Fix your app? Ps ditch the ads. They don't help a mood. (EX. Listening to Juice WRLD and then some happy sunshine ad plays. Not ideal huh.)",2,1,,0,477,85,sup reinstall aware uninstalle begin withwell basically work graveshift store restock etc store wifi run fine spotify refuse acknowledge fact connected annoying like listen music work maybe maybefix app ps ditch ad not help mood ex listen juice wrld happy sunshine ad play ideal huh
2022-06-25 22:48:40,This is dumb it won't let you do anything unless you have permuim and it adds songs to my playlist that I don't want and I can't even click the song that I do want to hear and it's agrivating and annoying I can't play songs on loop unless I get premium I honestly think this app is only for people who can actually afford to listen to the music which is unfair,1,1,,0,360,73,dumb will not let permuim add song playlist not want not click song want hear agrivating annoying not play song loop premium honestly think app people actually afford listen music unfair
2022-06-09 14:14:12,"I actually like this app, no complain but i really want spotify to do some changes regarding its lyrics feature. I really like song like punjabi, k-pop, and other languages song i wish i could convert these lyrics in english and could understand the lyrics in better...all i could do is search in Google for it's lyrics which is quite troublesome...",4,0,,1,349,61,actually like app complain want spotify change lyric feature like song like punjabi kpop language song wish convert lyric english understand lyric betterall search google lyric troublesome
2022-06-21 03:25:26,Finally I can enjoy Spotify in Botswana. I'm loving it so so much. The endless music and of course the podcasts. Never a dull moment with Spotify.,5,0,,1,146,27,finally enjoy spotify botswana love endless music course podcast dull moment spotify
2022-06-06 07:43:50,THE UPDATE WAS SO HORRIBLE i cant even listen song what i want AND THE FACT THAT EVERYTIME I NEXT THE MUSIC IT ASK ME TO BUY PREMIUM WHAT ARE WE YOUR WALLET? This is so bad the last one is good not the new one so horrible and bad i cant even listen music what I wanted this is not what i want,1,0,,0,292,64,update horrible not listen song want fact everytime music ask buy premium wallet bad good new horrible bad not listen music want want
2022-07-04 05:18:48,Really good app. Can at music in the background without premium. Not much ads at all. Great app. Reccomend,5,0,,1,106,19,good app music background premium ad great app reccomend
2022-07-03 18:54:16,Awesome music but way too much ads.,5,0,,1,35,7,awesome music way ad
2022-06-15 03:41:37,Need more improvement because as time is going it is getting worst n worst i have been Spotify user for long time but finally got better options as resso for good collection of songs and wink for best quality songs,1,0,,0,214,40,need improvement time go get bad bad spotify user long time finally get well option resso good collection song wink good quality song
2022-07-06 00:02:07,"It has alot of songs of any genre, and if you pay the premium then it just gets better and better, 10/10 recommended",5,0,,1,116,23,alot song genre pay premium get well well 1010 recommend
2022-07-04 16:16:54,"The shuffle playlist has to be improved. It keeps playing almost the same song over and over again regardless of the huge amount of music I listed in the same playlist; ultimately the reason why I get bored with my favorite songs too quickly. I hope u fix this, cuz I need a shuffle option—not selective.",4,1,,1,304,56,shuffle playlist improve keep play song regardless huge music list playlist ultimately reason bored favorite song quickly hope fix cuz need shuffle optionnot selective
2022-06-04 04:34:21,"Why do i pay you money to listen to everything offline? Yet if I have an slow internet connection the app pretends that it needs service to set the sleep timer or add a song to the queue. ""Go online to see menu"" really???? Also if you think I'm going to give you any credit for FINALLY introducing swipe to queue on samsung 7 YEARS after apple think again.Massive companies can pay people use the app and verify it ACTUALLY WORKS! No acceptable exvuse for lack of functionality on a major platform.",1,0,,0,498,92,pay money listen offline slow internet connection app pretend need service set sleep timer add song queue online menu think go credit finally introduce swipe queue samsung year apple think againmassive company pay people use app verify actually work acceptable exvuse lack functionality major platform
2022-07-06 05:37:44,Very nice app to listen to your favorite artist,2,0,,0,47,9,nice app listen favorite artist
2022-06-17 09:37:58,Good app but the audio needs to be authorised,4,0,,1,45,9,good app audio need authorise
2022-05-31 22:52:22,"I'm a millennial who used to love Spotify, and still do (when used at home). But in my car, the song audio changes but the name on the screen does not. Several other people have tried to connect their Spotify and it works with Pandora, so it's definitely a Spotify problem solely on my phone but when i contacted customer service, all they could tell me was something you would tell a boomer (uninstall and reinstall the app etc, all stuff I had already tried) so basically I'm stuck with this",2,8,,0,493,91,millennial love spotify home car song audio change screen people try connect spotify work pandora definitely spotify problem solely phone contact customer service tell tell boomer uninstall reinstall app etc stuff try basically stuck
2022-06-30 17:36:06,This is not app this is life for depressed one to come out of depression,5,0,,1,72,15,app life depressed come depression
2022-07-06 02:56:07,"Since June I've been having lots of problems with my podcasts and songs suddenly I'm playing and It stops and I can't press stop the songs, this is really incovenience, please try to fix this ASAP this is really annoying.",2,0,,0,221,40,june ve have lot problem podcast song suddenly play stop not press stop song incovenience try fix asap annoying
2022-06-07 13:28:42,Has been super glitchy and slow in the last month. Considering cancelling my subscription for pandora,1,1,,0,101,16,super glitchy slow month consider cancel subscription pandora
2022-06-17 08:08:40,giving 2 much ads,1,0,,0,17,4,give ad
2022-06-07 15:47:09,It's good the ads aren't too long,5,0,,1,33,7,good ad not long
2022-06-29 17:41:58,"Loved Spotify premium when I had it, but as soon as I couldn't afford it I was booted to free Spotify, and I never realized how absolutely awful it is. Limited skips and the inability to pick a song or make a queue is maddening. As someone with ADHD, I need this ability because I often need specific songs for certain activities. But no, that is now impossible because I am poor. Thanks for making me feel worse about it, Spotify.",2,10,,0,431,81,love spotify premium soon not afford boot free spotify realize absolutely awful limited skip inability pick song queue madden adhd need ability need specific song certain activity impossible poor thank make feel bad spotify
2022-06-22 21:49:43,I love this app because it has all my favorite songs on it.,5,0,,1,59,13,love app favorite song
2022-07-03 12:24:55,Continue to have problems with app not stopping play. App will say nothing is playing but there it is definitely playing. I have to go into settings and force stop the app. Also will do the opposite. I will open the app and can't get anything to play and will have to force stop the app. Then it seams to work for awhile.,2,0,,0,321,63,continue problem app stop play app play definitely play setting force stop app opposite open app not play force stop app seam work awhile
2022-06-18 22:17:41,Only app worth writing a review for. Almost perfect. Now provide a visualizer for Playstation and Xbox...please.,5,0,,1,112,17,app worth write review perfect provide visualizer playstation xboxplease
2022-06-02 01:46:21,Disappointed the fact i have to keep downloading my music. This kills my monthly data usage,2,0,,0,91,16,disappoint fact download music kill monthly datum usage
2022-06-09 11:48:59,"This is very good app , easy to use and can find almost every song but it can improve also...",4,0,,1,93,20,good app easy use find song improve
2022-06-30 08:42:54,What a lovely app of music heads off to this app maker or app maker team,5,0,,1,72,16,lovely app music head app maker app maker team
2022-06-20 13:57:49,I love the songs that are on Spotify,5,0,,1,36,8,love song spotify
2022-07-08 16:15:06,"Went over to amazon music, complete trash, it was like a wish purchase compared to this",5,0,,1,87,16,go amazon music complete trash like wish purchase compare
2022-06-21 23:10:37,Love the music and how it works ..absolutely favorite,5,0,,1,53,9,love music work absolutely favorite
2022-06-23 09:59:01,Too many ads,1,0,,0,12,3,ad
2022-06-10 09:11:25,Best song aap but much more ads 😶😶,5,0,,1,34,8,well song aap ad
2022-06-19 07:05:06,Super good music and really easy to figure out if u just started to use it is recommend,5,0,,1,87,18,super good music easy figure start use recommend
2022-05-30 14:11:30,Love this app!! I wouldn't chose any other music app!,5,0,,1,53,10,love app not chose music app
2022-06-14 14:49:15,Only option I have on phone for most things is shuffling but don't have that problem on other devices,4,0,,1,101,19,option phone thing shuffle not problem device
2022-06-28 09:43:39,"This app is great. I like it, the music is up to date and the quality is good as well.",5,0,,1,86,20,app great like music date quality good
2022-06-23 01:46:59,It has most the songs you want to hear great app,5,0,,1,48,11,song want hear great app
2022-07-08 07:46:11,Honestly it's the worst music app that I've ever had on my phone it plays every song except yours you bacicaly have to have premium or you can't listen to your own songs,1,0,,0,169,33,honestly bad music app ve phone play song bacicaly premium not listen song
2022-06-10 16:04:53,Been a spotify supporter since the limited Beta testing back in the late 2000s. They keep improving . So glad to be a part of the consumer family.,5,0,,1,146,28,spotify supporter limited beta testing late 2000 improve glad consumer family
2022-06-30 10:51:08,Good no glitches every song mood freshing albums and every thing that you would ever want,5,0,,1,89,16,good glitch song mood freshe album thing want
2022-07-06 05:02:42,Stopps playing playlists after just a few minutes,1,0,,0,49,8,stopp play playlist minute
2022-06-27 20:35:13,"I always cut off promos before I start having to pay, most I'll do is 9.99 for a couple months. You guys provide hate content in podcasts, so you deserve no premium users or money. Remember the customers can make or break a company. You're free to have whoever you want, but we as customers, don't have to support you anymore. Lose customers, you lose profit. Simple. You'll profit as much as Truth Social and other clown sites. That's why ya'll had to turn to shareholders. They won't help you",1,0,,0,494,90,cut promo start have pay ill 999 couple month guy provide hate content podcast deserve premium user money remember customer break company free want customer not support anymore lose customer lose profit simple ll profit truth social clown site turn shareholder will not help
2022-06-05 22:27:12,Recently tried logging back into my account on my phone but was unable to. They would not send me an email or instructions on how to reset my password. There are also way to many adds. The app plays multiple adds in a row and rarely ever gives you an option to get 30 minutes of add-free music. Went ahead and deleted the app and got Pandora.,1,9,,0,342,67,recently try log account phone unable send email instruction reset password way add app play multiple add row rarely give option 30 minute addfree music go ahead delete app get pandora
2022-06-21 15:45:49,The best ever streaming platform,5,0,,1,32,5,good stream platform
2022-06-28 20:28:11,Best Music app have come across! Getting all my favourite music and all i want! Mahn this the best no need of more already this is enough.. is good to go with. Clear sounds too. This 10/10,5,0,,1,188,37,good music app come get favourite music want mahn good need good clear sound 1010
2022-07-06 12:48:23,It works great but sometimes has some issues of quality audio.,4,3,,1,62,11,work great issue quality audio
2022-06-06 15:31:30,One of the best seamless listening experiences ever.,5,0,,1,52,8,good seamless listening experience
2022-06-12 02:55:25,Amazing variety and great quality audio track,5,0,,1,45,7,amazing variety great quality audio track
2022-07-03 09:45:45,What i know about spotify is good music just tips artist name spotify 1ina million 👏👏👏👏👏👏,5,0,,1,89,16,know spotify good music tip artist spotify 1ina million
2022-06-22 09:41:19,Making 1 star until spotify removes their own ads from podcasts. The tone shift completely ruins them.,1,0,,0,102,17,make star spotify remove ad podcast tone shift completely ruin
2022-06-14 23:43:50,Go and fix your app I can't connect to Spotify with mobile data it does not work I use an android phone and it supports dual SIM it only works on Airtel network it I try to use MTN it just show me connect to the internet very vexing I noticed it after going premium 😡 I don't even know anymore I switched my sim and I can't connect to Spotify anymore even when all other apps are using mobile data Spotify keeps on telling me to connect to the the internet I'm tired I might switch to apple music,1,1,,0,496,100,fix app not connect spotify mobile datum work use android phone support dual sim work airtel network try use mtn connect internet vexing notice go premium not know anymore switch sim not connect spotify anymore app mobile datum spotify keep tell connect internet tired switch apple music
2022-06-20 12:24:46,This is the best music stream app ever ❤,5,0,,1,40,9,good music stream app
2022-06-09 11:04:01,But in Android there are some glitches and bugs while opening some times all works well except search and shows that no song matches,5,0,,1,132,24,android glitch bug open time work search show song match
2022-06-30 15:10:54,Don't know happaned to this app but it is slow now.....to play or find a song takes forever now... it is very irritating and i seriously consider unsubscribing and quitting using it,2,0,,0,181,32,not know happaned app slow nowto play find song take forever irritate seriously consider unsubscribe quit
2022-07-05 09:25:28,"Now it stops when you open another app. Music keep randomly stopping this is on a playlist I have downloaded, also app keeps crashing AGAIN. I cancelled my premium because of the problems before. I can't see me keeping it as not much has changed, always problems",1,4,,0,262,47,stop open app music randomly stop playlist download app keep crash cancel premium problem not keep change problem
2022-06-04 20:21:34,Could have less ads but cool app,4,0,,1,32,7,ad cool app
2022-06-10 22:31:02,Spotify is the best app where u can listen 🎶 to music,5,0,,1,53,12,spotify good app listen music
2022-06-21 15:17:25,Awful i hear more ads and less songs,1,0,,0,36,8,awful hear ad song
2022-07-06 07:51:48,"The problem is just becoming more unstable Like I used to use this app and other app at same time in past it used to work better but now it's stops on one song only I don't know why it stops And I updated the version again but here again that problem and again when I search for some songs the songs be like something went wrong, no internet connection etc and all Please if this continues I will not put for any premium package more I",1,1,,0,435,87,problem unstable like use app app time past work well stop song not know stop update version problem search song song like go wrong internet connection etc continue premium package
2022-06-17 04:12:31,Best variety of good musicians... I'm overwhelmed with this experience that I choose to rate at 5 stars... Very Satisfied...,5,0,,1,124,20,good variety good musician overwhelmed experience choose rate star satisfied
2022-06-03 21:44:44,Excellent app for ALL World Music! Thank you!,5,0,,1,45,8,excellent app world music thank
2022-06-28 00:47:53,"i really enjoy Spotify music it keeps my spirit up on a daily basis,",5,0,,1,68,14,enjoy spotify music keep spirit daily basis
2022-06-18 19:36:03,"Unlimited Curated Playlist ability, artist information and fun to have similar artist recommendations made from my taste in music. I learn about new music from Spotify.",5,0,,1,168,26,unlimited curate playlist ability artist information fun similar artist recommendation taste music learn new music spotify
2022-06-30 13:14:56,"Some of my fav songs like coke studio season 9 tera woh pyar ,afreen afreen ..not available on my app...so a bit disappointed",4,0,,1,125,23,fav song like coke studio season tera woh pyar afreen afreen available appso bit disappointed
2022-06-18 07:35:54,"very good app, but if no membership you can't play the song you want to play",5,0,,1,76,16,good app membership not play song want play
2022-06-10 02:57:15,My recently played songs list is not updating... What should I do? I have a premium plan...,4,0,,1,91,17,recently play song list update premium plan
2022-06-28 05:43:30,Best free music and postcard app,5,0,,1,32,6,well free music postcard app
2022-06-08 04:42:33,Good. But too many ads😔,2,1,,0,23,5,good ad
2022-07-09 10:09:38,"This app is so good and cool i am very interested to this app i loved it so much iam listening every day and night Spotify i am full supporting this app i suggested to try this app and do fun with Spotify and I just say try Spotify try it now and and are you a army , a blink so this app is very good for you armies and blinks and today is very special day for armies this is a army day love you armies love you blinks and i am so happy to this app spotify try Spotif love you Spotify 😊😊😊😁😁😁😁",5,0,,1,492,106,app good cool interested app love iam listen day night spotify support app suggest try app fun spotify try spotify try army blink app good army blink today special day army army day love army love blink happy app spotify try spotif love spotify
2022-06-23 01:54:31,"Áreas de mejora. Es muy necesario un buscador al momento de agregar canciones a una Playlist; para los que tenemos muchísimas listas, es casi imposible encontrar una lista sin un buscador. URGENTE Improvement areas. A search engine is very necessary when adding songs to a Playlist; For those of us who have tons of lists, it's nearly impossible to find a list without a search engine. URGENT",4,0,,1,392,67,reas de mejora es muy necesario un buscador al momento de agregar cancione una playlist para los que tenemos muchsimas lista es casi imposible encontrar una lista sin un buscador urgente improvement area search engine necessary add song playlist ton list nearly impossible find list search engine urgent
2022-06-18 19:01:44,"Great selection and application. There were issues with the android auto earlier, but they have been fixed",5,0,,1,106,17,great selection application issue android auto early fix
2022-06-27 13:39:53,Best App for Listening Mp3 Songs.,5,0,,1,33,6,good app listen mp3 song
2022-06-04 19:27:29,Works great. Currently have no issues.,5,9,,1,38,6,work great currently issue
2022-06-28 23:36:09,The app provides access to various smaller artists and provides them a platform to be heard,5,0,,1,91,16,app provide access small artist provide platform hear
2022-06-06 01:29:39,🌸I can listen to all the music I like with no trouble 🌸,5,0,,1,55,13,listen music like trouble
2022-05-31 00:25:11,The new update sucks it will not let me play my music like that's the whole point of Spotify.,1,0,,0,93,19,new update suck let play music like point spotify
2022-06-28 13:31:06,Easy to use. Have had alot of fun with. Even able to put my podcast on my roku TV.,5,0,,1,82,19,easy use alot fun able podcast roku tv
2022-06-07 05:32:44,"I love the app but when I tried to create a Playlist it added songs that I didn't want, and every time I deleted them it would give me more.",2,0,,0,140,30,love app try create playlist add song not want time delete
2022-06-18 03:09:33,Wonderful there are literally all the songs in the world,5,0,,1,56,10,wonderful literally song world
2022-06-27 18:02:53,Best music app ever!!,5,0,,1,21,4,good music app
2022-06-13 14:35:24,Continuously asks me for Bluetooth permission that I don't want to give it. Give up already and stop asking me,2,0,,0,110,20,continuously ask bluetooth permission not want stop ask
2022-06-21 03:32:28,Super good love it 110/12 play when u turn phone off had it since I was 5 good love it,5,0,,1,86,20,super good love 11012 play turn phone good love
2022-06-28 11:52:27,So I have had enough of paying premium Spotify when the past 2/3 months everytime I play Spotify and then lock my phone it stops working have been through all my setting. Have been hoping that the updates that I do help but nope. Getting real sick of it,1,1,,0,253,49,pay premium spotify past 23 month everytime play spotify lock phone stop work setting hop update help nope get real sick
2022-06-28 17:09:00,I really enjoy my music. Spotify is the best App.,5,0,,1,49,10,enjoy music spotify good app
2022-07-03 06:12:39,You have to buy there stupid premium just to play a single song I literally have to go through 20 songs just to get to the one I want,1,0,,0,133,29,buy stupid premium play single song literally 20 song want
2022-06-09 23:28:07,"Its a great app, just one problem I get my internet with a satellite dish and my provider is in Singapore and New Zealand and every 2 weeks I have to change my spotify account location which screws up my download making me unable to download the podcasts properly, and I have to uninstall and reinstall spotify please fix",4,0,,1,321,59,great app problem internet satellite dish provider singapore new zealand week change spotify account location screw download make unable download podcast properly uninstall reinstall spotify fix
2022-06-09 11:51:29,There's a glitch recently where it auto skips through songs. And won't play more than 3 or 4 secs of each song. Had this app for years and it just started doing it.,1,1,,0,164,33,glitch recently auto skip song will not play sec song app year start
2022-06-17 21:15:03,Love it best music app,5,0,,1,22,5,love good music app
2022-06-29 00:59:36,Jkartel is the best artist on Spotify but he's very underrated,5,0,,1,62,11,jkartel good artist spotify underrated
2022-06-28 09:06:13,Spotify has too much ad on a single song pls fix that ad .,5,0,,1,58,14,spotify ad single song pls fix ad
2022-06-12 19:37:39,"I like all the music, but the advertisements are SUPER repetitive.... like you hear the same 3 and WAY more than you expect... not sure if it's really less than the radio.",4,0,,1,171,32,like music advertisement super repetitive like hear way expect sure radio
2022-06-08 19:01:12,In app ads is not cool for a paid app.,2,2,,0,38,10,app ad cool pay app
2022-05-31 15:42:44,I love spotify so much. There's a ton of songs and it's an overall great app. I wish spotify premium wasn't so expensive though. 10 dollers a month is quite steep for what your getting.,4,0,,1,185,35,love spotify ton song overall great app wish spotify premium not expensive 10 doller month steep get
2022-06-02 00:50:34,Every single time I try to put one song it puts another one and it doesn't let me hear that when I want and there's too many ads I can't listen to the thing I want with ads or just put a different thing that's not the song I want to listen to so I have delete the app and then that was it again but the same issue keeps happening I hope they can fix this cuz I want to listen to one song that wouldn't listen to not one that you want to put cuz for some reason,1,0,,0,460,100,single time try song put not let hear want ad not listen thing want ad different thing song want listen delete app issue keep happen hope fix cuz want listen song not listen want cuz reason
2022-06-02 06:31:41,"Easy to navigate, gives good recommendations",5,0,,1,44,6,easy navigate give good recommendation
2022-06-07 22:18:34,Broken and unstable on latest Android version. Does not function.,1,1,,0,65,10,broken unstable late android version function
2022-06-13 17:55:55,It gets irritating when you look up a song where want to play your playlist and and music you don't have on the playlist where the songia woke up doesn't play but other songs do because it's song spotify thinks You would like I am trying the 3 month Samsung trial I trial which I don't even know what it's for because it won't let me skip songs and let's we have ads And it doesn't even allow me to listen to my playlist without the songs that are added by spotify.,2,0,,0,465,92,get irritate look song want play playlist music not playlist songia wake not play song song spotify think like try month samsung trial trial not know will not let skip song let ad not allow listen playlist song add spotify
2022-06-04 10:12:03,"I have been a subscriber family for a long time, 5 star no problems, how ever just recent, I have now don't have the lyrics and some songs don't play, please get it all sorted please",2,0,,0,182,36,subscriber family long time star problem recent not lyric song not play sort
2022-07-09 11:47:09,"What's the deal here? Compared to the desktop version, this is inferior to it! Why is the ability to play any songs so bare or if not, barely free? Is there more that need to be said about this? I think I made my point clear enough!",1,0,,0,232,47,deal compare desktop version inferior ability play song bare barely free need say think point clear
2022-06-28 23:22:12,There should be just a few more free options,4,0,,1,44,9,free option
2022-06-15 01:26:00,This Is the Worse Music app ever. Spotify Before Is amazing. Now It does have shuffle and Is worser Than ads,1,0,,0,108,21,bad music app spotify amazing shuffle worse ad
2022-06-18 13:47:51,"Love everything, so easy to navigate and I always find my favorite songs 👌🏿",5,0,,1,75,14,love easy navigate find favorite song
2022-06-24 07:05:08,I chose my music and found it good,5,0,,1,34,8,choose music find good
2022-06-12 15:58:48,Do you need to describe why Spotify is the best app? There are always some issues(ads :/ ) but it's very efficient.,5,0,,1,115,22,need describe spotify good app issuesad    efficient
2022-06-20 07:59:12,Song all are good have good quality and all but even though I'm online it is showing offline and can't get songs while I'm searching and also can't get the lyrics bcs it shows offline,2,0,,0,183,35,song good good quality online show offline not song search not lyric bcs show offline
2022-06-11 21:26:59,Why is it so hard to allow you to go down the list of songs u have on phone when u can do it on other devices. Always shuffle play,2,0,,0,130,30,hard allow list song phone device shuffle play
2022-06-30 01:57:30,Allows me to play some songs that I want to listen for free and I can listen while my phone is off,5,0,,1,98,22,allow play song want listen free listen phone
2022-06-21 16:41:36,Best app execpt the advertisements.. Everything is good,4,0,,1,55,8,good app execpt advertisement good
2022-06-01 12:08:57,"best app for music and recommendations is very fabulous.. thank you team @Spotify ☺️☺️☺️,,",5,0,,1,90,14,good app music recommendation fabulous thank team spotify
2022-07-07 15:11:33,"I love this app. It helps alot and you get anything you want du music, Motivations I mean every kind of song.",5,0,,1,109,22,love app help alot want du music motivation mean kind song
2022-06-03 12:40:28,Please move the play button back in the middle.,1,0,,0,47,9,play button middle
2022-05-31 01:10:47,Too much of ad I hate this 😒,1,0,,0,28,8,ad hate
2022-06-27 14:35:51,Some of my selections are cut short after just one or two seconds,4,0,,1,65,13,selection cut short second
2022-06-16 21:05:20,Great for making playlists and listening to a wide variety of music.,5,0,,1,68,12,great make playlist listen wide variety music
2022-06-25 09:22:45,Music is the only thinfs which console me when i feel upset so spotify helps me lot,5,0,,1,83,17,music thinfs console feel upset spotify help lot
2022-06-04 12:59:23,Is the app glitching? Where is my player? How do I know what's playing next? Why do my playlists cut out before I'm done??? I thought updates were meant to improve things. Spotify you need to sort your shirt out,2,0,,0,211,40,app glitche player know play playlist cut think update mean improve thing spotify need sort shirt
2022-07-07 13:08:09,Too much ads,5,0,,1,12,3,ad
2022-06-04 09:23:13,Day to day the ads are increasing,1,0,,0,33,7,day day ad increase
2022-06-12 23:25:06,"I love all the music in here, and had a lot of choices. And i always subcribe to the premium so i can download the song that i want.",5,0,,1,132,29,love music lot choice subcribe premium download song want
2022-06-11 15:50:05,I've had this app for a few months now and I've loved it until this week it won't even let my pass the logo the screen just turns blank and logs me out.,2,0,,0,152,33,ve app month ve love week will not let pass logo screen turn blank log
2022-06-25 22:27:44,"App continuously stops when phone screen darkens on android, they are not issuing any fixes.",1,0,,0,92,15,app continuously stop phone screen darken android issue fix
2022-06-15 18:02:32,I need Spotify to add audio song search,4,0,,1,39,8,need spotify add audio song search
2022-06-01 10:38:02,New to Spotify....it's great! Thank you!,5,0,,1,40,6,new spotifyit great thank
2022-06-30 07:03:40,"I just bought premium 2 days ago and since yesterday the app just won't open. I've tried everything: force stopping the app, uninstalling then reinstalling, removing then retaining permissions. But it just stays stuck on the logo when I try to open it. I'm not having my money poured down the drain on premium for something that won't even open! Is there a way I can recover the app properly? I'm on android. Thanks.",1,0,,0,416,74,buy premium day ago yesterday app will not open ve try force stop app uninstalling reinstall remove retain permission stay stuck logo try open have money pour drain premium will not open way recover app properly android thank
2022-07-02 01:32:43,The Thunderstorm Podcast is what it is because of Spotify!! Anchor you're awesome!!!!,5,0,,1,85,13,thunderstorm podcast spotify anchor awesome
2022-06-10 05:08:00,"It's alright, it still has it's little inconveniences though",4,2,,1,60,9,alright little inconvenience
2022-06-10 16:28:23,This app was ok at first but my debit card was recently charged without my consent as I cancelled my account last year. This is absolute fraud!!! Do not get spotify!! They take money out of your account illegally!!! They even admitted that my account was cancelled and refused to return my money back!!! Unacceptable!!,1,0,,0,318,55,app ok debit card recently charge consent cancel account year absolute fraud spotify money account illegally admit account cancel refuse return money unacceptable
2022-06-05 06:05:59,"I can't literally play any song because of that one error thats keep popping up ""you are offline"" it has been like that for over 6 months now and I have tried everything update the app clear data force stop but it just won't work fix this please",1,0,,0,245,48,not literally play song error pop offline like month try update app clear datum force stop will not work fix
2022-06-10 16:31:29,"Super glitchy and frustrating I ended up cancelling my subscription and deleting the app. It never works properly anymore and I can't use it most of the time. It constantly states that it's not connected to the internet even though it is. I've tried all the ""tips"" to fix it and it still doesn't work. I even tried uninstalling and reinstalling the app but now it won't even let me log in. This app is absolutely horrible.",1,36,,0,422,77,super glitchy frustrating end cancel subscription delete app work properly anymore not use time constantly state connect internet ve try tip fix not work try uninstalle reinstall app will not let log app absolutely horrible
2022-06-06 22:44:40,Love Spotify ben using it for years I've had premium on and off when I can afford it and I love it with her without premium sometimes I just get tired of the same songs on my YouTube playlist and always go back to using Spotify,5,0,,1,227,46,love spotify ben year ve premium afford love premium tired song youtube playlist spotify
2022-07-08 00:25:57,"My go to music app, first started using it years ago because no connection was needed to hear my playlists and I have never strayed.",5,0,,1,132,25,music app start year ago connection need hear playlist stray
2022-06-20 00:08:48,"Amazing. I love it so much, it's very good quality. It has all the songs I like. Don't really have that much to say except for it's a really amazing app.",5,0,,1,153,31,amazing love good quality song like not amazing app
2022-06-04 02:01:30,"I rate a 1 because every night when I was trying to listen to calm music, Spotify keep adding other music that's not even in my Playlist which absolutely suck beacuse I don't even like the music they put in, there is not even a option to disable it. At least give us infinite skips bruh. Edit: there is a option to disable it but it doesn't even work.",1,36,,0,351,69,rate night try listen calm music spotify add music playlist absolutely suck beacuse not like music option disable infinite skip bruh edit option disable not work
2022-06-01 17:28:58,Not sure what happened but here recently it sounds like I am listening to a scratched CD. It just keeps skipping. I think the most recent upgrade screwed something up. Spotify needs to do something or it isn't worth my money anymore.,2,0,,0,233,42,sure happen recently sound like listen scratch cd keep skip think recent upgrade screw spotify need not worth money anymore
2022-06-12 09:54:06,It is the best music app,5,0,,1,24,6,good music app
2022-07-04 14:29:10,"It says ""no internet connection available"" when connected via wifi (not happening with 4g), which is very annoying because some of the content won't even try to load. However, internet connection is available.",2,14,,0,209,33,say internet connection available connect wifi happen annoying content will not try load internet connection available
2022-07-08 19:05:32,"when you search for a specific song and you press play, why does the app play a completely different song?",1,0,,0,106,20,search specific song press play app play completely different song
2022-06-19 14:30:48,Brilliant I have music all day. Either through the TV or earphones wouldn't be without it,5,0,,1,89,16,brilliant music day tv earphone not
2022-07-08 22:21:21,"Just to listen to a couple of short ads, I get to listen to, what is arguably, the greatest Live Album ever: The Allman Brothers Live at the Fillmore East. It just doesn't get any better.",5,0,,1,187,36,listen couple short ad listen arguably great live album allman brother live fillmore east not well
2022-07-05 17:45:19,This is everything I needed thank you spotify,5,0,,1,45,8,need thank spotify
2022-06-13 11:41:04,"Every time I accidently remove liked songs from the button inside the player. Please add a double check removal to that like button as well. Edit: it seems iOS has no like button at the bottom, so perhaps remove it as well for android? Sadly still the same :/",1,0,,0,259,49,time accidently remove like song button inside player add double check removal like button edit io like button remove android sadly
2022-06-18 11:18:03,This app is beast songs hearing music app,5,0,,1,41,8,app beast song hear music app
2022-07-07 01:40:18,Awesome music and video,5,0,,1,23,4,awesome music video
2022-06-29 13:20:29,Amazing! Almost every day at every hour I listen to music and Spotify gives me a lot of opportunities to keep listening my favorite jams and podcast.,5,0,,1,149,27,amazing day hour listen music spotify give lot opportunity listen favorite jam podcast
2022-06-19 23:38:54,Finding searching played a lot Travis Scott Kanye West Jay z musics highest hits Spotify has best bet VEVO utmost hard to get some played Spotify relates source finds quality ensuring listeners,5,0,,1,193,32,find search play lot travis scott kanye west jay musics high hit spotify good bet vevo utmost hard play spotify relate source find quality ensure listener
2022-06-05 22:34:09,This music is super awesome..,5,0,,1,29,5,music super awesome
2022-07-03 19:32:20,I love it because I can hear different music,5,0,,1,44,9,love hear different music
2022-06-18 06:56:12,This so amazing app and mast song,5,0,,1,33,7,amazing app mast song
2022-06-13 06:04:43,I was enjoying it until I was recently log out and had to lose all my music I had downloaded. This pissed me off.,2,0,,0,113,24,enjoy recently log lose music download piss
2022-06-10 10:08:17,I'am absolutely thrilled Spotify has the lyrics to almost every song I have downloaded so far. Now I can sing the whole song AND know what I'am singing!!! Thank you Spotify!,5,0,,1,173,31,iam absolutely thrilled spotify lyric song download far sing song know iam singing thank spotify
2022-07-08 14:52:28,I love Spotify. I can find anytjing I want to liaten to. They have any genre I want or if I want a podcast they have it!,5,0,,1,120,27,love spotify find anytjing want liaten genre want want podcast
2022-06-27 17:59:48,I love how this works. It's smooth and I know I can count on it even when I'm off line. !,5,0,,1,89,21,love work smooth know count line
2022-07-02 14:50:15,Perfect place to find music,5,0,,1,27,5,perfect place find music
2022-07-03 12:24:55,I paid for premium and am getting commercials. WHAT A SCAM!,1,0,,0,59,11,pay premium get commercial scam
2022-06-09 17:23:42,Excellent way to listen to your favorite music and learn about new ones!!,5,0,,1,73,13,excellent way listen favorite music learn new one
2022-06-21 04:33:35,It's good but THE SHUFFLING NEEDS TO STOP I CANT PLAY ONE SINGLE SONG ALONE THIS IS WHY I UNINSTALLED IT EARLIER,2,0,,0,112,22,good shuffle need stop not play single song uninstalle early
2022-06-22 12:59:24,All the music I like in one easy to navigate app,5,0,,1,48,11,music like easy navigate app
2022-06-13 23:57:33,"#WORST CUSTOMER SERVICE EVER. Spotify has gotten so big that they forgot us little people are the ones that put them in their IVORY TOWERS and GOLDEN THRONES. But they are like the STELLAR ROCKSTARS, and HUGE MOVIE STARS. They only need us little people is when its time to pocket our money.....Whats wrong with this picture????? Its a sad song.",2,1,,0,345,61,bad customer service spotify get big forget little people one ivory tower golden throne like stellar rockstar huge movie star need little people time pocket moneywhat wrong picture sad song
2022-06-24 13:27:34,"I love this app I can hear to bts songs🎧🎵, hurray! And this is jst awesome for all, but especially for armys 💜💜💜🥰❤",5,0,,1,114,23,love app hear bts song hurray jst awesome especially armys
2022-07-02 12:59:44,Very good all the music you want,5,0,,1,32,7,good music want
2022-06-13 15:07:25,Glad to have spotify,4,0,,1,20,4,glad spotify
2022-07-05 17:08:09,"Lol. Idk why did I bother to came here. The app doesn't work at all. It just show the logo, no matter how long I try to wait, and that's it. I can't even log in to my account. Tried to uninstall and reinstall for several times but it's just useless.",1,28,,0,249,51,lol idk bother come app not work logo matter long try wait not log account try uninstall reinstall time useless
2022-06-23 06:49:58,"Bro if your gonna increase the ad in between the music, and irritating people your gonna lose a lot of people. One add between 5-6 songs is okay and done. 2-3 ads btw 1-2 song is crusome. I love Spotify, so don't compel people into premium or else they will go in search of other music apps with free and less ad",2,0,,0,312,62,bro go to increase ad music irritate people go to lose lot people add 56 song okay 23 ad btw 12 song crusome love spotify not compel people premium search music app free ad
2022-07-07 08:01:24,"Had to reinstall the app as it won't let me download songs, I'm on premium. Now the new installation won't even open. Nothing but issues ever since it updated. Please fix.",1,0,,0,171,31,reinstall app will not let download song premium new installation will not open issue update fix
2022-06-07 04:48:57,Love it. I can find whatever I want 99% of the time,5,0,,1,51,12,love find want 99 time
2022-06-07 20:52:09,"Ok i wanna talk about 3 things 1.The anti hack system is EXTREMELY weak it's very easy to hack it's premium, i've been using this for almost a year and im still to this day not banned or anything 2.There are way too much difference with the payed and free now i know im not the only one who thinks this can't download music, Can't listen to a music without getting 3 ads, can't CHOOSE the music you like who made this app EA ? 3.i can't hear some music like :i can't beat airman or dolphin in town...",1,0,,0,500,99,ok wanna talk thing 1the anti hack system extremely weak easy hack premium ve year day ban 2there way difference payed free know think not download music not listen music get ad not choose music like app ea 3i not hear music like not beat airman dolphin town
2022-07-06 17:08:19,I like it. Its easy to use.,5,0,,1,27,7,like easy use
2022-06-21 11:49:47,Absolutely worst app ever. If you don't have premium like this time around i couldn't take the premium. This app will show ads right after one song or sometimes in the middle that too 2 ads 30secs each continuously. This is too much now. Can't tolerate this nonsense anymore. Better to switch to some other music app.,1,0,,0,317,57,absolutely bad app not premium like time not premium app ad right song middle ad 30secs continuously not tolerate nonsense anymore well switch music app
2022-06-28 15:20:38,This app is good for listening but this app can't allow another app with listening so please fix this problem for make your app better thank you,5,0,,1,144,27,app good listen app not allow app listen fix problem app well thank
2022-06-30 01:46:45,I have been using Spotify for 3 years .It's wonderful.,5,0,,1,54,10,spotify year wonderful
2022-06-21 15:56:16,Nice app but please remove the ads without premium,5,0,,1,50,9,nice app remove ad premium
2022-07-06 17:24:00,Totally unusable since last update. Tried troubleshooting for days now....still getting nothing. Very frustrating Spotify and Samsung Galaxy A20!!,1,0,,0,146,19,totally unusable update try troubleshoot day nowstill get frustrating spotify samsung galaxy a20
2022-06-26 23:05:27,"It asks me if i want to watch a short add for 30min of ""un interutpped"" listening i watch the add and 2 songs later i get another add.",1,2,,0,134,29,ask want watch short add 30min un interutppe listen watch add song later add
2022-07-05 22:49:01,Whenever I open the app and numerous times while using it I get a message that I should turn on Bluetooth. I know Bluetooth is off. I turned it off. There are no Bluetooth devices where I am. It has become so annoying that I am looking for an alternative,2,0,,0,254,50,open app numerous time message turn bluetooth know bluetooth turn bluetooth device annoying look alternative
2022-06-17 06:24:32,"I cannot see what I am playing at the moment, as soon as I hit play the playing controls does not appear. Once I restart the phone is back to normal but after I stop listening for a while the problem is back again.",1,0,,0,214,44,play moment soon hit play playing control appear restart phone normal stop listen problem
2022-07-03 15:44:23,"Too many ads, I understand that if I don't have premium I will need to see ads but there are too many! I already learned the Disney plus ad and I had no intention in learning it!",1,3,,0,178,37,ad understand not premium need ad learn disney plus ad intention learn
2022-06-19 23:38:08,Listening to 2 songs = hearing 7 ads,1,1,,0,36,8,listen song hear ad
2022-07-05 12:10:47,"The app keeps crashing, songs disappear, had to make new accounts cause it wouldn't let me sign in even if I changed the password and now it just won't open. I'm done, peace out!",1,0,,0,178,34,app keep crash song disappear new account cause not let sign change password will not open peace
2022-06-09 22:36:45,The music for you is actually good and picks put similar artists to what you listen to.,5,0,,1,87,17,music actually good pick similar artist listen
2022-06-04 19:37:30,Constantly crashing whenever I play any song....😤,2,1,,0,49,7,constantly crash play song
2022-06-10 09:48:31,Hello! I have been using spotify for atleast 3 years! It was my favourite app but now with the update it really confuses me. I do not know how to play a song from my library without using the suffle play. Can someone help me please ?,4,0,,1,233,47,hello spotify atleast year favourite app update confuse know play song library suffle play help
2022-07-03 06:20:33,I wish I didn't have to use data whenever I wanted to listen to all my songs at once,4,0,,1,84,19,wish not use datum want listen song
2022-06-07 00:55:31,Been a subscriber for years. Don't ever plan on leaving. Team Spotify!!!!?,5,0,,1,74,12,subscriber year not plan leave team spotify
2022-06-13 21:26:17,"I have been using Spotify for years now but suddenly the app started giving me problems. It takes eternity to load the home page and playlist, after hitting play it won't play. It been very frustrating. I have a lot of playlist in there and I am not able to assess or play them.",1,2,,0,278,54,spotify year suddenly app start give problem take eternity load home page playlist hit play will not play frustrating lot playlist able assess play
2022-07-07 15:12:02,I've always liked Spotify and how it adjusts to my music tastes and changes. The sele tion of available artists and songs is also awesome.,5,0,,1,138,25,ve like spotify adjust music taste change sele tion available artist song awesome
2022-06-28 13:03:59,The Spotify app is very user friendly and the Google Assistant incorporation makes it very easy to play my favourite music wherever I am.,5,1,,1,137,24,spotify app user friendly google assistant incorporation make easy play favourite music
2022-06-27 21:43:18,"I love Spotify. Its the best thing ever. But suddenly out of nowhere my volume is all screwed up. Its ONLY spotify. YouTube, facebook, etc works fine, but spotify just sounds horrible and the volume is so low even when i have it turned all the way up :(",5,0,,1,253,49,love spotify good thing suddenly volume screw spotify youtube facebook etc work fine spotify sound horrible volume low turn way
2022-05-31 14:35:31,"Uninstalling the app just because of the Chand Baliyan ad, highky irritating !!!!",1,0,,0,81,13,uninstalle app chand baliyan ad highky irritate
2022-06-23 13:12:56,this app would be amazing if it weren't for how many adds there are for non premium users its actually so bad i get 7 adds in a row sometimes in-between songs and the same add sometimes plays again straight after it was already played for some reason they are so frequent too and they always use the same exact adds for weeks on end and having to listen to those things so many times a day when i just want to listen to music is driving me insane i literally know them all word for word now,2,0,,0,490,98,app amazing not add non premium user actually bad add row inbetween song add play straight play reason frequent use exact add week end have listen thing time day want listen music drive insane literally know word word
2022-07-09 03:15:54,"I love this app but I wish we could have the option to turn off the ""we added"" part of MY playlist I'm don't want to listen to some random German song I can't understand when I'm trying to cry myself to sleep with really sad songs.",4,0,,1,231,47,love app wish option turn add playlist not want listen random german song not understand try cry sleep sad song
2022-06-29 19:18:59,I like the quality of songs,5,0,,1,27,6,like quality song
2022-05-30 13:34:07,"Don't know what happened to my Spotify but everytime i open the app and play the music it always crashed. I already uninstall and install it, still not working.",1,0,,0,160,29,not know happen spotify everytime open app play music crash uninstall install work
2022-06-28 16:29:05,It's just amazing. Better than apple music.,5,0,,1,43,7,amazing well apple music
2022-07-04 17:12:26,Great variety of music.,5,0,,1,23,4,great variety music
2022-06-13 03:36:45,Awesome selection always available,5,1,,1,34,4,awesome selection available
2022-06-28 13:49:50,Used to love this but can't even use it now. It doesn't play anything anymore. Says no internet when all other apps working fine on net. All playlists are apparently now empty. I am paying for a service i can't use. NOT HAPPY AT ALL. Fix this now or lose more customers.,1,1,,0,270,52,love not use not play anymore say internet app work fine net playlist apparently pay service not use happy fix lose customer
2022-07-09 11:57:23,Good app for listening music..,5,0,,1,30,5,good app listen music
2022-06-20 11:36:28,Stop changing songs i wanna listen to this sucks so much,1,0,,0,56,11,stop change song wanna listen suck
2022-06-20 21:02:10,All is good but ads are disturbing while listening songs either all are good in this App and have all songs,5,0,,1,107,21,good ad disturb listen song good app song
2022-07-02 04:36:35,"I lost all of my Playlists and I can't figure out how to retrieve them. My everyday phone has my music but my phone that just have Spotify, no music. But both phone are on the same account.",1,0,,0,189,38,lose playlist not figure retrieve everyday phone music phone spotify music phone account
2022-06-14 14:32:36,Just want to say I loved the app at first but now it locked me out of all my downloads my library a my liked songs my artist that I download and it's not playing any music now I just want to know what's going on?,1,2,,0,212,46,want love app lock download library liked song artist download play music want know go
2022-06-25 18:25:01,The best music streaming service I've seen. And I've used most of 'em.,5,0,,1,70,13,good music streaming service ve see ve em
2022-06-16 22:28:51,"During the birthing throes of the interweb, their was a music algorithym that would tantalize the soul with sounds close to your liking based on the least prompting frim the user. Alas, as moon landing equipment has also become too complex for this now, 126 years later, an arcane and worfully incompetent modern technology couldnt dare venture a decent musical guess. At $13.99. A month. Jesus its trash.",1,13,,0,405,68,birth throe interweb music algorithym tantalize soul sound close liking base prompt frim user alas moon landing equipment complex 126 year later arcane worfully incompetent modern technology not dare venture decent musical guess 1399 month jesus trash
2022-06-22 15:20:19,Good Music Sound Quality,5,0,,1,24,4,good music sound quality
2022-06-12 10:34:02,"Music is great, good mixture",5,0,,1,28,5,music great good mixture
2022-06-09 06:22:56,"* navigation between the various screens within the app makes sense * when i click on a song to play from the search results, the list stays on there for me so i could select something else to play if i wanted to - it doesn't disappear or take me elsewhere * continues to work in background and while screen is turned off * my phone is fossil old and yet it works on it, isn't slow, doesn't consume much battery! * auto-plays interesting, relevant music based on the track i start off with",5,4,,1,489,94,navigation screen app make sense click song play search result list stay select play want not disappear continue work background screen turn phone fossil old work not slow not consume battery autoplay interesting relevant music base track start
2022-06-24 06:36:52,Good platform. I love it,5,0,,1,24,5,good platform love
2022-06-22 17:40:19,Good app. Very impressed with it,5,0,,1,32,6,good app impressed
2022-07-01 20:59:39,I was having a great experience but near a year ago the app shut down so I had to reinstall it . I couldn't login into my ID even though every information was correct . I had to make new account and soon as I made it I was logged off . Now I'm using the Chrome version of it. Hoping the bugs can be fixed!,1,1,,0,305,66,have great experience near year ago app shut reinstall not login information correct new account soon log chrome version hop bug fix
2022-06-07 20:29:13,"I love that it plays without have to burn through my battery life, and i can listen to it with my screen off",5,0,,1,108,23,love play burn battery life listen screen
2022-06-28 10:44:06,Cannot properly play filter saved songs.,4,1,,1,40,6,properly play filter save song
2022-06-26 10:13:24,Music the universal language at my fingertips. Spotify is the backtrack to my visual Mindscapes,5,0,,1,95,15,music universal language fingertip spotify backtrack visual mindscape
2022-06-26 16:19:46,Good music and easy to find,5,0,,1,27,6,good music easy find
2022-06-28 22:23:15,I can listen to all my fav songs And podcasts,5,0,,1,45,10,listen fav song podcast
2022-07-02 07:31:47,Brilliant ap - have the paid for version. The free one is difficult to use as the songs don't play in order. But the paid for ap is fantastic.,5,0,,1,142,29,brilliant ap pay version free difficult use song not play order pay ap fantastic
2022-06-14 18:45:08,It's good on mobile as long as you have premium.,5,0,,1,48,10,good mobile long premium
2022-06-30 13:03:22,Can't log into my account that I want to cancel subscription,2,0,,0,60,11,not log account want cancel subscription
2022-06-27 06:45:14,"Great music quality, very polished and smooth app and is easy on the eyes! ALSO MAKE PODCASTS LIKE ABLE AND REPEATABLE!!! Other than that premium is very recommended if you can afford it.",5,14,,1,187,33,great music quality polished smooth app easy eye podcast like able repeatable premium recommend afford
2022-06-28 04:48:13,So many problems on this app.Please remove the problems..,1,0,,0,57,9,problem appplease remove problem
2022-07-03 20:21:06,"Getting adds for premium while I already have it. Podcast pausing on it's own today. When I open the app while it's playing a podcast it brings me to the home screen like nothing is playing, no bar at the bottom for what's currently playing.",1,58,,0,241,45,get add premium podcast pause today open app play podcast bring home screen like play bar currently play
2022-07-02 14:40:21,I love how when you put in a certain artist it gives you a list of songs in the same genre. Really makes it easier to look up songs and hear new ones you've never heard before 😎👍👍,5,0,,1,179,38,love certain artist give list song genre make easy look song hear new one ve hear
2022-07-08 19:26:52,Would be great if it actually worked. I'm having issues with this app at least 50% of the time.,2,0,,0,95,19,great actually work have issue app 50 time
2022-07-04 17:59:15,I like their music without ads on their premium and I like their choices and my choices and it's enjoyable why I cook because I cook for a living and it's stress relieving and the music really helps,5,0,,1,198,38,like music ad premium like choice choice enjoyable cook cook living stress relieve music help
2022-06-29 15:21:35,"Best music streaming app I have used. **After a few years, I still agree. I used Pandora, and have access to it free w/ TMobile, have used IHeart and others. My experience w/ Spotify does not falter.",5,0,,1,199,37,good music stream app year agree pandora access free tmobile iheart experience spotify falter
2022-06-26 20:54:18,Very excited about music choices,5,0,,1,32,5,excited music choice
2022-06-01 11:43:21,There are lots of ads after every song to unsubscribed members.,4,0,,1,63,11,lot ad song unsubscribed member
2022-06-15 00:52:13,I honestly hate this app. Literally charged me 10.00 and I never authorized it.,1,0,,0,79,14,honestly hate app literally charge 1000 authorize
2022-07-08 18:31:37,"Once again the ""now playing"" menu is gone making it impossible to pause or resume a song or podcast without force closing and restarting the app. This is on OxygenOS 12.1",1,0,,0,170,31,play menu go make impossible pause resume song podcast force close restart app oxygeno 121
2022-06-18 07:01:02,All the music you want and more....,5,0,,1,35,7,music want
2022-06-02 14:59:15,"Love it, plus I find music I have not heard in a very long time.",5,0,,1,64,15,love plus find music hear long time
2022-06-20 21:50:36,Where ever I go if it goes to school to showering I can always listen to the song podcast and more!,5,0,,1,99,21,go school shower listen song podcast
2022-06-13 19:12:46,I pay 10 bucks a month to listen to music's that I don't own ad free. I should at least have the ability to listen on multiple devices at one time. What's the hold up on an update like this? Another idea. How about a remove from Playlist option.,2,0,,0,245,49,pay 10 buck month listen music not ad free ability listen multiple device time hold update like idea remove playlist option
2022-06-12 11:04:21,I like this app but i think you have to improve your ad system,5,0,,1,62,14,like app think improve ad system
2022-06-19 08:21:22,High quality songs and lyrics,5,0,,1,29,5,high quality song lyric
2022-06-04 03:55:15,Have the app on my phone but absolutely no music In the actual app since my last software update but still have all my playlist and can search freely on my amazon firestick app ffs,1,1,,0,180,35,app phone absolutely music actual app software update playlist search freely amazon firestick app ff
2022-06-14 04:45:55,"Absolutely perfect, always works and it's always performed for me.... Even when needing updated, and never noticed anything negative after an update.",5,0,,1,149,22,absolutely perfect work perform need update notice negative update
2022-07-05 08:24:47,"New update sucks, I hate the add to queue option when I press on a song. Just play the darn thing",1,0,,0,97,21,new update suck hate add queue option press song play darn thing
2022-06-26 19:09:05,Great music application,5,0,,1,23,3,great music application
2022-06-10 08:49:00,"very good, but sometimes bugs out when switching between default and car mode",4,0,,1,77,13,good bug switch default car mode
2022-06-17 16:57:15,Always good and easy to use,5,0,,1,27,6,good easy use
2022-06-14 13:11:59,I hate that it starts up automatically and stays on in the background and choose up your battery even when you don't want it on,1,0,,0,127,25,hate start automatically stay background choose battery not want
2022-06-14 13:20:11,From which day I have download this app Spotify from that day I am interest to listen musics and I like this App a lot thank you.,5,0,,1,129,27,day download app spotify day interest listen music like app lot thank
2022-06-11 19:10:55,Last update broke downloaded offline music on my Galaxy Watch 4. Well tested.,1,1,,0,77,13,update break download offline music galaxy watch test
2022-05-31 12:50:32,"I've been using Spotify for more than 6 years now. But after this new update, Everytime I play the music it will auto close and goes to home screen and not be able to played music in my phone, i am frustrated. I've tried to log out log in, uninstalled and install it back nothing able to make it play again. This happens after i updated spotify.",1,221,,0,345,67,ve spotify year new update everytime play music auto close go home screen able played music phone frustrate ve try log log uninstalled install able play happen update spotify
2022-06-29 16:37:24,On playstation ads freeze up the app and it has to be restarted once a week of not more. On my phone I have to force close the app or else it will stay open in the background.,2,0,,0,175,38,playstation ad freeze app restart week phone force close app stay open background
2022-06-09 11:51:18,Songs are not able to play even after updating the latest version,5,0,,1,65,12,song able play update late version
2022-07-03 11:10:42,"It was fine until that auto shuffle happened, if i try to play from my liked Playlist, it plays songs that I never heard before. It won't let me play other songs without it being in playlist shuffle either. It would be fine if that wasn't added, Let people enjoy listening to the music they like and not have to pay for premium to stop that auto shuffle.",1,5,,0,354,68,fine auto shuffle happen try play liked playlist play song hear will not let play song playlist shuffle fine not add let people enjoy listen music like pay premium stop auto shuffle
2022-06-23 00:11:38,"I don't like how to made it uninteresting to be honest, Why can't I repeat the current song anymore? And why can't I play the full song? Why is it all review?",1,0,,0,158,32,not like unintereste honest not repeat current song anymore not play song review
2022-06-22 14:48:24,I've enjoyed varieties of music from the app.,4,0,,1,45,8,ve enjoy variety music app
2022-06-08 05:40:22,This app is very good for music than other apps but it doesn't feature lyrics for some english songs. They have to add fast.,4,0,,1,124,24,app good music app not feature lyric english song add fast
2022-07-02 01:19:17,Deleted. Started auto playing weird stuff. Turned off all auto play buttons but clearly not enough. There are better apps,1,0,,0,121,20,delete start auto playing weird stuff turn auto play button clearly well app
2022-06-28 14:22:29,Just ads ads and ads . Ads > music 🤮,1,0,,0,36,10,ad ad ad ad music
2022-06-09 06:19:00,Experience been great so far! Really enjoy using it...,5,0,,1,54,9,experience great far enjoy
2022-06-24 06:15:19,"I get that you need to show ads to be profitable and grow your company but the amount of ads your app is showing me is just crazy, I counted the ads last time, I was playing a playlist and after playing minimum 1 to maximum 3 songs this app showed me a 30-50 seconds ad, in other words 5-6 ads in an hour. You do realise that you're just driving me away instead of persuading me to buy the premium? Please reconsider your ad amount.",2,0,,0,432,86,need ad profitable grow company ad app show crazy count ad time play playlist play minimum maximum song app show 3050 second ad word 56 ad hour realise drive away instead persuade buy premium reconsider ad
2022-06-29 14:51:28,I've used it for years. Even without premium there aren't many ads so it's ok to listen without it.,5,0,,1,99,19,ve year premium not ad ok listen
2022-07-07 14:48:55,Bad. For some strange reason my app is not working. I switched to premium and now the app just starts and shuts. Don't know if this issue is connected with my mobile or otherwise. Looking forward to hear from the technical team of Spotify thanks..,1,1,,0,247,45,bad strange reason app work switch premium app start shut not know issue connect mobile look forward hear technical team spotify thank
2022-07-09 08:46:43,"I love Spotify, I listen more and more, music an podcasts. We have a premium account, it's worth every penny.",5,0,,1,109,20,love spotify listen music podcast premium account worth penny
2022-07-04 00:33:23,"Kept randomly pausing playing music and podcasts. Done everything to fix it but to no avail. Finally uninstalled and reinstalled the app, but can no longer access the application after that step. It remains stuck on the green logo and doesn't matter how long I wait, it stays there. I have done everything, cleared caches, forced stop, clean reinstallations, checked for updates on app and phone (Samsung s10), everything, and nothing works. Only this app has stopped working. I am a Premium user.",1,37,,0,497,83,keep randomly pausing play music podcast fix avail finally uninstalle reinstall app long access application step remain stuck green logo not matter long wait stay clear caches force stop clean reinstallation check update app phone samsung s10 work app stop work premium user
2022-06-16 03:31:34,Will not let me listen to my playlist with out adding other songs to my playlist.,1,0,,0,81,16,let listen playlist add song playlist
2022-06-19 09:44:20,"Because of so many advertisement I am uninstall this application, worst app . You are loosing number of users because of stupid advertisement. Should think about it .",1,0,,0,166,28,advertisement uninstall application bad app loose number user stupid advertisement think
2022-07-03 16:17:17,Won't play anything that I select. It just gives me a black screen. A little mad since I just paid for premium.,1,0,,0,111,22,will not play select give black screen little mad pay premium
2022-06-23 15:47:11,App is very buggy and annoying,1,0,,0,30,6,app buggy annoying
2022-06-27 09:49:57,Rubbish update app its messed up at songs on my play list no longer the same as I has. It won't play anything I click on anymore it plays what it likes even if when using a play list.,1,0,,0,183,39,rubbish update app mess song play list long will not play click anymore play like play list
2022-06-12 07:58:15,The greatest music stream app,5,0,,1,29,5,great music stream app
2022-06-28 02:37:56,"It's alright, I just don't know what to say but I know something isn't intriguing me. I don't know I think old Spotify is better 🤔",4,0,,1,130,26,alright not know know not intrigue not know think old spotify well
2022-06-25 11:24:46,Nice app for🎵🎵🎵🎵🎵🎵🎵🎵🎵🎵🎵🎧🎧🎧🎧🎧🎧🎧🎧🎧🎧🎧🎼🎼🎼🎧🎧🎧🎧🎧🎧🎧🎧 songs never seen like this app 💕💖💖💖💖💖💖💖💖💖💖💖🔥🔥🔥🔥❤️❤️❤️❤️❤️❤️❤️❤️✌️✌️✌️✌️✌️✌️✌️✌️👍👍👍👍👍👍👍,5,0,,1,132,10,nice app song see like app
2022-06-19 14:38:22,The older version are more user friendly,2,0,,0,40,7,old version user friendly
2022-07-06 00:34:22,It's a good app Just I don't like how I have to spend so much a month and only 6 skips pur hour it's should be six skips pur 30 minutes so when a add comes on we will get some skips,4,0,,1,181,42,good app not like spend month skip pur hour skip pur 30 minute add come skip
2022-06-10 12:50:37,"Its great, at least I felt it it plays songs automatically according to your interest but it need some time after using it for at least month I felt that Spotify knew what I wanted to listen",5,0,,1,190,37,great feel play song automatically accord interest need time month feel spotify know want listen
2022-07-02 00:42:58,It's definitely a good but a little problem it's has only a little skips even thought you have premium and when i make my playlist the song is short,4,0,,1,148,29,definitely good little problem little skip think premium playlist song short
2022-06-10 14:43:43,"Whenever i add songs to my playlist, i always hear other songs thats not in my playlist at all, like song that im completely unfamiliar with.",1,0,,0,141,26,add song playlist hear song playlist like song completely unfamiliar
2022-06-24 22:47:00,Awesome music app easy to use recommned it to everyone,5,0,,1,54,10,awesome music app easy use recommne
2022-06-15 04:23:44,Nice app for listening songs but please make a feature to linten music offline without prenium It also dosent uses your more network than other apps,5,0,,1,148,26,nice app listen song feature linten music offline prenium dosent use network app
2022-07-07 12:33:27,Trash podcast player. Crashed constantly mid podcast and have to close app and restart to try and finish listening. Garbage plain and simple.,1,1,,0,141,23,trash podcast player crash constantly mid podcast close app restart try finish listen garbage plain simple
2022-06-19 20:42:30,"Since the last update, my Spotify is very slow to non responsive.. I get a black screen that takes about 3 minutes then gives me a time out message..",1,1,,0,149,29,update spotify slow non responsive black screen take minute give time message
2022-06-25 09:08:24,Worst app ever!!!!!!!!! Whenever I start the song and switch to play games the music stops............. World's worst music app ever,1,0,,0,132,21,bad app start song switch play game music stop world bad music app
2022-07-02 16:06:25,If you guys can make it so I can play music from the widget and not having the app run in the background that would be awesome,4,0,,1,126,27,guy play music widget have app run background awesome
2022-06-01 05:59:28,"keeps crashing after playing a song, what a waste of money, i paid for premium so that there's no interruption while studying but this happened.",1,0,,0,144,25,keep crash play song waste money pay premium interruption study happen
2022-06-19 11:42:05,Every thing went 😎 awesome for the first few weeks but now my dongs dant play 8 they play the app closes,5,0,,1,104,22,thing go awesome week dong dant play play app close
2022-06-17 01:52:59,Its easy to use this app..i m happy with it🌝,5,0,,1,44,10,easy use appi happy
2022-07-06 07:14:31,"This app is trash, needs premium to anything 😤🙄, Can't listen to Any songs I like, always bringing me to Another song, I'm already giving credit on Streaming An Artist and you can't even let me do that!!! 👎👎👎👎👎👎👎👎",1,0,,0,213,39,app trash need premium not listen song like bring song give credit stream artist not let
2022-06-28 09:51:49,Great app. Wish I could add multiple tracks from a playlist at the same time to another playlist. It's very annoying having to do this on a pc and not on my phone.,4,0,,1,163,33,great app wish add multiple track playlist time playlist annoying have pc phone
2022-07-03 17:23:10,"I can't change the order of my playlist, also some of the lyrics are wrong and I can find all the songs that I want",4,0,,1,115,25,not change order playlist lyric wrong find song want
2022-06-12 22:25:34,"I have been pleased with Spotify, the variety of music and podcasts.",5,0,,1,68,12,pleased spotify variety music podcast
2022-06-07 04:16:40,"Since the new update, I can't actually see what song is playing in my notifications widget. I actually have to go into the app to skip or do anything. Swiping down on notifications doesn't show that Spotify is actually active",1,0,,0,225,40,new update not actually song play notification widget actually app skip swipe notification not spotify actually active
2022-06-10 23:35:44,"I loved Spotify until the most recent update. Now it's just becoming pay to listen. You can't skip through more then about 5 songs without premium and you can't choose a specific song to listen too. I'm super pissed at this update and I'm sure others are to, please fix this it's really angering me.",1,0,,0,299,55,love spotify recent update pay listen not skip song premium not choose specific song listen super piss update sure fix anger
2022-07-07 16:44:11,Works fine most of the time,4,17,,1,27,6,work fine time
2022-06-25 14:56:35,"Brilliant, can control it 9n mobile while gaming on pc can even turn volume up and down and don't have to pause game",5,0,,1,116,23,brilliant control 9n mobile game pc turn volume not pause game
2022-06-17 08:38:10,good songs that they add it is for free and I love it,5,0,,1,53,13,good song add free love
2022-06-05 01:51:45,"It's a great app and I recommend it to people, but when I try to listen to my music out of the app, it closes and I have to restart my music. I have to constantly switch between apps just to keep my music going. I don't know if it's something to do with my phone or if it's got to do with the app.",4,0,,1,297,65,great app recommend people try listen music app close restart music constantly switch app music go not know phone get app
2022-06-25 19:15:06,We really are enjoying Spotify.,5,1,,1,31,5,enjoy spotify
2022-06-27 11:30:30,Easy-to-use and huge selection,5,0,,1,30,4,easytouse huge selection
2022-06-07 04:01:54,Every day Spotify and I find more and more music,5,0,,1,48,10,day spotify find music
2022-07-08 16:56:23,Horrible interface with tons of bugs.,1,0,,0,37,6,horrible interface ton bug
2022-06-16 11:00:38,Nice songs available,5,0,,1,20,3,nice song available
2022-06-28 05:10:56,"We need a ""play last"" option to add a song in the queue. Pleeeeeeeese",5,0,,1,69,14,need play option add song queue pleeeeeeeese
2022-06-21 15:19:17,Used to be five stars. That was before the music that I'm listening to would skip or pause completely. After the recent update the music have been playing weirdly. Hopefully spotify sees this and corrects the app so the music will stop skipping/pausing while playing. Spotify needs to hurry up and fix this song skipping issue,5,0,,1,326,56,star music listen skip pause completely recent update music play weirdly hopefully spotify see correct app music stop skippingpause play spotify need hurry fix song skip issue
2022-06-06 22:40:16,"I'm tired that my account always seems to have problems, first with the payment and now with the lyrics option, and on top of that, the covers in songs looks like only pixels, what's going on?",2,0,,0,192,36,tired account problem payment lyric option cover song look like pixel go
2022-06-22 01:51:53,Spotify is THE BEST!,5,0,,1,20,4,spotify good
2022-06-12 01:22:36,I've spent over 3 hours trying to figure out how to stop shuffle play I just can't for some reason I have to listen to every song but the one I want to,1,0,,0,151,33,ve spend hour try figure stop shuffle play not reason listen song want
2022-06-16 08:27:31,I like Spotify but I am using Google podcast and audible. I cannot keep track of the podcast I was listening to on Spotify. Sorry I have to say bye to Spotify because listing to books and podcast experience sucks and I don't want to pay multiple subscriptions.,1,1,,0,260,48,like spotify google podcast audible track podcast listen spotify sorry bye spotify list book podcast experience suck not want pay multiple subscription
2022-06-30 18:27:48,"Great app, but the removal of car integration sucks. You had a feature that worked well, for tons of people, and removed it just to push your own hardware, screwing over everyone.",4,0,,1,179,32,great app removal car integration suck feature work ton people remove push hardware screw
2022-06-09 03:34:23,"Overall the app is good but it has some drawbacks which makes the user to avoid using the app. 1. I can't add a song from the search directly to the queue,whereas i should go to its album or artist to add the song to the queue 2. I can't rearrange the songs in the playlist which is the most irritating,where i should again create a new playlist",4,214,,1,345,68,overall app good drawback make user avoid app not add song search directly queuewherea album artist add song queue not rearrange song playlist irritatingwhere create new playlist
2022-06-11 17:17:45,It recomment good songs and the quatity of audio is best and when adding songs in list the app observes our type os sobgs and recommed which will make us it's the best music app i've ever saw😀💛,5,0,,1,193,38,recomment good song quatity audio good add song list app observe type os sobgs recomme good music app ve see
2022-06-01 12:41:16,The play button is now on the left side of the screen instead of the centre like every other music player in existence and there is no way to change it back.,1,1,,0,157,32,play button left screen instead centre like music player existence way change
2022-06-12 21:41:26,When i wanted to change the song it didn't put the song i wanted it to change to and tried to Reinstall but it did the same thing,4,0,,1,129,28,want change song not song want change try reinstall thing
2022-06-08 14:23:37,Easy and joyful,5,0,,1,15,3,easy joyful
2022-06-11 20:12:08,I dont use wifi on my phone so this appdoes not work!,1,0,,0,53,12,not use wifi phone appdoe work
2022-06-25 22:27:22,Spotify has always worked just fine for me just wish premium was free but hey Rome wasn't built in a day,5,0,,1,104,21,spotify work fine wish premium free hey rome not build day
2022-06-02 14:56:49,Excellent source of music and choices,5,0,,1,37,6,excellent source music choice
2022-06-17 06:19:11,"So disappointed in this app. I installed it to listen to some podcasts that are only available on Spotify. I thought since I had it I try listening to music on it. Boy was that a mistake! It will only Shuffle the playlist, it adds ""recommended"" songs in the middle of a song that's already playing & now I can only play music that I have on my phone in Spotify - the other app I was using no longer works. It will only play some of the files and not all of the files that used to play. Uninstalling.",1,3,,0,499,100,disappointed app instal listen podcast available spotify think try listen music boy mistake shuffle playlist add recommend song middle song play play music phone spotify app long work play file file play uninstalling
2022-06-20 21:32:27,Everything about Spotify Is ..SPOT ON !I Love All Kinds Of Music👍💗,5,0,,1,66,12,spotify spot love kind music
2022-06-14 21:08:42,spotify is the best music you can get my range of music i can get just download and you have it any time 100 out of a 100 any time,5,0,,1,130,30,spotify good music range music download time 100 100 time
2022-06-07 16:24:38,Its just like you need to pay for this app cause its absolutely ridiculous you can't even skip songs (only 6 per hour) half of the music you need to pay for premium to listen to it,5,1,,1,180,37,like need pay app cause absolutely ridiculous not skip song hour half music need pay premium listen
2022-07-02 14:07:16,It it too good music app during travel time .It shows rarely ads and gives good sound and many more functiona ..I loved it ..I used to enjoy very much this app ...thanks and good luck Spotify team..,5,0,,1,198,38,good music app travel time show rarely ad give good sound functiona love enjoy app thank good luck spotify team
2022-06-21 17:46:38,I would like to have the option to repeat a song as many times I want.,4,0,,1,70,16,like option repeat song time want
2022-06-10 13:55:34,Spotify is a great music steaming service the only thing I dont't like are the ads but they have to make money somehow,5,0,,1,118,23,spotify great music steam service thing dontt like ad money
2022-06-11 03:50:40,"I already paid for my Spotify premium, but where's my premium? Give me back my money!!",1,0,,0,86,16,pay spotify premium premium money
2022-06-14 11:52:32,Easy to use. Unlimited selection.,5,0,,1,33,5,easy use unlimited selection
2022-06-01 08:58:19,Best app for songs and clear sound,5,0,,1,34,7,good app song clear sound
2022-06-02 04:28:34,Best Streaming Platform!!,5,0,,1,25,3,good streaming platform
2022-06-15 01:17:40,My girlfriend just wants to listen to the same song but can't there should be a feature to where you can listen to the same song over and over again,1,0,,0,148,30,girlfriend want listen song not feature listen song
2022-06-19 05:10:27,"This app sucks DO NOT DOWNLOAD, ALSO they have this thing where if u like a song and put it in liked songs it will play other songs and u can't do anything about it because it hides the songs in ur playlist.",1,0,,0,207,43,app suck download thing like song like song play song not hide song ur playlist
2022-06-10 19:56:03,Upgraded to premium for the purpose of listening to podcasts in a group with my wife while at work and you have to send the invite for her to join the group like 10 times before it finally works. Pauses and skips a lot. Sometimes it will go back a few seconds or more and repeat things. Not impressed at all.,1,0,,0,308,61,upgrade premium purpose listen podcast group wife work send invite join group like 10 time finally work pause skip lot second repeat thing impress
2022-06-15 06:40:01,I hate the update when ever i want to play the song i want it switches to different song please fix this Spotify!,1,0,,0,113,23,hate update want play song want switch different song fix spotify
2022-07-01 17:25:58,Ive really liked spotify especially when they finally added tool songs. There my favorite band,5,0,,1,94,15,ve like spotify especially finally add tool song favorite band
2022-06-24 10:14:03,"Since I updated the application, the lyrics disappeared What happens...",5,0,,1,71,10,update application lyric disappear happen
2022-06-20 10:55:45,My gosh the auto play is turned off background battery is restricted. Music continues to start playing irregardless of whether you shut off all the abilities. Hey spotify if you want your app on my phone. How about you let me control when it's running?,1,0,,0,252,45,gosh auto play turn background battery restrict music continue start play irregardless shut ability hey spotify want app phone let control run
2022-06-10 01:20:55,Amazing! Music & Podcast App! Spend about 8 hours a day on it!,5,0,,1,62,13,amazing music podcast app spend hour day
2022-06-24 06:59:07,In advertisement there is option for downloading song. But in that app it is missing,4,0,,1,84,15,advertisement option download song app miss
2022-06-22 03:24:25,I don't mind the ads that I've grown use to. Like living near an airport; engines get annoying. But listen for the music and cancel out the rest and you'll be alright.,5,0,,1,167,32,not mind ad ve grow use like live near airport engine annoying listen music cancel rest ll alright
2022-06-18 18:09:11,it has a lot of the songs i like but there are some that aren't available (mostly anime openings and endings) but overall its great except the ads that play consecutively like 5 times in a row,4,0,,1,192,37,lot song like not available anime opening ending overall great ad play consecutively like time row
2022-06-27 05:48:04,I liked it when I first download it I could fast forward or go back in the song and when I looked at the song I could play that song now I can't even get the song that I want when I click on it I get a whole different song and there's ads now and I can't even fast order or go back and when the songs over I can't even go back to the song,1,0,,0,338,77,like download fast forward song look song play song not song want click different song ad not fast order song not song
2022-06-01 03:08:56,This app sucks cause I cant pick cetain songs I just have to shuffle it. 🤦🏻🤦🏻🤦🏻 I don't recommend getting this app.,1,0,,0,115,22,app suck cause not pick cetain song shuffle not recommend get app
2022-06-30 23:21:38,Gives great music at touch of a button,5,0,,1,38,8,give great music touch button
2022-06-07 14:53:52,"I bought premium and my downloaded videos won't play,",1,0,,0,53,9,buy premium download video will not play
2022-07-09 02:27:15,WHEN I GO TO MY MUSIC IT KEEPS PUTING MUSIC THAT I DONT KNOW AND MUSIC THAT ARE NOT IN MY PLAYLIST LIKE FIX IT,1,0,,0,110,25,music keep put music not know music playlist like fix
2022-06-27 11:56:35,The music quality is better than any music app out there overall very good experience with Spotify! :),5,0,,1,102,18,music quality well music app overall good experience spotify
2022-06-27 08:20:38,I like IT and the bass is so powerful,5,0,,1,37,9,like bass powerful
2022-06-28 15:17:42,"Quite easy, not at all what I expected. But, as they say never expect have hope.",5,0,,1,80,16,easy expect expect hope
2022-06-16 03:16:38,Without this app I don't think I would listen to music anymore. I need Spotify.,5,0,,1,79,15,app not think listen music anymore need spotify
2022-06-21 07:01:10,"The app was working fine in the past. But recently, whenever I search for a song it says ""no internet connection"" even though I have high speed connection and has no problem at all.",1,0,,0,181,34,app work fine past recently search song say internet connection high speed connection problem
2022-06-22 15:00:23,Greatest app ever for streaming songs,5,0,,1,37,6,great app stream song
2022-06-12 18:53:46,Need this feature on urgent basis - Adding a favourite is a single tap but removing it is a double tap (maybe ask confirmation before removal). Just bought PRO membership.,1,0,,0,171,30,need feature urgent basis add favourite single tap remove double tap maybe ask confirmation removal buy pro membership
2022-06-01 03:50:26,I can pick my own music and i can only play shuffle and i have never had that problem so im now going to pandora fix this spotify i want to listen to the music i pick,1,0,,0,166,37,pick music play shuffle problem go pandora fix spotify want listen music pick
2022-06-09 07:32:52,It's insane that literally anything BUT shuffle is held behind a paywall. Would rate it 0/5 if I could because this app literally just wasted my time and nothing else.,1,0,,0,167,30,insane literally shuffle hold paywall rate 05 app literally waste time
2022-06-06 14:20:24,"Just horrible. I can't skip more than 3 songs on my playlist, I can't listen to anything on my playlist without hearing some stupid songs from the same artist that was added by y'all. I don't like all songs they have, and whenever I have a song on a playlist and I TRY to play the playlist, a random song comes on. I try to search songs to listen to but whenever I click play It's a playlist. Whenever I'm searching on the songs It's still a playlist! It's stupid that I have to pay to skip a song.+",1,0,,0,499,99,horrible not skip song playlist not listen playlist hear stupid song artist add not like song song playlist try play playlist random song come try search song listen click play playlist search song playlist stupid pay skip song
2022-06-16 04:25:11,Songs collection is good really great aap/before i use wynk music/jio savan,5,0,,1,75,12,songs collection good great aapbefore use wynk musicjio savan
2022-06-12 21:39:37,"New phone and my account didn't save and or cross over, lost all my play lists.......unsatisfactory!!!",1,0,,0,102,16,new phone account not save cross lose play listsunsatisfactory
2022-07-09 13:09:56,"I had amazon premium music family package and it was good. Everyone could listen to whatever they liked on their respective alexas in their rooms by just asking to play, no problem. We now have spotify premium family and the alexa integration is poor. It just doesn't like spotify. It just stops playing all of the time , you can't play on different alexa devices at the same time just by asking. Why isn't the integration better?",1,7,,0,430,77,amazon premium music family package good listen like respective alexas room ask play problem spotify premium family alexa integration poor not like spotify stop play time not play different alexa device time ask not integration well
2022-06-20 09:17:18,Great music selection. Loved the BTS videos.,5,0,,1,44,7,great music selection love bts video
2022-06-15 16:01:12,"Spotify is not showing option to play on other devices where my account is logged in, it used to work perfectly but not anymore",2,0,,0,127,24,spotify show option play device account log work perfectly anymore
2022-06-11 20:23:02,Good with premium but they actually have to make their quality better for the users ho cannot pay premium,4,0,,1,105,19,good premium actually quality well user ho pay premium
2022-06-10 19:03:20,Its a good app I love it and idk why people are complaining about the ads,5,0,,1,73,16,good app love idk people complain ad
2022-06-19 05:53:36,"There is no option to find the hidden songs. I am not talking about "" show unplayable songs "" option . There is no spesific location or an option to find the songs if you do not remember the playlist or the song ! Rather than that this is a very much entertaining app ❤️👌",4,0,,1,271,55,option find hidden song talk unplayable song option spesific location option find song remember playlist song entertaining app
2022-06-30 04:07:03,It's ok but I wish there was an option for them to recommend music in you playlist I wish you could turn it on or off,2,0,,0,117,26,ok wish option recommend music playlist wish turn
2022-06-02 23:26:41,"I like this app, I can use it whenever I need music, but with every update, I get a step closer to uninstalling this app, I made a Playlist, and everything I try to go on there, it plays a song that isn't even on my play list, and I wish I could block singers from coming onto my list for recommended for you, because some musical artists I think sound like trash, and I can't do anything about it.",2,55,,0,398,80,like app use need music update step close uninstalle app playlist try play song not play list wish block singer come list recommend musical artist think sound like trash not
2022-06-25 13:47:58,Very smooth...and recommendations are really making my playlist amazing everyday.,5,0,,1,81,10,smoothand recommendation make playlist amazing everyday
2022-06-23 12:43:12,"I REALLY LIKE THIS APP. But when i see it again it changed, when i touched to play it the music, it play just a little but when i play it shuffle the music is full. PLEASE fix this app again to the original we always use. :) We love it.",4,0,,1,236,51,like app change touch play music play little play shuffle music fix app original use love
2022-07-04 14:57:08,Your app performance has fallen apart in the last few weeks. Regularly it forces me into offline mode now and doesn't have my full downloaded library despite being connected to working wifi. Regularly it fails mid song as well now. Sharing music is also not working across the board now. Previously everything worked and now it doesn't work well.,1,2,,0,346,59,app performance fall apart week regularly force offline mode not download library despite connect work wifi regularly fail mid song share music work board previously work not work
2022-06-02 00:08:10,Why do I pay for premium if I don't even have it. Not only that you play the song that a don't like and put twice as mucho advertisement.,1,0,,0,137,29,pay premium not play song not like twice mucho advertisement
2022-05-31 12:35:14,Whenever I open spotify and play music it stops automatically do something,1,0,,0,74,12,open spotify play music stop automatically
2022-07-03 05:11:30,Great music of the 70s and 80s,5,0,,1,30,7,great music 70 80
2022-06-13 05:12:56,"When I search up a song right and I click on it, it doesn't even play on the right song",1,0,,0,87,20,search song right click not play right song
2022-06-18 06:08:37,Excellent service good listening,5,0,,1,32,4,excellent service good listening
2022-07-06 09:45:16,Wonderful! Keeps me upbeat when I need it,5,0,,1,41,8,wonderful keep upbeat need
2022-06-13 17:57:10,"Low price a month for music ,podcasts etc...never thaught mutch of it until i got spotify .no ads and thats the BEST part no interruptions while listening to music or podcasts...alot of albums and artists. Only problem is ,its hard to find bass bossted or mixed songs because its not made by the artist .",5,0,,1,304,55,low price month music podcast etcnever thaught mutch get spotify ad good interruption listen music podcastsalot album artist problem hard find bass bosste mixed song artist
2022-06-15 07:20:36,I CANT GET INTO MY STUPID PLAYLIST AND WHEN I DO RANDOM SONGS PLAY.,1,0,,0,67,14,not stupid playlist random song play
2022-06-09 21:16:55,Great and dynamic,5,0,,1,17,3,great dynamic
2022-06-11 05:53:00,It's so good free music,5,0,,1,23,5,good free music
2022-06-23 11:06:25,Excellent n easy to access music,5,0,,1,32,6,excellent easy access music
2022-07-06 03:12:31,Great app when it works. I've tried multiple times to get it to stop playing in the background to no avail. Next option is to just delete it and cancel subscription.,2,0,,0,165,31,great app work ve try multiple time stop play background avail option delete cancel subscription
2022-06-29 19:01:15,"Accidentally deleted my old review. I have been a Premium user since day one. Last year (21) Spotify had some serious issues, but it's back on track. Spotify remains the best music streaming platform.",5,0,,1,200,34,accidentally delete old review premium user day year 21 spotify issue track spotify remain good music stream platform
2022-06-29 19:04:35,The got rid of the slide to queue song option for literally no reason,2,1,,0,69,14,get rid slide queue song option literally reason
2022-06-23 21:13:45,Why the hell Bluetooth headsets of all brands get disconnected while using this app. When will you ever rectify this? Irritating to the core,1,0,,0,140,24,hell bluetooth headset brand disconnect app rectify irritate core
2022-06-28 18:20:19,Music quality is fine ; decent but for the non premium member its going disappointing day by day .. in my first experience ads appears then after 6 songs now this is after the every 2 songs ... this is not done ... thinking for Uninstall this app ....untill the margin increases to 6 songs 😔 😟 🙁,2,0,,0,295,58,music quality fine decent non premium member go disappointing day day experience ad appear song song thinking uninstall app untill margin increase song   
2022-06-20 19:29:11,App is constantly crashing. Also constantly adds songs to my que although I turned off the song suggestion option. Make it make sense.,1,0,,0,134,23,app constantly crash constantly add song que turn song suggestion option sense
2022-06-29 23:49:06,"Long time subscription holder, I'd like to see that ability to store downloaded files on an SD card. It's consuming all my available space on my tablet",4,0,,1,151,27,long time subscription holder like ability store download file sd card consume available space tablet
2022-06-30 03:30:20,I love this app except for the fact that there are constant ads. I know that's just a way for the developers to get people to buy premium but it's just infuriating.,2,0,,0,164,32,love app fact constant ad know way developer people buy premium infuriate
2022-06-26 12:08:12,Too many ads for 20 minutes,1,0,,0,27,6,ad 20 minute
2022-07-07 11:34:13,My new favorite music platform!,5,0,,1,31,5,new favorite music platform
2022-06-15 15:21:26,Bast audio quality,5,0,,1,18,3,bast audio quality
2022-06-12 12:36:44,Excellent sound quality ❣️,5,0,,1,26,4,excellent sound quality
2022-06-17 14:33:21,I play a song that i want and it plays something else i disabled autoplay same thing i also cant even play 1 song no playlists or nothing im gojng back to youtube smh 🤦‍♂️.,1,0,,0,172,35,play song want play disable autoplay thing not play song playlist gojng youtube smh
2022-06-30 14:43:09,"Can pick music I like, don't get anything don't want",5,0,,1,52,10,pick music like not not want
2022-06-27 05:17:49,Has everything perfectly at the tip of your fingers. Why go elsewhere,4,0,,1,69,12,perfectly tip finger
2022-06-16 16:41:01,Was great until recent updates now my enhanced feature has disappeared and I can't get it back after trying everything in Spotify forum to restore it. Paying for a premium feature that I can't even use,2,0,,0,201,36,great recent update enhanced feature disappear not try spotify forum restore pay premium feature not use
2022-06-23 16:47:11,I cannot like the horror story but you can send me a horror story next time you can send me horror story so I am delete you your this app understand,5,0,,1,148,31,like horror story send horror story time send horror story delete app understand
2022-06-27 17:36:00,"Terrible experience onmy S10+. Keeps cutting out, and when it does play, the now playing widget is nowhere to be seen in-app Update: I upgraded to the Samsung S22+ and the issue persists. The pulldown widget stops functioning before the audio cuts out, and it just says ""Spotify is Trying to Play""",2,0,,0,297,52,terrible experience onmy s10 keep cut play play widget see inapp update upgrade samsung s22 issue persist pulldown widget stop function audio cut say spotify try play
2022-06-30 12:50:33,It's better than the other available music apps and I like some of the features and suggestions but it isn't Google Play Music and I miss it,4,0,,1,140,27,well available music app like feature suggestion not google play music miss
2022-06-24 20:03:15,Spotify is the BEST!!! If you don't have premium then you have limited options but when you get premium it is amazing. You can download and listen offline and play songs individually.,5,0,,1,183,32,spotify good not premium limited option premium amazing download listen offline play song individually
2022-06-18 13:28:48,It's great that you can make your own playlist,5,0,,1,46,9,great playlist
2022-06-21 19:28:57,"Only reason to download this app is the Joe Rogan Experience. Every time I use the app on my phone it crashes at least once. I have a brand new phone and this is the second phone it crashes on. It crashes so often my new phone even tells me the app ""frequently crashes should be put into deep sleep"". The app for TV does not play video........ why?",1,1,,0,348,69,reason download app joe rogan experience time use app phone crash brand new phone second phone crash crash new phone tell app frequently crash deep sleep app tv play video
2022-06-08 06:15:42,"Mine keeps stating ""no internet connection"", very annoying as I'd have to reset my phone everytime I want to stream music!",1,0,,0,122,21,keep state internet connection annoying reset phone everytime want stream music
2022-07-09 08:53:05,"I uninstalled this app because I don't have any use for it anymore and as soon as I did that, the ads for it appeared on YouTube videos Just how freaking desperate do you have to be to promote it this much Please buzz off",1,0,,0,221,45,uninstalle app not use anymore soon ad appear youtube video freaking desperate promote buzz
2022-07-01 16:57:30,"It always plays the same songs, and making playlists is extremely tedious. If you want to add more than one song by the same artist you have to search for them over and over again after each song added.",2,1,,0,202,39,play song make playlist extremely tedious want add song artist search song add
2022-06-06 01:37:13,Amazing experience. All tyoes of songs available. Love it...,5,0,,1,60,9,amazing experience tyoe song available love
2022-06-06 21:14:04,Great but sometimes my downloaded music cannot play. I hove to connect to the internet to listen sometimes,5,0,,1,106,18,great download music play hove connect internet listen
2022-06-27 13:29:12,Used for around 4 years now. This app is too good.,5,0,,1,50,11,year app good
2022-06-30 17:02:37,Why can't u just send password reset? U send to email and I only can open email in my phone. Cannot use other devices,2,0,,0,117,24,not send password reset send email open email phone use device
2022-06-23 07:39:28,Onbording is very bad user experience. Not able to login even after successful registration. Uninstalling the app as not able to use it,1,0,,0,135,23,onbording bad user experience able login successful registration uninstalle app able use
2022-06-21 14:58:24,I don't like ads in between music,1,0,,0,33,7,not like ad music
2022-06-04 00:18:29,"Great, can find most non underground music",5,0,,1,42,7,great find non underground music
2022-07-07 10:23:04,This is a best song app,5,0,,1,23,6,good song app
2022-06-28 13:20:31,"I can't even play any song I like, like fr when I pick any song and try to play It, It already has this annoying Shuffle Play Button😒",1,0,,0,133,28,not play song like like fr pick song try play annoying shuffle play button
2022-06-18 07:07:59,Too much ads i hate it,2,0,,0,22,6,ad hate
2022-06-22 07:00:42,"Its worst app because add comes after 1 or 2 songs everytime they say that buy premium for no ads but i had given 2 stars bcz it have almost all songs and we can use it while using another app , please dont give too many ads do it after 30 minutes once...",2,2,,0,255,54,bad app add come song everytime buy premium ad give star bcz song use app not ad 30 minute
2022-06-18 23:10:59,Some good old and not too old music. Nice blend of world music.,4,0,,1,63,13,good old old music nice blend world music
2022-06-04 17:54:39,Amazing experience. I am pleasantly surprised with the extensive offering.,5,0,,1,74,10,amazing experience pleasantly surprised extensive offering
2022-06-24 15:42:33,Best collection of music!!!,5,0,,1,27,4,good collection music
2022-07-09 00:34:34,Best app for streaming the latest music hands down. If you have Spotify Duo you & your parter can create your own accounts & playlist for one small price. I absolutely love Spotify. Highly recommended.,5,0,,1,201,35,good app stream late music hand spotify duo parter create account playlist small price absolutely love spotify highly recommend
2022-06-19 01:00:11,"Buggy. Put a podcast into a playlist. Download pod. Play playlist. Remove pod from playlist and from downloads. Play playlist and the ""removed"" pod still plays. Also keeps saying there is no internet when every other app on my phone connects fine. I have regularly encountered this problem for years on 3 different phones.",2,0,,0,322,54,buggy podcast playlist download pod play playlist remove pod playlist download play playlist removed pod play keep say internet app phone connect fine regularly encounter problem year different phone
2022-06-13 03:12:44,Luv it Downloaded it for special podcast by Erin Bailey...She is awesome..,5,0,,1,74,12,luv download special podcast erin baileyshe awesome
2022-06-20 10:23:26,Spotify is the best music app,5,0,,1,29,6,spotify good music app
2022-07-08 11:14:22,It gives me a different song instead of playing what I wanted.,2,0,,0,62,12,give different song instead play want
2022-06-28 09:53:21,"This app has all the song of the world but it don't have a song by Sidhu mossewala named syl :satluj , yamuna link , now it is banned but when it was released then it come on Spotify . Why?????",4,0,,1,193,41,app song world not song sidhu mossewala name syl satluj yamuna link ban release come spotify
2022-06-27 15:45:30,No other music streaming service beats Spotify ❤,5,0,,1,48,8,music streaming service beat spotify
2022-06-25 08:03:50,"All my favourite music can been played here,thanks!",5,0,,1,51,8,favourite music play herethank
2022-06-12 18:26:51,Ads. Just ads. Fix that,4,0,,1,23,5,ad ad fix
2022-07-06 08:07:39,"Worst app ever. They give songs between ads, I mean how can they even put songs between the ads , it just ruins the joyful exprience of listening to the ads. If they remove the songs I will definitely give them 5 stars.",1,0,,0,219,43,bad app song ad mean song ad ruin joyful exprience listen ad remove song definitely star
2022-06-18 18:28:04,Very*1000 nice having lots of best song,5,0,,1,39,7,very1000 nice have lot good song
2022-06-21 17:38:33,Great content terrible app. Gets stuck playing but says it's not playing so you cannot pause or play. Only way is to completely reset the app by closing it out. This happens nearly every time. Samsung S20.,2,0,,0,205,37,great content terrible app get stuck playing say play pause play way completely reset app close happen nearly time samsung s20
2022-07-06 05:53:48,"What is going on with all the bugs? Spotiy has always been wonderful until the last few months. Bugs, skips, doesn't pop up what im currently listening to, so I can't pause or stop the music without having to close the app. I'm really hoping this gets fixed and I dont have to cancel my subscription ☹️",1,4,,0,302,57,go bug spotiy wonderful month bugs skip not pop currently listen not pause stop music have close app hop get fix not cancel subscription
2022-06-19 20:11:20,Unable to play podcasts. When played app closes instantly.,1,0,,0,58,9,unable play podcast play app close instantly
2022-06-16 05:11:26,"Great, easy to find artists and new music",5,0,,1,41,8,great easy find artist new music
2022-06-23 11:51:38,I love this app but every time there is ad why and once I think to take spotify premium but then there are so many ad i will not take premium please solve this problem every one song there is ad...,4,0,,1,197,41,love app time ad think spotify premium ad premium solve problem song ad
2022-06-13 17:57:01,"Uninstalling Spotify because it automatically starts playing my call recording, even though I have never gave it any such permission.",1,0,,0,133,20,uninstalling spotify automatically start play recording give permission
2022-06-28 12:11:17,"Poor Server Performance. Number of ADs have increased, and for the rest of time the app is just ""loading"". My home WiFi is 100mbps and still the app doesn't play without buffering.",1,0,,0,180,32,poor server performance number ad increase rest time app load home wifi 100mbps app not play buffer
2022-05-31 19:25:10,I like it i would prefer it over Pandora,5,0,,1,40,9,like prefer pandora
2022-06-12 10:17:15,thia music player is amazing... it takes care of you likes and create a play list acording it just for you this job is just done here.... I have used many music player app but I didn't found this function in those app and signing in is soo easy that you just need 2-3 mins for that and also free of cost but other music app has a complicated signing in process and caust sum amount for the downloads.... there are not dislikes that you won't find in this app... So this is my favo. music app ♥️♥️♥️,5,0,,1,498,98,thia music player amazing take care like create play list acorde job music player app not find function app sign soo easy need 23 min free cost music app complicated signing process caust sum download dislike will not find app favo music app
2022-07-07 00:10:23,100% has everything!,5,0,,1,20,3,100
2022-06-13 07:09:03,A huge range of all different types of music for all ages,4,0,,1,57,12,huge range different type music age
2022-06-01 10:05:04,It doesn't even play the song I want and added on the playlist! It keeps playing recommended songs that are horrible and I'm not paying for a shtty thing like that if I can just download music. Just a money grabber app.,1,0,,0,219,42,not play song want add playlist keep play recommend song horrible pay shtty thing like download music money grabber app
2022-06-03 04:25:08,It plays music. No need to elaborate,5,0,,1,36,7,play music need elaborate
2022-06-17 02:13:30,"You get 1 star so I can tell people if your not paying for premium they forcefully make you watch ads after every single song picked , this app is a waste of time, since they've changed it!",1,0,,0,189,38,star tell people pay premium forcefully watch ad single song pick app waste time ve change
2022-06-13 02:59:45,I Trying to play a song on my liked Playlist and I'm only hearing the preview of the song I have to press the shuffle button just to listen to my music.,2,0,,0,152,32,try play song liked playlist hear preview song press shuffle button listen music
2022-05-30 17:45:33,"Awsome app, great lineup of artists and such a wide genre.",5,0,,1,58,11,awsome app great lineup artist wide genre
2022-07-08 13:19:26,"I've been using YouTube Music for 3 years but a few days ago I bought Spotify premium edition to see which one is better, To be honest Spotify has better playlists so it's a better app to find your new songs that you like but YouTube Music has a part that mixes songs for you but it changes every week so I think it's not good as Spotify is, But to be honest again YouTube Music has a better design for its app and if you won't spend money for Music application YouTube music's free edition is better",4,0,,1,500,98,ve youtube music year day ago buy spotify premium edition well honest spotify well playlist well app find new song like youtube music mix song change week think good spotify honest youtube music well design app will not spend money music application youtube musics free edition well
2022-06-07 16:29:23,"So far the was really good...but after the recent update it keeps crashing. I have tried all the possible methods (uninstalling-reinstalling, clearing cache, updating os etc). But nothing is working. I don't know why it is crashing in Android 12 ver but working fine in 11th vers ...",5,0,,1,283,48,far goodbut recent update keep crash try possible method uninstallingreinstalle clear cache update os etc work not know crash android 12 ver work fine 11th ver
2022-06-09 23:47:33,"Good Vibes, Great Selection of 🎶 music",5,0,,1,38,7,good vibe great selection music
2022-06-14 10:14:45,"I love it, sample and easy to use but sometime you should pay to get a nice service.",4,0,,1,84,18,love sample easy use pay nice service
2022-06-10 06:24:50,Terribly made and not user friendly take your time and money somewhere else,1,1,,0,75,13,terribly user friendly time money
2022-06-17 23:23:48,I love listening to my favorite songs playing in the background. I love this app that is why it deserves 5 star rating.,5,0,,1,119,23,love listen favorite song play background love app deserve star rating
2022-07-01 01:40:03,I've used this app for about a month now and I'm 99% happy with it. Every now and then there are little glitches but they are easily fixed. Much better than Amazon music!,5,0,,1,170,33,ve app month 99 happy little glitch easily fix well amazon music
2022-07-06 18:22:57,Brilliant especially on Bluetooth,5,1,,1,33,4,brilliant especially bluetooth
2022-06-22 15:15:32,"Spotify is fine except when ur a free listener. It gives u limited skips, adds random songs to your Playlist, gives u ad after ad after ad, and it just ruins the whole app. I will no longer be using spotify",1,0,,0,206,41,spotify fine ur free listener give limited skip add random song playlist give ad ad ad ruin app long spotify
2022-06-11 17:09:23,Does not let you pick a song and play it. Shoves it's own playlist on you.,1,0,,0,74,16,let pick song play shove playlist
2022-06-26 08:47:12,An amazing experience of songs on Spotify.,5,0,,1,42,7,amazing experience song spotify
2022-06-29 07:50:40,"Started off well, could listen to songs and skip songs if I wasn't wanting to listen to that one that day. Then suddenly cannot skip songs. By all means have adverts but allow songs to be skipped. Songs have emotional connections and some days you're not ready for certain songs. I think I will have to delete",1,4,,0,309,57,start listen song skip song not want listen day suddenly skip song mean advert allow song skip song emotional connection day ready certain song think delete
2022-06-16 10:01:27,Seriously... Where is the sort option? First you remove the playlist song order editing option. Now we can't even sort songs in album or artist order. change that and it'll be better,4,0,,1,182,32,seriously sort option remove playlist song order editing option not sort song album artist order change ll well
2022-06-24 08:15:38,"Love the service, using the app when i actually want to works flawlessly. but the app has 1 big issue for me. It tries to open spotify and play my local audio files when i open them outside the app. and is making it impossible to play them with the app installed. I have it set to not have permission for local files but it reads them anyways.",1,3,,0,343,68,love service app actually want work flawlessly app big issue try open spotify play local audio file open outside app make impossible play app instal set permission local file read anyways
2022-06-16 17:25:57,Simply the best online music player,5,0,,1,35,6,simply good online music player
2022-07-02 20:35:10,Easy to use and very wonderful,5,0,,1,30,6,easy use wonderful
2022-06-15 04:38:28,"Why am I not able to log in with the ""continue with Google"" option?!",5,0,,1,68,14,able log continue google option
2022-06-25 23:47:05,I have had Spotify for years and I love it. It is user friendly! I listen to podcasts on my way to work in the mornings and music at night. Best app ever!,5,0,,1,154,33,spotify year love user friendly listen podcast way work morning music night good app
2022-07-07 21:18:15,"Very spotty servers, laggy mobile and desktop apps that crash and hang with no explaination despite top tier hardware. Catalog shrinking due to political and copywrite nonsense.",1,0,,0,177,27,spotty server laggy mobile desktop app crash hang explaination despite tier hardware catalog shrink political copywrite nonsense
2022-07-07 20:57:47,Everything works and sounds great.,5,0,,1,34,5,work sound great
2022-07-06 02:50:05,Very good app.i listen to lots of music on hear,5,0,,1,47,10,good appi listen lot music hear
2022-06-25 06:33:15,It won't let me unshuffle It's annoying and unprofessional,1,0,,0,58,9,will not let unshuffle annoying unprofessional
2022-07-06 17:02:46,Just a very great app......love it and proudly recommend it too......there are ads but it's ok....np..this app has helped to overcome my sadness and also entertained me in every moment of life...,5,0,,1,195,32,great applove proudly recommend toothere ad oknpthis app help overcome sadness entertain moment life
2022-07-07 02:37:15,Spotify is the best hands down music app that is on the web I'll never use another app for my music,5,0,,1,99,21,spotify good hand music app web ill use app music
2022-07-06 21:25:41,Pausing- app is broken and keeps stopping. The pause/play/skip bar is missing. I've uninstall and reinstalled and still no difference. Time to cancel premium,1,0,,0,157,24,pausing app break keep stop pauseplayskip bar miss ve uninstall reinstalled difference time cancel premium
2022-06-01 16:13:59,You almost can't do anything without premium. Spotify really wants you to pay and give them money like bro why can't you just be like YouTube and chill,1,0,,0,151,28,not premium spotify want pay money like bro not like youtube chill
2022-06-13 10:29:44,This app contains so much ads please minimise it,5,0,,1,48,9,app contain ad minimise
2022-06-06 18:31:57,"For the love of god, add an option to disable lyrics or at least make it a button. The amount of times I try to swipe to the next song and the lyrics come sliding up is insane.",1,0,,0,176,38,love god add option disable lyric button time try swipe song lyric come slide insane
2022-06-24 03:18:20,"loving it can live with the ads so not subscring....yet! Ok subscribed, family plan. Very much worth it!",5,0,,1,104,18,love live ad subscringyet ok subscribe family plan worth
2022-06-16 02:50:35,I been on Spotify for years. Continue to build with multiple classics...,5,0,,1,72,12,spotify year continue build multiple classic
2022-06-21 04:48:57,"Bugs for months! The app is close to unusable. Unacceptable, especially for Spotify premium A podcast started playing midway through a phone call. Controls for 'currently playing' not coming up in the app. Including no sign that Spotify is playing at all. Let alone outside of it on the screen or drop down menu. Randomly stops playing music. This is a previous bug that has also been occuring in recent updates.",1,17,,0,412,71,bug month app close unusable unacceptable especially spotify premium podcast start play midway phone control currently play come app include sign spotify play let outside screen drop menu randomly stop play music previous bug occur recent update
2022-06-15 19:45:50,Worst experience ever using musical apps this app provides a lot of adds in every single song finally a journey of an 1yr comes to an end in one night bcz of hearing a adds in every single song....,1,0,,0,197,39,bad experience musical app app provide lot add single song finally journey 1yr come end night bcz hear add single song
2022-07-09 04:35:39,Easy to opporate and the pmaylist it matches up foe me r spot in what i wanted to hear. 👍👍,5,0,,1,90,20,easy opporate pmaylist match foe spot want hear
2022-06-18 13:38:18,One of the most beautiful song application another apps,5,0,,1,55,9,beautiful song application app
2022-06-03 06:15:11,Everything work smoothly since 2017 I had this,4,0,,1,46,8,work smoothly 2017
2022-07-01 18:42:08,"If I'm listening to a podcast, after playing one episode it will stop and won't load anything. It's no just paused it's just like the whole thing breaks. They always play 'suggested songs' even if I have a playlist with a ton of songs already there. Also, when I pause it, I come back and its playing again.",2,25,,0,307,58,listen podcast play episode stop will not load pause like thing break play suggest song playlist ton song pause come playing
2022-07-04 13:29:32,"Amazing quality, with all my favourite music.",5,1,,1,45,7,amazing quality favourite music
2022-06-13 11:23:21,Everything is good in this app songs to quality everything,5,0,,1,58,10,good app song quality
2022-06-28 00:03:03,"Love this app. Unfortunately the volume is too low, especially when I wear earphones. Please fix this problem!",4,0,,1,110,18,love app unfortunately volume low especially wear earphone fix problem
2022-06-25 12:13:11,"Absolute terrible update. When shuffle play is on i cannot go back to listening the song i played. And i can't even turn off shuffle play because it requires premium. Such a bad app i used past over the months. And when i go to a playlist, i cannot even play the songs. Worst update.",1,0,,0,283,55,absolute terrible update shuffle play listen song play not turn shuffle play require premium bad app past month playlist play song worst update
2022-06-25 15:23:06,Love this app all kinds of diverse 🎶 I love to hear.,5,0,,1,52,12,love app kind diverse love hear
2022-07-07 08:44:33,It randomly will play the podcast without the bar used to pause or skip so I am forced to close the app. It constantly pushes my phone's connection to my PC even though I haven't connected the device (device not even avalible when I am on PC) but yet the podcast I was last litening to gets loaded and I loose what ever music I was listening to on my PC. Don't even get me started on all the issue with Google maps app integration which makes for unsafe driving! Please contact me for more info!,2,2,,0,495,96,randomly play podcast bar pause skip force close app constantly push phone connection pc not connect device device avalible pc podcast litene get load loose music listen pc not start issue google maps app integration make unsafe drive contact info
2022-06-09 12:10:18,If i turn on gapless it will turn off back,4,0,,1,42,10,turn gapless turn
2022-06-21 05:29:18,Login doesn't work...😡 Worst login criteria not able to login even after many attempts tried all ways now going to uninstall ....worst ....time waste....😡,1,0,,0,154,24,login not work bad login criterion able login attempt try way go uninstall bad time waste
2022-06-04 02:08:37,Overwhelmed with ads with free content,1,0,,0,38,6,overwhelm ad free content
2022-07-07 23:57:22,Constant crash and video restarts. Instantly connects and plays last video to any Bluetooth device you are connected to,2,0,,0,119,19,constant crash video restart instantly connect play video bluetooth device connect
2022-06-07 20:47:25,Canvas Video not Working in India. Many International Songs Not Available to play in India. very Expensive compared to Rivals. Also Where is Spotify HIFi,1,0,,0,153,25,canvas video work india international song available play india expensive compare rival spotify hifi
2022-07-07 06:49:43,The ads are ridiculous!!! I'm a free listener and every two songs there is 5 commercials and it's dumb so I am going to stop using this app!!!!!!!!!,1,0,,0,148,28,ad ridiculous free listener song commercial dumb go stop app
2022-06-17 17:33:30,"The new update were you can only skip 6 times,it's not nice and is really annoying",2,0,,0,82,16,new update skip timesit nice annoying
2022-06-09 16:29:42,My Spotify was not working properly so I deleted it but now it is not logging and signing,1,0,,0,89,18,spotify work properly delete log sign
2022-07-07 12:54:07,"For more than a week now i an unable tobdownload Spotify app on my Samsung A51. I have been in touch with the technical department and have done all the measures one can perform to fix the issue like deleting data n cache, clearing up storage and memory uninstall and reinstall thousands of time. Spotify could not rectify the issue at all and then wanted me to participate in their service suvey.....rubbing salt over wounds...Its not free, i am paying for their service...feel cheated by spotify",1,1,,0,497,86,week unable tobdownload spotify app samsung a51 touch technical department measure perform fix issue like delete datum cache clear storage memory uninstall reinstall thousand time spotify rectify issue want participate service suveyrubbe salt woundsit free pay servicefeel cheat spotify
2022-06-27 11:05:52,"Great, love it, has majority of things I'd like to listen to.",5,0,,1,61,12,great love majority thing like listen
2022-07-05 00:51:21,"The app doesn't load in my phone, but liter version of it does and any other music player",1,0,,0,89,18,app not load phone liter version music player
2022-06-14 13:16:10,Great music experience with Spotify 🙂✨☄️,4,0,,1,40,6,great music experience spotify
2022-06-26 12:12:29,"I have been using this app from more than a year but now it has become so tough to use this app whenever I open this app it shows your are offline, there is no problem in my wifi network cause the other apps are working really good ..... whenever I try to log in to my existing account it shows that you are offline....I want you to solve this problem soonest possible Thank you ❤️",1,2,,0,381,76,app year tough use app open app show offline problem wifi network cause app work good try log exist account show offlinei want solve problem soon possible thank
2022-06-08 13:00:57,Good!! But ads are coming frequently,4,0,,1,36,6,good ad come frequently
2022-06-15 21:29:44,"Amazing music platform! However the mobile version isn't the same as the PC version. This one has more ads and you can't skip more than 6 times per hour. You also can't listen to the specific song you searched in order to make sure it's the right one without premium, you can do this on a PC without premium however, these 2 versions need to be put into parody by the developers, then I'd use It on my phone more often.. But overall, amazing.",4,454,,1,442,84,amazing music platform mobile version not pc version ad not skip time hour not listen specific song search order sure right premium pc premium version need parody developer use phone overall amazing
2022-06-03 15:26:59,"Its good and all but first of all,When u press a single song its a shuffle of other songs,i want it be be just one, second of all i cant unshuffle the Liked playlist i want to play just 1 song but it keeps recommending the others pls help",4,0,,1,238,49,good allwhen press single song shuffle songsi want second not unshuffle liked playlist want play song keep recommend pls help
2022-06-09 02:13:42,I really like the app but I have some lag issues but then again it's really good,5,0,,1,80,17,like app lag issue good
2022-06-19 01:51:45,"Wish the shuffle options was better, but great overall.",4,0,,1,55,9,wish shuffle option well great overall
2022-06-17 00:07:29,"Spotify is a really good app that you can listen to without problems, u can listen to ur favorite musics and broadcast. BUT there's always a but, the only think disturbing is that we should hsve a premium account to access good stuff. Appart of it, Spotify is a really good app love it .",4,0,,1,287,55,spotify good app listen problem listen ur favorite music broadcast think disturbing hsve premium account access good stuff appart spotify good app love
2022-05-31 07:41:50,"By far the WORST!!! music playing app ever you can only get to skip 6 songs before having to wait, you get advertisements every 3/4 songs you play, when listening to your liked songs they just throw in some random songs to listen that you've never heard before plus you can't listen to a song you've saved just by tapping on it you have to play shuffle and then go by skipping through them all until you eventually come accross the song you were looking for...would have gave this 0 stars if i could.",1,0,,0,500,94,far bad music play app skip song have wait advertisement 34 song play listen liked song throw random song listen ve hear plus not listen song ve save tap play shuffle skip eventually come accross song look forwould give star
2022-06-10 14:31:54,Crashes all the time!,1,0,,0,21,4,crash time
2022-06-18 15:56:08,"Originally I rate Spotify with 5, but I wanted to calmly go to sleep soi search for mediation sleep and I choose a recommended list... And? It cut my went to sleep with a terrible advertisement to pay for premium. I will delete all meditation list.",4,0,,1,248,46,originally rate spotify want calmly sleep soi search mediation sleep choose recommend list cut go sleep terrible advertisement pay premium delete meditation list
2022-06-12 05:01:09,You can access all music that you like,5,0,,1,38,8,access music like
2022-06-29 16:22:53,This is the best app for songs I ever had 👍,4,0,,1,43,11,good app song
2022-07-04 18:53:05,In love they make music for all the crazy music I listen to they learned I have a happy mix and depressed mix and more that helps so much.. I totally recommend this app for everyone,5,0,,1,181,36,love music crazy music listen learn happy mix depressed mix help totally recommend app
2022-06-30 10:30:43,EDIT: SOUND QUALITY STILL SUCKS.,1,1,,0,32,5,edit sound quality suck
2022-06-28 07:14:15,I have Spotify premium and its anamzing app with or without it. I love listening to my favorite songs on here. I love that I can connect it to my Alexa speaker so I can play music to go to sleep to. I love the display arrangement and the ability to follow artists. This app has so many songs and artists. Ever since I got Spotify its been the only app I use to listen to music or podcasts. Love the app!!!,5,0,,1,405,82,spotify premium anamze app love listen favorite song love connect alexa speaker play music sleep love display arrangement ability follow artist app song artist get spotify app use listen music podcast love app
2022-07-08 19:56:49,Brilliant I just love the great selection of artists and the fact you get 14 days abroad was so nice when I recently went to Spain and could chill out listening to my favourite songs and so relaxing. Thank you Spotify.,5,0,,1,218,41,brilliant love great selection artist fact 14 day abroad nice recently go spain chill listen favourite song relax thank spotify
2022-06-29 12:21:59,"Terrible android performance lately. Loss of audio, playbar constantly disappearing. Constant Bluetooth issues. Please fix this.",1,0,,0,128,16,terrible android performance lately loss audio playbar constantly disappear constant bluetooth issue fix
2022-06-19 16:43:02,Well actually I have becomed my self as a premium user and now I can enjoy it.,5,1,,1,78,17,actually become self premium user enjoy
2022-07-01 14:30:32,"Why is controlling spotify on my pc from my phone so broken now, what are we even paying for?",2,0,,0,93,19,control spotify pc phone break pay
2022-06-13 15:17:34,I hate the new update. I cant even listen to music i want. When i clicked play it always play ramdom song. What a dumb update,1,0,,0,125,26,hate new update not listen music want click play play ramdom song dumb update
2022-07-08 01:51:27,Seems like the random stopping of music has been fixed.thank you! And also people If you can accept what's included on the free spotify aspotify app just upgrade And stop complaining!!,4,4,"Hey, thanks for the report. If you haven't tried it yet, we'd suggest clearing the app's cache. Just head to Home > Settings (gear icon) > Storage > Delete cache. If that doesn't help, we’d recommend reaching out to Customer Service. Just head to support.spotify.com and search ""contact us"".",1,184,31,like random stopping music fixedthank people accept include free spotify aspotify app upgrade stop complain
2022-07-05 13:33:47,Love it. Getting all my favorites.,5,0,,1,34,6,love get favorite
2022-06-14 09:21:33,hope also for poor with minus datavoliums a enter for free music thanks maybe the time come when pure come rich than me pay a 1 euro ok so than now only thank you for get a bit free music less datavolium away free child che 11544,5,0,,1,229,47,hope poor minus datavolium enter free music thank maybe time come pure come rich pay euro ok thank bit free music datavolium away free child che 11544
2022-07-03 23:09:04,"Very good, one of the best music experience I have had.",4,0,,1,55,11,good good music experience
2022-06-18 16:34:33,"Spotify has the best selection of music with an easy to use plattform ,there always updating there criteria so your more likely to find music youve been unable to track down on other plattforns its definantly my go music app for all my listioning needs",5,0,,1,252,45,spotify good selection music easy use plattform update criterion likely find music ve unable track plattforn definantly music app listioning need
2022-05-31 05:03:01,"It will not let me listen to any music I have downloaded without wifi, very problematic sometimes it'll take my whole drive to work just to load and open a Playlist which is very frustrating,",2,0,,0,191,35,let listen music download wifi problematic ll drive work load open playlist frustrating
2022-06-30 06:44:57,"It's a good app for listening music but it's too restricting, when i play my fav song it automatically played another song which is not in my playlist.",1,0,,0,151,28,good app listen music restricting play fav song automatically play song playlist
2022-07-01 10:11:32,Im really enjoying Spotify,5,0,,1,26,4,enjoy spotify
2022-06-14 17:53:52,I think this app can make me go away with loneliness.,5,0,,1,53,11,think app away loneliness
2022-06-19 12:30:26,IIII HATE THIS APP PLEASE CLOSE THISS RIGHT NOW I CAN'T SKIP OR NEXT THE SONG AND SO MANY FREAKING ADS I HATE THIS APP 😡🤬🤬😡👍,1,1,,0,124,26,iiii hate app close right not skip song freak ad hate app
2022-07-01 10:59:45,This is very helpful when it comes to finding and listening to a good music🥰,5,0,,1,76,15,helpful come find listen good music
2022-06-16 18:19:06,even without premium the app works amazing,5,0,,1,42,7,premium app work amazing
2022-06-08 18:01:54,Spotify is always best for me,5,0,,1,29,6,spotify good
2022-06-09 21:49:24,It's free and great. But or limited on skips. I have switch to YouTube I have to listen to commercials just like Spotify but unlimited skips that's the big difference and why I listen to YouTube more than I do Spotify,5,0,,1,217,41,free great limit skip switch youtube listen commercial like spotify unlimited skip big difference listen youtube spotify
2022-07-03 05:01:05,I love all the songs it's great,5,0,,1,31,7,love song great
2022-06-09 00:26:30,Highly recommend this app! The only flaws are how many skips you get. Hope you enjoy if you decide to get it!,5,0,,1,109,22,highly recommend app flaw skip hope enjoy decide
2022-06-09 14:45:06,"Ad breaks replay when you rewind. Find it annoying when an ad interrupts the thought or sentence? Want to rewind and replay the last sentence without an ad break? Nope! The ad will play again when you play over the same point. Maybe it's intentional, but if so, why would I put up with it? Maybe it's a glitch and you'll fix it? I guess you don't test your builds before releasing them. Once again, why would I put up with it? I'm just gonna uninstall and download the raw audio.",1,115,,0,479,91,ad break replay rewind find annoying ad interrupt thought sentence want rewind replay sentence ad break nope ad play play point maybe intentional maybe glitch ll fix guess not test build release go to uninstall download raw audio
2022-06-04 04:42:37,This app is really cool cuz u can listen to MUSIC!!!!,5,0,,1,53,11,app cool cuz listen music
2022-07-01 18:46:40,"I love Spotify! I have acsess to all my favorite music 24/7 365. Theres only been one song that they didnt have. I have a huge genre. Like i tell my children, me and Spot be hanging out everyday, everywhere and any time!!❤",5,0,,1,222,43,love spotify acsess favorite music 247 365 song not huge genre like tell child spot hang everyday time
2022-06-01 15:08:50,It's the best app for songs.,5,0,,1,28,6,good app song
2022-06-17 19:29:11,It is good with or without paying for premium,5,0,,1,45,9,good pay premium
2022-06-04 17:55:17,you should probably just go with sound cloud it keeps passing music asking you to sign your family up for premium too,2,0,,0,117,22,probably sound cloud keep pass music ask sign family premium
2022-07-02 21:06:42,"Great , affordable Music app!",5,0,,1,29,5,great affordable music app
2022-06-14 20:30:27,"Wonderful music,great app",5,0,,1,25,3,wonderful musicgreat app
2022-05-31 04:05:33,100% the only acceptable music app to use,5,0,,1,41,8,100 acceptable music app use
2022-07-06 15:58:36,"why won't it let me in? it's been like this for two days, fix it.",1,1,,0,65,15,will not let like day fix
2022-06-30 23:23:01,The audio of the songs is not consistent. Some are too soft i can hardly hear.,1,0,,0,78,16,audio song consistent soft hardly hear
2022-06-16 13:20:09,I know without premium there are many ads but the fact that this is an amazing app for listening songs,5,0,,1,102,20,know premium ad fact amazing app listen song
2022-06-29 14:20:26,"Great algorithm, loving the app.",5,0,,1,32,5,great algorithm love app
2022-06-10 11:41:11,"I love it, it's the main streaming service I use for music. There's so much variety.",5,0,,1,84,16,love main streaming service use music variety
2022-06-27 19:01:40,Is a very good app is just sometimes when it say enjoy the next 30 minute add free in like 5 minutes is another add,5,0,,1,115,25,good app enjoy 30 minute add free like minute add
2022-06-24 00:24:09,"The new enhance feature is awesome, the algorithm has added so many songs I love that I never would've heard of to my playlists",5,0,,1,127,24,new enhance feature awesome algorithm add song love ve hear playlist
2022-06-30 02:26:03,Feature are very friendly quality is best,5,0,,1,41,7,feature friendly quality good
2022-06-05 09:07:23,Currently it is working very fine and even it is faster than jio Saavn. But I don't want its premium and literally it's ads are very irritating. There are three stars cause of that ads only.... Edit...it's working amazing cause I have taken its premium.,4,1,,1,253,45,currently work fine fast jio saavn not want premium literally ad irritate star cause ad editit work amazing cause take premium
2022-06-12 11:26:38,Very nice music app lisetenig old and new songs keep it up.,4,0,,1,59,12,nice music app lisetenig old new song
2022-06-18 16:51:45,This is the very good app and I am use 2 hours in a day and this is the one and only music app and the high quality music and the enjoy the non stop music in whole day buy the Spotify premium and enjoy the next update,5,0,,1,217,48,good app use hour day music app high quality music enjoy non stop music day buy spotify premium enjoy update
2022-06-25 03:18:11,"Day 1 Pandora user that made the switch late 2021 because of the presence, artist count, album count, etc. 2 stars is generous IMO due to the not-so-seamless integration from GalaxyWatch4 and ZFold3 hardware. Additionally, what makes me really want to drop this to 1-star is the same YouTube TV ad playing 4 times consecutively. Sure I could become a premium user, but I use Spotify for 4 hours a month at best. I won't be moving back to Pandora simply because I'm satisfied ""enough"". Is that enough?",2,0,,0,500,88,day pandora user switch late 2021 presence artist count album count etc star generous imo notsoseamless integration galaxywatch4 zfold3 hardware additionally make want drop 1star youtube tv ad play time consecutively sure premium user use spotify hour month good will not move pandora simply satisfied
2022-06-12 15:41:31,Spotify app is nice app . I enjoy this app.....,5,0,,1,47,10,spotify app nice app enjoy app
2022-07-06 12:48:32,half the songs are missing! not what i like to see in a paid service. Amazon music has better collection of music!,4,0,,1,114,22,half song miss like pay service amazon music well collection music
2022-06-02 22:43:25,"This is the only app I've used that constantly tells me I'm not connected to the internet when I am. I have no other problems with this with other apps so what's you're problem? Do you think I enjoy messing with my wifi all of the time because your app can't connect on its own? Also, I'm already premium so stop trying to upsell me and allowing ads on podcasts.",1,0,,0,362,70,app ve constantly tell connect internet problem app problem think enjoy mess wifi time app not connect premium stop try upsell allow ad podcast
2022-06-18 06:22:11,I love listening to playlists made by my teenage kids.,5,0,,1,54,10,love listen playlist teenage kid
2022-06-16 22:00:58,other competitors? never heard of em only know Spotify,5,0,,1,54,9,competitor hear em know spotify
2022-06-17 20:38:14,"Garbage - only plays songs NOT in my playlists, even with every conceivable setting to prevent it.",1,0,,0,98,17,garbage play song playlist conceivable setting prevent
2022-06-15 14:05:58,Spotify is my Best Friend and my Favorite Music nothing really to Change about about it,5,0,,1,87,16,spotify good friend favorite music change
2022-06-07 19:48:41,"It has music, which is nice. But premium is way too expensive for me, and the ads are broken. It will ask you if you want to watch an ad for an 'uninterrupted 30 minutes' and will play ads whether or not you agree, and then about 10 minutes worth of music it will give you another ad anyways. Not to mention how incredibly laggy the app is, I can't even tell what song is playing. And forgot using the app while it serves you three 30 second long ads in a row. Miserable experience.",1,185,,0,482,95,music nice premium way expensive ad break ask want watch ad uninterrupted 30 minute play ad agree 10 minute worth music ad anyways mention incredibly laggy app not tell song play forget app serve 30 second long ad row miserable experience
2022-06-25 02:41:03,Can only get 3sec version of the song if I want to save it to my Playlist have to download them from my PC to listen to the full songs,1,0,,0,134,30,3sec version song want save playlist download pc listen song
2022-06-18 07:52:36,This app is really amazing and I would recommend you to try it,5,0,,1,62,13,app amazing recommend try
2022-06-19 04:55:54,You guys ruined Spotify. Its awful and not what it used to be. So sad to see another American freedom taken away. Time to go back to pandora.,1,0,,0,141,28,guy ruin spotify awful sad american freedom take away time pandora
2022-07-07 17:46:30,The hell is wrong with Spotify. It always play the wrong music,1,0,,0,62,12,hell wrong spotify play wrong music
2022-06-29 20:57:53,Great app but I don't want shuffle to repeat songs in a playlist till the whole playlist has been played.,4,0,,1,105,20,great app not want shuffle repeat song playlist till playlist play
2022-06-20 19:15:04,"Works well in this build. No crashes or anything. I like the interface but it definitely could be designed better to access certain features or lists. Still, great app overall.",4,0,,1,176,30,work build crash like interface definitely design well access certain feature list great app overall
2022-05-31 23:25:20,It is becoming hard with every update to listen to songs..i used to love this app but now they are making it really difficult for regular people to listen to songs. What is the point of updating the app in the first place,1,0,,0,221,43,hard update listen songsi love app make difficult regular people listen song point update app place
2022-06-22 14:55:20,It is very good it lets me pick my music,5,0,,1,40,10,good let pick music
2022-07-03 09:34:16,I Love these access to music and freedom of selection. Your the best,5,0,,1,68,13,love access music freedom selection good
2022-07-08 09:40:02,"Easier to use than Pandora for sure, the skip limit on here is bigger too",4,0,,1,73,15,easy use pandora sure skip limit big
2022-06-05 20:08:17,"I love the playlist it creates for friends to share music, but it's very very buggy. It was adding random audio book chapters that neither of us had EVER listened to, nor had in our library. I genuinely thought someone had hacked my account and added random things! The offline mode just doesn't work. I have to turn my data on whenever I open the app until I get a podcast/downloaded music playing, then I can turn it off. Now I'm unable to search for anything online or offline 🤷🏻‍♀️",2,64,,0,485,90,love playlist create friend share music buggy add random audio book chapter listen library genuinely think hack account add random thing offline mode not work turn datum open app podcastdownloade music play turn unable search online offline
2022-06-07 03:08:47,Old previous/pause/next song design was good. Now they have shifted play button ot the bottom.,4,0,,1,94,15,old previouspausenext song design good shift play button ot
2022-07-08 20:51:18,Best music software yet,5,0,,1,23,4,good music software
2022-06-16 09:48:47,More advertisement while hearing songs,2,0,,0,38,5,advertisement hear song
2022-07-07 09:48:10,Musical lovers always like this app such an amazing 🤗❤️,5,0,,1,55,10,musical lover like app amazing
2022-06-08 22:46:38,"Why the fugk can I not disable this app from blasting every time I start my car? If I want to listen to something I will open the app. It's extremely annoying and I'm very close to canceling this service because of this issue. The disable battery feature use to work, but ever-increasing the android update it starts itself weather I want it to or not.",2,0,,0,352,66,fugk disable app blast time start car want listen open app extremely annoying close cancel service issue disable battery feature use work everincrease android update start weather want
2022-06-19 03:26:25,4 30 second ads for skipping one song? My 5 star just went to 2.,2,0,,0,64,15,30 second ad skip song star go
2022-06-10 21:53:32,"I've never had many complications with this app! It has too many functions to count, and almost has everything I search for",5,0,,1,123,22,ve complication app function count search
2022-06-05 17:03:20,Last 2 updates faulty. App can't play and keeps crashing.,1,0,,0,57,10,update faulty app not play keep crash
2022-06-19 09:44:51,It is best app to hear music.,5,0,,1,29,7,good app hear music
2022-06-09 11:54:50,"Shuffle feature is trash, can't listen to one specific song, too many ads, and too many songs not allowed to stay on the app its annoying.",2,4,,0,138,26,shuffle feature trash not listen specific song ad song allow stay app annoying
2022-06-23 18:10:19,"Well, Spotify is great as always, but the Android app has a few rough edges around Chrome Cast: 1. Disconnecting wireless headphones while casting breaks the cast, the app switchws to on device playback through the phone's speakers 2. Connecting wireless headphones while casting makes the app switch to on-device playback, I don't know why",4,0,,1,340,55,spotify great android app rough edge chrome cast disconnect wireless headphone cast break cast app switchws device playback phone speaker connect wireless headphone cast make app switch ondevice playback not know
2022-06-11 10:37:48,"Great collection, Playlist to similar interest, artist, and genre is on point !!",5,0,,1,80,13,great collection playlist similar interest artist genre point
2022-07-04 20:27:55,"Gapless playback doesn't work between end and beginning of albums, it ruins the experience of certain albums, especially Nonagon Infinity which is meant to infinity loop. Otherwise it's perfect. Also really good for learning lyrics to songs.",4,0,,1,241,37,gapless playback not work end beginning album ruin experience certain album especially nonagon infinity mean infinity loop perfect good learn lyric song
2022-06-30 05:58:08,Great human story - great interview where the interviewer draws an amazing story from Jay Gaffey - looking forward to Pt 2,5,0,,1,122,22,great human story great interview interviewer draw amazing story jay gaffey look forward pt
2022-07-06 02:19:18,The quality of music got worse when i got premium the transitions between songs slowed down and wouldn't load as fast,5,0,,1,117,21,quality music get bad get premium transition song slow not load fast
2022-07-08 12:23:08,"It's a fun app, lots of diversity options.",5,0,,1,42,8,fun app lot diversity option
2022-06-16 10:30:53,"Please, fix this😭, I can't even play a single FULL SONG, everytime I click on that particular song, it only has it's trailer or it only plays about 10 seconds of the whole song. Plus I can't play my playlist because of that shuffle button...I swear... I'm crying my balls out for not figuring how to play a song.. its- it's really really really difficult to use this app especially as a non-premium user... I'm looking forward to a better version of this app😭😭😭",2,4,,0,461,84,fix not play single song everytime click particular song trailer play 10 second song plus not play playlist shuffle buttoni swear cry ball figure play song difficult use app especially nonpremium user look forward well version app
2022-05-31 13:25:57,Songs added to my favorite list without my permission and not able to play favorites.,1,0,,0,85,15,song add favorite list permission able play favorite
2022-06-19 09:03:15,It is a very amazing app wich makes it possible to listen to all of your favorite songs with out having problems,5,0,,1,112,22,amazing app wich make possible listen favorite song have problem
2022-07-09 11:58:39,Sometimes I try and listen to a Playlist and it will play the same first song and I try to go to a different one and it goes back to the same first one... little weird.,4,0,,1,168,36,try listen playlist play song try different go little weird
2022-06-18 10:56:39,UI is just a hide and seek game for me I am using it on Redmi Note 10pro and there are no icons in app even not next track or previous track nothing i just have to guess the position and do things everything is invisible please fix this,1,0,,0,236,49,ui hide seek game redmi note 10pro icon app track previous track guess position thing invisible fix
2022-06-01 02:08:01,The variety of music is right in my wheelhouse Great app,5,0,,1,56,11,variety music right wheelhouse great app
2022-07-05 14:29:45,It's the best app for music,5,0,,1,27,6,good app music
2022-06-09 22:36:15,My phone keeps restarting everytime i open my spotify. Please help me regarding this.,1,0,,0,85,14,phone keep restart everytime open spotify help
2022-06-12 23:44:51,Great place for music and Pod cast's,5,0,,1,36,7,great place music pod cast
2022-07-02 12:27:45,"Love it , though would love more old stuff too",5,0,,1,46,10,love love old stuff
2022-06-02 17:52:43,"So toxic when on the free version, the mess with playlists, make it difficult to look at playlists and autoplays suggested songs",2,1,,0,128,22,toxic free version mess playlist difficult look playlist autoplay suggest song
2022-06-26 09:41:38,Best music streaming service ever,5,0,,1,33,5,good music streaming service
2022-06-26 20:18:47,Love the West Wing podcast it has sprawling depth.,5,0,,1,50,9,love west wing podcast sprawl depth
2022-06-27 15:17:38,I can't believe I'm still paying to hear ads during podcasts and have those podcasts randomly start over when I pause it.,2,1,,0,121,22,not believe pay hear ad podcast podcast randomly start pause
2022-07-09 07:43:03,Good audio play experience with spotify.,5,0,,1,40,6,good audio play experience spotify
2022-06-12 14:57:22,User friendly and convenient,5,0,,1,28,4,user friendly convenient
2022-07-06 21:07:31,I can't even use the app. It loads up just the symbol then sits there and goes no where idk what the problem is and none of the trouble shooting tactics are working. I've payed for premium so shouldn't I get to use the F-ing app. I would do 0 outta 5 if I could.,1,0,,0,262,55,not use app load symbol sit go idk problem trouble shoot tactic work ve pay premium not use fe app outta
2022-07-05 17:17:19,"The app has been getting more and more buggy and even with a subscription, I get pop-ups advertising in-app podcasts I have no desire to listen to.",1,0,,0,147,27,app get buggy subscription popup advertising inapp podcast desire listen
2022-06-19 06:34:06,I love Spotify!! I feel like it's very diverse with its music but sometimes the ads just get a annoying sometimes,4,0,,1,113,21,love spotify feel like diverse music ad annoying
2022-06-23 02:52:33,"They need to fix the update like soon enough. A lot of songs that aren't in my fav songs are getting in whenever I shuffle, The only way I fix it by deleting spotify and downloading again. It is a pretty good app tho.",4,0,,1,217,44,need fix update like soon lot song not fav song get shuffle way fix delete spotify download pretty good app tho
2022-06-02 13:07:21,This new update is stupid. I can only listen like a few seconds of a song make the update back to the way it was,2,0,,0,112,25,new update stupid listen like second song update way
2022-07-03 18:33:05,Love that I can find ANY song... Going down memory lane!,5,0,,1,56,11,love find song go memory lane
2022-06-05 18:10:32,"Latest update and my ""now playing"" is missing and I am unable to skip songs or see what is playing.",1,0,,0,99,20,late update play miss unable skip song play
2022-05-31 02:33:17,After update app is crashing continuously I'm unable to play music,2,1,,0,66,11,update app crash continuously unable play music
2022-07-02 22:51:05,"I use spotify on a phone and ,oh boy, it's a nightmare. First of all there's a ridiculous amount of adds,you only get six times to skip a song and it resets in an hour, and you can't pick what song you listen to, there's only shuffle.",2,0,,0,234,47,use spotify phone oh boy nightmare ridiculous addsyou time skip song reset hour not pick song listen shuffle
2022-07-08 09:25:51,"Nice apps, but too expensive to get the premium",4,0,,1,47,9,nice app expensive premium
2022-06-21 15:29:12,"Good selection but has playback issues, regularly cuts out for a few seconds for no reason at all",2,0,,0,97,18,good selection playback issue regularly cut second reason
2022-07-03 06:57:45,"""Offline Mode"" is the biggest useless feature ever. I might actually cancel my Spotify acct over the amount of times I've tried to listen to my DOWNLOADED music while away from data service and CANT. HOW USELESS.",1,1,,0,212,37,offline mode big useless feature actually cancel spotify acct time ve try listen download music away data service not useless
2022-06-26 09:45:36,"😋: I like a lot! | • Proposal Allow 😋: Share ""My Library"" 😋: Share "" My Favorite song list"" 😋: Share ""My Favorite users"" "" My Favorite users list"" Share share The Share option should be handy for easier use. Thank you! 😋: How to find a user's lists in Spotify. 😋: And how do you find a user or lists of other users so you can listen to lists from them ... 😋: Or it doesn't work to see the lists from other users ... 😋: Share ""My Favorite users"" "" My Favorite users list""...",5,0,,1,473,97,like lot    proposal allow share library share favorite song list share favorite user favorite user list share share share option handy easy use thank find user list spotify find user list user listen list    not work list user    share favorite user favorite user list
2022-06-04 10:50:33,Why my Spotify is been stopped. After opening the app after selecting the song apps gets closed automatically.,1,0,,0,110,18,spotify stop open app select song app get close automatically
